failure_id,ci_tool,language,failure_stage,failure_type,error_type,error_message,stack_trace_summary,log_excerpt,model_input_text,is_flaky_test,root_cause_label
RCA_01225,GitLab CI,Java,test,Permission Error,TimeoutError,TimeoutError: waiting for element 'button.save' exceeded 10 seconds,src/test/java/com/demo/OrderServiceTest.java line 82,FAILED src/test/java/com/demo/OrderServiceTest.java::test_process_order - UI locator or wait condition is unstable | additional context: retry attempted; cache restored; environment variables loaded; exit code 1,test | Permission Error | TimeoutError | TimeoutError: waiting for element 'button.save' exceeded 10 seconds | src/test/java/com/demo/OrderServiceTest.java line 82 | FAILED src/test/java/com/demo/OrderServiceTest.java::test_process_order - UI locator or wait condition is unstable | additional context: retry attempted; cache restored; environment variables loaded; exit code 1,FALSE,application_defect
RCA_00101,GitHub Actions,NodeJS,test,Resource Exhaustion,DNSResolutionError,Temporary failure in name resolution for host 'api.example.com',urllib3/connection.py line 72,Max retries exceeded because DNS resolution failed,test | Resource Exhaustion | DNSResolutionError | Temporary failure in name resolution for host 'api.example.com' | urllib3/connection.py line 72 | Max retries exceeded because DNS resolution failed,FALSE,network_issue
RCA_01083,GitHub Actions,Java,deploy,Deployment Failure,DNSResolutionError,Temporary failure in name resolution for host 'auth.service.local',urllib3/connection.py line 24,Max retries exceeded because DNS resolution failed,deploy | Deployment Failure | DNSResolutionError | Temporary failure in name resolution for host 'auth.service.local' | urllib3/connection.py line 24 | Max retries exceeded because DNS resolution failed,FALSE,network_issue
RCA_00722,Azure DevOps,Java,test,Dependency Error,AssertionError,AssertionError: assert 180 == 190,src/test/java/com/demo/UserServiceTest.java line 106,FAILED src/test/java/com/demo/UserServiceTest.java::test_apply_discount - expected value in test appears outdated,test | Dependency Error | AssertionError | AssertionError: assert 180 == 190 | src/test/java/com/demo/UserServiceTest.java line 106 | FAILED src/test/java/com/demo/UserServiceTest.java::test_apply_discount - expected value in test appears outdated,TRUE,test_script_issue
RCA_00366,Jenkins,Python,deploy,Dependency Error,NameError,NameError: name 'respnse' is not defined,app/payment_service.py line 115 in process_order,FAILED tests/test_calculator.py::test_deploy_health - undefined variable raised from application code,deploy | Dependency Error | NameError | NameError: name 'respnse' is not defined | app/payment_service.py line 115 in process_order | FAILED tests/test_calculator.py::test_deploy_health - undefined variable raised from application code,TRUE,application_defect
RCA_00354,Azure DevOps,Python,build,Resource Exhaustion,NameError,NameError: name 'usr_id' is not defined,app/calculator.py line 97 in process_order,FAILED tests/test_order_service.py::test_apply_discount - undefined variable raised from application code,build | Resource Exhaustion | NameError | NameError: name 'usr_id' is not defined | app/calculator.py line 97 in process_order | FAILED tests/test_order_service.py::test_apply_discount - undefined variable raised from application code,TRUE,application_defect
RCA_00418,Jenkins,Go,test,Deployment Failure,ImagePullBackOff,ImagePullBackOff: failed to pull image 'registry.internal/order-api:1.2.0',kubernetes/deploy.yaml line 139,Deployment failed because container image could not be pulled,test | Deployment Failure | ImagePullBackOff | ImagePullBackOff: failed to pull image 'registry.internal/order-api:1.2.0' | kubernetes/deploy.yaml line 139 | Deployment failed because container image could not be pulled,FALSE,deployment_issue
RCA_00495,Azure DevOps,Java,test,Resource Exhaustion,FileNotFoundError,FileNotFoundError: config/test_config.json not found,app/config.py line 113,Configuration file path does not exist in CI environment,test | Resource Exhaustion | FileNotFoundError | FileNotFoundError: config/test_config.json not found | app/config.py line 113 | Configuration file path does not exist in CI environment,FALSE,environment_config_issue
RCA_00721,GitLab CI,C++,test,Network Error,AssertionError,AssertionError: expected status 200 but got 500,src/user_service.cpp line 109 in validate_payment,FAILED tests/test_user_service.cpp::test_deploy_health - application returned internal server error,test | Network Error | AssertionError | AssertionError: expected status 200 but got 500 | src/user_service.cpp line 109 in validate_payment | FAILED tests/test_user_service.cpp::test_deploy_health - application returned internal server error,TRUE,application_defect
RCA_00394,CircleCI,NodeJS,build,Network Error,AssertionError,AssertionError: expected status 200 but got 500,src/routes/api.js line 30 in create_user,FAILED tests/orderService.test.js::test_process_order - application returned internal server error,build | Network Error | AssertionError | AssertionError: expected status 200 but got 500 | src/routes/api.js line 30 in create_user | FAILED tests/orderService.test.js::test_process_order - application returned internal server error,TRUE,application_defect
RCA_00059,GitLab CI,Java,deploy,Deployment Failure,ModuleNotFoundError,ModuleNotFoundError: No module named 'numpy',src/test/java/com/demo/UserServiceTest.java line 112,ImportError while importing test module because dependency numpy is missing | additional context: retry attempted; cache restored; environment variables loaded; exit code 1,deploy | Deployment Failure | ModuleNotFoundError | ModuleNotFoundError: No module named 'numpy' | src/test/java/com/demo/UserServiceTest.java line 112 | ImportError while importing test module because dependency numpy is missing | additional context: retry attempted; cache restored; environment variables loaded; exit code 1,FALSE,dependency_issue
RCA_01254,GitHub Actions,C++,test,Permission Error,KeyError,KeyError: 'DATABASE_URL',app/config.py line 64 in load_config,Missing environment variable in CI runner | additional context: retry attempted; cache restored; environment variables loaded; exit code 1,test | Permission Error | KeyError | KeyError: 'DATABASE_URL' | app/config.py line 64 in load_config | Missing environment variable in CI runner | additional context: retry attempted; cache restored; environment variables loaded; exit code 1,FALSE,environment_config_issue
RCA_00574,GitLab CI,Java,build,Test Failure,TimeoutError,TimeoutError: waiting for element '#checkout-confirm' exceeded 10 seconds,src/test/java/com/demo/UserServiceTest.java line 5,FAILED src/test/java/com/demo/UserServiceTest.java::test_process_order - UI locator or wait condition is unstable,build | Test Failure | TimeoutError | TimeoutError: waiting for element '#checkout-confirm' exceeded 10 seconds | src/test/java/com/demo/UserServiceTest.java line 5 | FAILED src/test/java/com/demo/UserServiceTest.java::test_process_order - UI locator or wait condition is unstable,TRUE,application_defect
RCA_00329,GitLab CI,Java,build,Network Error,SyntaxError,SyntaxError: invalid syntax near 'return',src/main/java/com/demo/PaymentService.java line 133,ERROR collecting src/test/java/com/demo/OrderServiceTest.java::test_deploy_health - syntax error in source file,build | Network Error | SyntaxError | SyntaxError: invalid syntax near 'return' | src/main/java/com/demo/PaymentService.java line 133 | ERROR collecting src/test/java/com/demo/OrderServiceTest.java::test_deploy_health - syntax error in source file,FALSE,application_defect
RCA_00609,CircleCI,Java,deploy,Dependency Error,ImagePullBackOff,ImagePullBackOff: failed to pull image 'ghcr.io/org/payment-service:sha-1234',kubernetes/deploy.yaml line 12,Deployment failed because container image could not be pulled,deploy | Dependency Error | ImagePullBackOff | ImagePullBackOff: failed to pull image 'ghcr.io/org/payment-service:sha-1234' | kubernetes/deploy.yaml line 12 | Deployment failed because container image could not be pulled,FALSE,deployment_issue
RCA_00937,CircleCI,C++,test,Timeout,TimeoutError,TimeoutError: waiting for element '.user-row' exceeded 10 seconds,tests/test_order_service.cpp line 29,FAILED tests/test_order_service.cpp::test_api_response - UI locator or wait condition is unstable,test | Timeout | TimeoutError | TimeoutError: waiting for element '.user-row' exceeded 10 seconds | tests/test_order_service.cpp line 29 | FAILED tests/test_order_service.cpp::test_api_response - UI locator or wait condition is unstable,FALSE,test_script_issue
RCA_00974,GitLab CI,Go,build,Network Error,ModuleNotFoundError,ModuleNotFoundError: No module named 'pytest',internal/service/order_service_test.go line 34,ImportError while importing test module because dependency pytest is missing,build | Network Error | ModuleNotFoundError | ModuleNotFoundError: No module named 'pytest' | internal/service/order_service_test.go line 34 | ImportError while importing test module because dependency pytest is missing,FALSE,dependency_issue
RCA_01102,Azure DevOps,Python,test,Test Failure,NameError,NameError: name 'total_amunt' is not defined,app/config.py line 132 in create_user,FAILED tests/test_order_service.py::test_process_order - undefined variable raised from application code,test | Test Failure | NameError | NameError: name 'total_amunt' is not defined | app/config.py line 132 in create_user | FAILED tests/test_order_service.py::test_process_order - undefined variable raised from application code,FALSE,application_defect
RCA_01030,Azure DevOps,Python,test,Test Failure,AssertionError,AssertionError: expected status 200 but got 500,app/payment_service.py line 93 in process_order,FAILED tests/test_calculator.py::test_apply_discount - application returned internal server error,test | Test Failure | AssertionError | AssertionError: expected status 200 but got 500 | app/payment_service.py line 93 in process_order | FAILED tests/test_calculator.py::test_apply_discount - application returned internal server error,TRUE,application_defect
RCA_00435,Jenkins,Go,deploy,Network Error,FileNotFoundError,FileNotFoundError: config/test_config.json not found,app/config.py line 89,Configuration file path does not exist in CI environment,deploy | Network Error | FileNotFoundError | FileNotFoundError: config/test_config.json not found | app/config.py line 89 | Configuration file path does not exist in CI environment,FALSE,deployment_issue
RCA_00819,GitHub Actions,C++,deploy,Configuration Error,ImportError,ImportError: cannot import name 'get_user_profiles' from application module,tests/test_user_service.cpp line 42,ERROR collecting tests/test_user_service.cpp::test_apply_discount - test imports old function name,deploy | Configuration Error | ImportError | ImportError: cannot import name 'get_user_profiles' from application module | tests/test_user_service.cpp line 42 | ERROR collecting tests/test_user_service.cpp::test_apply_discount - test imports old function name,FALSE,test_script_issue
RCA_00128,Jenkins,Java,test,Network Error,AssertionError,AssertionError: assert 180 == 190,src/test/java/com/demo/OrderServiceTest.java line 44,FAILED src/test/java/com/demo/OrderServiceTest.java::test_deploy_health - expected value in test appears outdated | additional context: retry attempted; cache restored; environment variables loaded; exit code 1,test | Network Error | AssertionError | AssertionError: assert 180 == 190 | src/test/java/com/demo/OrderServiceTest.java line 44 | FAILED src/test/java/com/demo/OrderServiceTest.java::test_deploy_health - expected value in test appears outdated | additional context: retry attempted; cache restored; environment variables loaded; exit code 1,TRUE,environment_config_issue
RCA_00051,CircleCI,Python,test,Configuration Error,TimeoutError,Job exceeded maximum execution time of 600 seconds,runner/workflow.py line 8,Workflow timed out during test execution,test | Configuration Error | TimeoutError | Job exceeded maximum execution time of 600 seconds | runner/workflow.py line 8 | Workflow timed out during test execution,FALSE,infrastructure_resource_issue
RCA_00631,Azure DevOps,Go,test,Configuration Error,NameError,NameError: name 'total_amunt' is not defined,internal/service/order_service.go line 28 in get_user_profile,FAILED internal/service/order_service_test.go::test_api_response - undefined variable raised from application code,test | Configuration Error | NameError | NameError: name 'total_amunt' is not defined | internal/service/order_service.go line 28 in get_user_profile | FAILED internal/service/order_service_test.go::test_api_response - undefined variable raised from application code,FALSE,application_defect
RCA_00018,GitHub Actions,Go,deploy,Dependency Error,FixtureError,fixture 'sample_user' not found,internal/service/user_service_test.go line 19,ERROR at setup of internal/service/user_service_test.go::test_apply_discount - missing test fixture,deploy | Dependency Error | FixtureError | fixture 'sample_user' not found | internal/service/user_service_test.go line 19 | ERROR at setup of internal/service/user_service_test.go::test_apply_discount - missing test fixture,FALSE,test_script_issue
RCA_01075,GitHub Actions,Python,build,Dependency Error,AssertionError,AssertionError: expected status 200 but got 500,app/order_service.py line 75 in apply_discount,FAILED tests/test_calculator.py::test_api_response - application returned internal server error,build | Dependency Error | AssertionError | AssertionError: expected status 200 but got 500 | app/order_service.py line 75 in apply_discount | FAILED tests/test_calculator.py::test_api_response - application returned internal server error,TRUE,application_defect
RCA_00190,Azure DevOps,Java,deploy,Deployment Failure,PermissionError,PermissionError: cannot write to reports/output.json,app/report.py line 96,CI runner cannot write to report output directory | additional context: retry attempted; cache restored; environment variables loaded; exit code 1,deploy | Deployment Failure | PermissionError | PermissionError: cannot write to reports/output.json | app/report.py line 96 | CI runner cannot write to report output directory | additional context: retry attempted; cache restored; environment variables loaded; exit code 1,FALSE,deployment_issue
RCA_00535,GitHub Actions,Python,test,Resource Exhaustion,ConnectionTimeout,ConnectionTimeout: request timed out after 30 seconds,external_api_client.py line 127,External service call timed out while running tests/test_payment_service.py::test_calculate_total,test | Resource Exhaustion | ConnectionTimeout | ConnectionTimeout: request timed out after 30 seconds | external_api_client.py line 127 | External service call timed out while running tests/test_payment_service.py::test_calculate_total,TRUE,environment_config_issue
RCA_00119,GitLab CI,Python,deploy,Test Failure,ModuleNotFoundError,ModuleNotFoundError: No module named 'junit',tests/test_calculator.py line 82,ImportError while importing test module because dependency junit is missing,deploy | Test Failure | ModuleNotFoundError | ModuleNotFoundError: No module named 'junit' | tests/test_calculator.py line 82 | ImportError while importing test module because dependency junit is missing,TRUE,application_defect
RCA_01329,GitLab CI,Go,build,Resource Exhaustion,HTTPError,HTTPError: 503 Service Unavailable from upstream service,external_api_client.py line 12,External API returned 503 during internal/service/user_service_test.go::test_process_order | additional context: retry attempted; cache restored; environment variables loaded; exit code 1,build | Resource Exhaustion | HTTPError | HTTPError: 503 Service Unavailable from upstream service | external_api_client.py line 12 | External API returned 503 during internal/service/user_service_test.go::test_process_order | additional context: retry attempted; cache restored; environment variables loaded; exit code 1,TRUE,network_issue
RCA_00785,GitLab CI,Java,deploy,Permission Error,PermissionError,PermissionError: cannot write to reports/output.json,app/report.py line 80,CI runner cannot write to report output directory | additional context: retry attempted; cache restored; environment variables loaded; exit code 1,deploy | Permission Error | PermissionError | PermissionError: cannot write to reports/output.json | app/report.py line 80 | CI runner cannot write to report output directory | additional context: retry attempted; cache restored; environment variables loaded; exit code 1,FALSE,environment_config_issue
RCA_01291,GitHub Actions,NodeJS,test,Network Error,PermissionError,PermissionError: cannot write to reports/output.json,app/report.py line 108,CI runner cannot write to report output directory,test | Network Error | PermissionError | PermissionError: cannot write to reports/output.json | app/report.py line 108 | CI runner cannot write to report output directory,FALSE,environment_config_issue
RCA_00081,Azure DevOps,Go,test,Configuration Error,NameError,NameError: name 'config_pth' is not defined,cmd/api/main.go line 88 in get_user_profile,FAILED internal/service/user_service_test.go::test_calculate_total - undefined variable raised from application code,test | Configuration Error | NameError | NameError: name 'config_pth' is not defined | cmd/api/main.go line 88 in get_user_profile | FAILED internal/service/user_service_test.go::test_calculate_total - undefined variable raised from application code,TRUE,test_script_issue
RCA_00226,CircleCI,Java,build,Resource Exhaustion,SyntaxError,SyntaxError: invalid syntax near 'return',src/main/java/com/demo/UserService.java line 88,ERROR collecting src/test/java/com/demo/UserServiceTest.java::test_payment_validation - syntax error in source file | additional context: retry attempted; cache restored; environment variables loaded; exit code 1,build | Resource Exhaustion | SyntaxError | SyntaxError: invalid syntax near 'return' | src/main/java/com/demo/UserService.java line 88 | ERROR collecting src/test/java/com/demo/UserServiceTest.java::test_payment_validation - syntax error in source file | additional context: retry attempted; cache restored; environment variables loaded; exit code 1,TRUE,test_script_issue
RCA_00918,GitHub Actions,Python,build,Dependency Error,MemoryError,MemoryError: process killed because memory limit was exceeded,runner/executor.py line 14,CI job exceeded memory limit during test execution,build | Dependency Error | MemoryError | MemoryError: process killed because memory limit was exceeded | runner/executor.py line 14 | CI job exceeded memory limit during test execution,TRUE,test_script_issue
RCA_00552,GitLab CI,Rust,test,Permission Error,DependencyResolutionError,Could not resolve dependency 'lodash>=2.0.0',package_manager.py line 102,Dependency resolver failed during install step,test | Permission Error | DependencyResolutionError | Could not resolve dependency 'lodash>=2.0.0' | package_manager.py line 102 | Dependency resolver failed during install step,FALSE,dependency_issue
RCA_01258,Jenkins,Rust,deploy,Permission Error,ModuleNotFoundError,ModuleNotFoundError: No module named 'lodash',tests/user_service_test.rs line 56,ImportError while importing test module because dependency lodash is missing,deploy | Permission Error | ModuleNotFoundError | ModuleNotFoundError: No module named 'lodash' | tests/user_service_test.rs line 56 | ImportError while importing test module because dependency lodash is missing,FALSE,dependency_issue
RCA_01284,Jenkins,NodeJS,deploy,Test Failure,MemoryError,MemoryError: process killed because memory limit was exceeded,runner/executor.py line 39,CI job exceeded memory limit during test execution,deploy | Test Failure | MemoryError | MemoryError: process killed because memory limit was exceeded | runner/executor.py line 39 | CI job exceeded memory limit during test execution,FALSE,infrastructure_resource_issue
RCA_00762,GitLab CI,C++,build,Resource Exhaustion,ImportError,ImportError: cannot import name 'apply_discounts' from application module,tests/test_order_service.cpp line 121,ERROR collecting tests/test_order_service.cpp::test_payment_validation - test imports old function name,build | Resource Exhaustion | ImportError | ImportError: cannot import name 'apply_discounts' from application module | tests/test_order_service.cpp line 121 | ERROR collecting tests/test_order_service.cpp::test_payment_validation - test imports old function name,FALSE,test_script_issue
RCA_00783,GitLab CI,NodeJS,deploy,Timeout,SyntaxError,SyntaxError: invalid syntax near 'return',src/routes/api.js line 58,ERROR collecting tests/orderService.test.js::test_deploy_health - syntax error in source file,deploy | Timeout | SyntaxError | SyntaxError: invalid syntax near 'return' | src/routes/api.js line 58 | ERROR collecting tests/orderService.test.js::test_deploy_health - syntax error in source file,FALSE,application_defect
RCA_00542,GitHub Actions,Go,test,Dependency Error,DependencyResolutionError,Could not resolve dependency 'pytest>=2.0.0',package_manager.py line 120,Dependency resolver failed during install step,test | Dependency Error | DependencyResolutionError | Could not resolve dependency 'pytest>=2.0.0' | package_manager.py line 120 | Dependency resolver failed during install step,FALSE,dependency_issue
RCA_00465,Azure DevOps,Java,test,Test Failure,NameError,NameError: name 'config_pth' is not defined,src/main/java/com/demo/UserService.java line 65 in process_order,FAILED src/test/java/com/demo/OrderServiceTest.java::test_api_response - undefined variable raised from application code,test | Test Failure | NameError | NameError: name 'config_pth' is not defined | src/main/java/com/demo/UserService.java line 65 in process_order | FAILED src/test/java/com/demo/OrderServiceTest.java::test_api_response - undefined variable raised from application code,FALSE,application_defect
RCA_00491,Azure DevOps,C++,build,Configuration Error,TypeError,TypeError: unsupported operand type(s) for +: 'int' and 'str',src/user_service.cpp line 94 in process_order,FAILED tests/test_user_service.cpp::test_payment_validation - type mismatch in business logic,build | Configuration Error | TypeError | TypeError: unsupported operand type(s) for +: 'int' and 'str' | src/user_service.cpp line 94 in process_order | FAILED tests/test_user_service.cpp::test_payment_validation - type mismatch in business logic,TRUE,application_defect
RCA_00065,GitLab CI,Go,build,Network Error,TimeoutError,TimeoutError: waiting for element '#submit-button' exceeded 10 seconds,internal/service/user_service_test.go line 65,FAILED internal/service/user_service_test.go::test_apply_discount - UI locator or wait condition is unstable,build | Network Error | TimeoutError | TimeoutError: waiting for element '#submit-button' exceeded 10 seconds | internal/service/user_service_test.go line 65 | FAILED internal/service/user_service_test.go::test_apply_discount - UI locator or wait condition is unstable,TRUE,test_script_issue
RCA_01135,Azure DevOps,NodeJS,test,Configuration Error,NameError,NameError: name 'respnse' is not defined,src/routes/api.js line 90 in calculate_total,FAILED tests/priceCalculator.test.js::test_payment_validation - undefined variable raised from application code,test | Configuration Error | NameError | NameError: name 'respnse' is not defined | src/routes/api.js line 90 in calculate_total | FAILED tests/priceCalculator.test.js::test_payment_validation - undefined variable raised from application code,TRUE,application_defect
RCA_00378,Azure DevOps,Go,build,Dependency Error,MemoryError,MemoryError: process killed because memory limit was exceeded,runner/executor.py line 111,CI job exceeded memory limit during test execution,build | Dependency Error | MemoryError | MemoryError: process killed because memory limit was exceeded | runner/executor.py line 111 | CI job exceeded memory limit during test execution,FALSE,network_issue
RCA_00344,GitHub Actions,NodeJS,test,Network Error,SecretDetected,Secret scanning detected possible credential in 'src/routes/api.js',security/scanner.py line 77,Secret detected by repository scan policy,test | Network Error | SecretDetected | Secret scanning detected possible credential in 'src/routes/api.js' | security/scanner.py line 77 | Secret detected by repository scan policy,FALSE,security_policy_issue
RCA_00731,Azure DevOps,Python,build,Security Scan Failure,ModuleNotFoundError,ModuleNotFoundError: No module named 'requests',tests/test_order_service.py line 109,ImportError while importing test module because dependency requests is missing,build | Security Scan Failure | ModuleNotFoundError | ModuleNotFoundError: No module named 'requests' | tests/test_order_service.py line 109 | ImportError while importing test module because dependency requests is missing,TRUE,security_policy_issue
RCA_00844,GitHub Actions,Go,deploy,Network Error,DeploymentError,DeploymentError: health check failed after deployment,deploy/health_check.py line 78,Service did not become healthy after deployment,deploy | Network Error | DeploymentError | DeploymentError: health check failed after deployment | deploy/health_check.py line 78 | Service did not become healthy after deployment,TRUE,environment_config_issue
RCA_01105,GitHub Actions,Python,test,Dependency Error,FileNotFoundError,FileNotFoundError: config/test_config.json not found,app/config.py line 93,Configuration file path does not exist in CI environment | additional context: retry attempted; cache restored; environment variables loaded; exit code 1,test | Dependency Error | FileNotFoundError | FileNotFoundError: config/test_config.json not found | app/config.py line 93 | Configuration file path does not exist in CI environment | additional context: retry attempted; cache restored; environment variables loaded; exit code 1,TRUE,dependency_issue
RCA_00732,Jenkins,Python,test,Deployment Failure,AssertionError,AssertionError: expected status 200 but got 500,app/calculator.py line 62 in process_order,FAILED tests/test_calculator.py::test_deploy_health - application returned internal server error,test | Deployment Failure | AssertionError | AssertionError: expected status 200 but got 500 | app/calculator.py line 62 in process_order | FAILED tests/test_calculator.py::test_deploy_health - application returned internal server error,FALSE,application_defect
RCA_01369,GitHub Actions,Rust,build,Resource Exhaustion,KeyError,KeyError: 'SECRET_KEY',app/config.py line 44 in load_config,Missing environment variable in CI runner | additional context: retry attempted; cache restored; environment variables loaded; exit code 1,build | Resource Exhaustion | KeyError | KeyError: 'SECRET_KEY' | app/config.py line 44 in load_config | Missing environment variable in CI runner | additional context: retry attempted; cache restored; environment variables loaded; exit code 1,FALSE,environment_config_issue
RCA_00528,GitLab CI,Go,build,Network Error,HTTPError,HTTPError: 503 Service Unavailable from upstream service,external_api_client.py line 127,External API returned 503 during internal/service/user_service_test.go::test_api_response,build | Network Error | HTTPError | HTTPError: 503 Service Unavailable from upstream service | external_api_client.py line 127 | External API returned 503 during internal/service/user_service_test.go::test_api_response,TRUE,network_issue
RCA_00605,GitLab CI,C++,deploy,Test Failure,TimeoutError,TimeoutError: waiting for element '#checkout-confirm' exceeded 10 seconds,tests/test_order_service.cpp line 119,FAILED tests/test_order_service.cpp::test_deploy_health - UI locator or wait condition is unstable | additional context: retry attempted; cache restored; environment variables loaded; exit code 1,deploy | Test Failure | TimeoutError | TimeoutError: waiting for element '#checkout-confirm' exceeded 10 seconds | tests/test_order_service.cpp line 119 | FAILED tests/test_order_service.cpp::test_deploy_health - UI locator or wait condition is unstable | additional context: retry attempted; cache restored; environment variables loaded; exit code 1,FALSE,test_script_issue
RCA_01274,CircleCI,C++,build,Timeout,OSError,OSError: [Errno 28] No space left on device,runner/cache.py line 14,Disk full while restoring cache or building image | additional context: retry attempted; cache restored; environment variables loaded; exit code 1,build | Timeout | OSError | OSError: [Errno 28] No space left on device | runner/cache.py line 14 | Disk full while restoring cache or building image | additional context: retry attempted; cache restored; environment variables loaded; exit code 1,TRUE,infrastructure_resource_issue
RCA_01193,GitLab CI,NodeJS,build,Permission Error,ImportError,ImportError: cannot import name 'validate_payments' from application module,tests/priceCalculator.test.js line 12,ERROR collecting tests/priceCalculator.test.js::test_process_order - test imports old function name,build | Permission Error | ImportError | ImportError: cannot import name 'validate_payments' from application module | tests/priceCalculator.test.js line 12 | ERROR collecting tests/priceCalculator.test.js::test_process_order - test imports old function name,TRUE,test_script_issue
RCA_00970,GitLab CI,NodeJS,build,Deployment Failure,FixtureError,fixture 'sample_user' not found,tests/userController.test.js line 21,ERROR at setup of tests/userController.test.js::test_calculate_total - missing test fixture,build | Deployment Failure | FixtureError | fixture 'sample_user' not found | tests/userController.test.js line 21 | ERROR at setup of tests/userController.test.js::test_calculate_total - missing test fixture,FALSE,test_script_issue
RCA_00543,GitHub Actions,Rust,build,Build Failure,ImagePullBackOff,ImagePullBackOff: failed to pull image 'ghcr.io/org/payment-service:sha-1234',kubernetes/deploy.yaml line 21,Deployment failed because container image could not be pulled,build | Build Failure | ImagePullBackOff | ImagePullBackOff: failed to pull image 'ghcr.io/org/payment-service:sha-1234' | kubernetes/deploy.yaml line 21 | Deployment failed because container image could not be pulled,FALSE,deployment_issue
RCA_00425,Azure DevOps,Go,deploy,Configuration Error,DNSResolutionError,Temporary failure in name resolution for host 'internal-api.company.local',urllib3/connection.py line 32,Max retries exceeded because DNS resolution failed,deploy | Configuration Error | DNSResolutionError | Temporary failure in name resolution for host 'internal-api.company.local' | urllib3/connection.py line 32 | Max retries exceeded because DNS resolution failed,FALSE,environment_config_issue
RCA_00774,GitHub Actions,Rust,build,Timeout,SecretDetected,Secret scanning detected possible credential in 'src/main.rs',security/scanner.py line 16,Secret detected by repository scan policy,build | Timeout | SecretDetected | Secret scanning detected possible credential in 'src/main.rs' | security/scanner.py line 16 | Secret detected by repository scan policy,FALSE,security_policy_issue
RCA_01048,GitLab CI,C++,test,Test Failure,OSError,OSError: [Errno 28] No space left on device,runner/cache.py line 37,Disk full while restoring cache or building image,test | Test Failure | OSError | OSError: [Errno 28] No space left on device | runner/cache.py line 37 | Disk full while restoring cache or building image,TRUE,infrastructure_resource_issue
RCA_01415,CircleCI,NodeJS,test,Timeout,SyntaxError,SyntaxError: invalid syntax near 'return',src/controllers/userController.js line 25,ERROR collecting tests/priceCalculator.test.js::test_api_response - syntax error in source file,test | Timeout | SyntaxError | SyntaxError: invalid syntax near 'return' | src/controllers/userController.js line 25 | ERROR collecting tests/priceCalculator.test.js::test_api_response - syntax error in source file,FALSE,application_defect
RCA_00060,Jenkins,NodeJS,build,Build Failure,KeyError,KeyError: 'APP_ENV',app/config.py line 11 in load_config,Missing environment variable in CI runner,build | Build Failure | KeyError | KeyError: 'APP_ENV' | app/config.py line 11 in load_config | Missing environment variable in CI runner,FALSE,environment_config_issue
RCA_01288,Jenkins,Go,build,Timeout,AssertionError,AssertionError: expected status 200 but got 500,internal/config/config.go line 95 in create_user,FAILED internal/service/order_service_test.go::test_api_response - application returned internal server error,build | Timeout | AssertionError | AssertionError: expected status 200 but got 500 | internal/config/config.go line 95 in create_user | FAILED internal/service/order_service_test.go::test_api_response - application returned internal server error,TRUE,application_defect
RCA_00776,GitLab CI,Rust,build,Resource Exhaustion,ConnectionTimeout,ConnectionTimeout: request timed out after 30 seconds,external_api_client.py line 101,External service call timed out while running tests/user_service_test.rs::test_create_user,build | Resource Exhaustion | ConnectionTimeout | ConnectionTimeout: request timed out after 30 seconds | external_api_client.py line 101 | External service call timed out while running tests/user_service_test.rs::test_create_user,TRUE,network_issue
RCA_00037,GitLab CI,Python,build,Permission Error,FixtureError,fixture 'sample_user' not found,tests/test_order_service.py line 32,ERROR at setup of tests/test_order_service.py::test_deploy_health - missing test fixture | additional context: retry attempted; cache restored; environment variables loaded; exit code 1,build | Permission Error | FixtureError | fixture 'sample_user' not found | tests/test_order_service.py line 32 | ERROR at setup of tests/test_order_service.py::test_deploy_health - missing test fixture | additional context: retry attempted; cache restored; environment variables loaded; exit code 1,TRUE,test_script_issue
RCA_01279,GitLab CI,NodeJS,build,Configuration Error,TypeError,TypeError: unsupported operand type(s) for +: 'int' and 'str',src/services/orderService.js line 138 in validate_payment,FAILED tests/priceCalculator.test.js::test_calculate_total - type mismatch in business logic,build | Configuration Error | TypeError | TypeError: unsupported operand type(s) for +: 'int' and 'str' | src/services/orderService.js line 138 in validate_payment | FAILED tests/priceCalculator.test.js::test_calculate_total - type mismatch in business logic,TRUE,application_defect
RCA_00867,GitHub Actions,Python,test,Deployment Failure,TimeoutError,TimeoutError: waiting for element '.user-row' exceeded 10 seconds,tests/test_order_service.py line 80,FAILED tests/test_order_service.py::test_apply_discount - UI locator or wait condition is unstable,test | Deployment Failure | TimeoutError | TimeoutError: waiting for element '.user-row' exceeded 10 seconds | tests/test_order_service.py line 80 | FAILED tests/test_order_service.py::test_apply_discount - UI locator or wait condition is unstable,FALSE,test_script_issue
RCA_00905,GitHub Actions,Python,build,Security Scan Failure,AssertionError,AssertionError: expected status 200 but got 500,app/calculator.py line 95 in create_user,FAILED tests/test_order_service.py::test_calculate_total - application returned internal server error,build | Security Scan Failure | AssertionError | AssertionError: expected status 200 but got 500 | app/calculator.py line 95 in create_user | FAILED tests/test_order_service.py::test_calculate_total - application returned internal server error,TRUE,application_defect
RCA_00499,GitHub Actions,NodeJS,deploy,Permission Error,FixtureError,fixture 'sample_user' not found,tests/userController.test.js line 76,ERROR at setup of tests/userController.test.js::test_apply_discount - missing test fixture,deploy | Permission Error | FixtureError | fixture 'sample_user' not found | tests/userController.test.js line 76 | ERROR at setup of tests/userController.test.js::test_apply_discount - missing test fixture,FALSE,application_defect
RCA_00883,GitLab CI,Python,build,Resource Exhaustion,MemoryError,MemoryError: process killed because memory limit was exceeded,runner/executor.py line 65,CI job exceeded memory limit during test execution,build | Resource Exhaustion | MemoryError | MemoryError: process killed because memory limit was exceeded | runner/executor.py line 65 | CI job exceeded memory limit during test execution,FALSE,test_script_issue
RCA_00534,CircleCI,Java,build,Permission Error,HTTPError,HTTPError: 503 Service Unavailable from upstream service,external_api_client.py line 81,External API returned 503 during src/test/java/com/demo/OrderServiceTest.java::test_process_order,build | Permission Error | HTTPError | HTTPError: 503 Service Unavailable from upstream service | external_api_client.py line 81 | External API returned 503 during src/test/java/com/demo/OrderServiceTest.java::test_process_order,FALSE,environment_config_issue
RCA_00269,Jenkins,Rust,build,Permission Error,ConnectionTimeout,ConnectionTimeout: request timed out after 10 seconds,external_api_client.py line 74,External service call timed out while running tests/order_service_test.rs::test_payment_validation,build | Permission Error | ConnectionTimeout | ConnectionTimeout: request timed out after 10 seconds | external_api_client.py line 74 | External service call timed out while running tests/order_service_test.rs::test_payment_validation,TRUE,network_issue
RCA_01093,GitHub Actions,Java,deploy,Test Failure,DNSResolutionError,Temporary failure in name resolution for host 'internal-api.company.local',urllib3/connection.py line 56,Max retries exceeded because DNS resolution failed,deploy | Test Failure | DNSResolutionError | Temporary failure in name resolution for host 'internal-api.company.local' | urllib3/connection.py line 56 | Max retries exceeded because DNS resolution failed,FALSE,network_issue
RCA_01266,Azure DevOps,NodeJS,build,Build Failure,TimeoutError,TimeoutError: waiting for element '#checkout-confirm' exceeded 10 seconds,tests/priceCalculator.test.js line 76,FAILED tests/priceCalculator.test.js::test_api_response - UI locator or wait condition is unstable | additional context: retry attempted; cache restored; environment variables loaded; exit code 1,build | Build Failure | TimeoutError | TimeoutError: waiting for element '#checkout-confirm' exceeded 10 seconds | tests/priceCalculator.test.js line 76 | FAILED tests/priceCalculator.test.js::test_api_response - UI locator or wait condition is unstable | additional context: retry attempted; cache restored; environment variables loaded; exit code 1,TRUE,test_script_issue
RCA_00320,GitLab CI,NodeJS,build,Security Scan Failure,TimeoutError,Job exceeded maximum execution time of 600 seconds,runner/workflow.py line 32,Workflow timed out during test execution,build | Security Scan Failure | TimeoutError | Job exceeded maximum execution time of 600 seconds | runner/workflow.py line 32 | Workflow timed out during test execution,TRUE,infrastructure_resource_issue
RCA_00166,Azure DevOps,Java,deploy,Test Failure,NameError,NameError: name 'paylod' is not defined,src/main/java/com/demo/PaymentService.java line 76 in calculate_total,FAILED src/test/java/com/demo/OrderServiceTest.java::test_calculate_total - undefined variable raised from application code,deploy | Test Failure | NameError | NameError: name 'paylod' is not defined | src/main/java/com/demo/PaymentService.java line 76 in calculate_total | FAILED src/test/java/com/demo/OrderServiceTest.java::test_calculate_total - undefined variable raised from application code,TRUE,application_defect
RCA_00546,GitHub Actions,NodeJS,deploy,Security Scan Failure,FixtureError,fixture 'sample_user' not found,tests/userController.test.js line 128,ERROR at setup of tests/userController.test.js::test_apply_discount - missing test fixture,deploy | Security Scan Failure | FixtureError | fixture 'sample_user' not found | tests/userController.test.js line 128 | ERROR at setup of tests/userController.test.js::test_apply_discount - missing test fixture,FALSE,environment_config_issue
RCA_00737,GitLab CI,C++,deploy,Build Failure,AssertionError,AssertionError: expected status 200 but got 500,src/user_service.cpp line 33 in validate_payment,FAILED tests/test_user_service.cpp::test_api_response - application returned internal server error | additional context: retry attempted; cache restored; environment variables loaded; exit code 1,deploy | Build Failure | AssertionError | AssertionError: expected status 200 but got 500 | src/user_service.cpp line 33 in validate_payment | FAILED tests/test_user_service.cpp::test_api_response - application returned internal server error | additional context: retry attempted; cache restored; environment variables loaded; exit code 1,FALSE,application_defect
RCA_00798,Azure DevOps,Python,test,Permission Error,KeyError,KeyError: 'SERVICE_URL',app/config.py line 99 in load_config,Missing environment variable in CI runner | additional context: retry attempted; cache restored; environment variables loaded; exit code 1,test | Permission Error | KeyError | KeyError: 'SERVICE_URL' | app/config.py line 99 in load_config | Missing environment variable in CI runner | additional context: retry attempted; cache restored; environment variables loaded; exit code 1,FALSE,dependency_issue
RCA_00071,Jenkins,C++,test,Network Error,ImagePullBackOff,ImagePullBackOff: failed to pull image 'registry.internal/order-api:1.2.0',kubernetes/deploy.yaml line 13,Deployment failed because container image could not be pulled,test | Network Error | ImagePullBackOff | ImagePullBackOff: failed to pull image 'registry.internal/order-api:1.2.0' | kubernetes/deploy.yaml line 13 | Deployment failed because container image could not be pulled,TRUE,deployment_issue
RCA_01222,Azure DevOps,C++,test,Deployment Failure,MigrationError,Database migration failed: column 'status' already exists,migrations/2026_update.sql line 122,Deployment failed during database migration,test | Deployment Failure | MigrationError | Database migration failed: column 'status' already exists | migrations/2026_update.sql line 122 | Deployment failed during database migration,FALSE,deployment_issue
RCA_01145,CircleCI,NodeJS,test,Resource Exhaustion,DependencyResolutionError,Could not resolve dependency 'numpy>=2.0.0',package_manager.py line 60,Dependency resolver failed during install step | additional context: retry attempted; cache restored; environment variables loaded; exit code 1,test | Resource Exhaustion | DependencyResolutionError | Could not resolve dependency 'numpy>=2.0.0' | package_manager.py line 60 | Dependency resolver failed during install step | additional context: retry attempted; cache restored; environment variables loaded; exit code 1,FALSE,security_policy_issue
RCA_00489,Jenkins,Go,deploy,Configuration Error,DNSResolutionError,Temporary failure in name resolution for host 'internal-api.company.local',urllib3/connection.py line 133,Max retries exceeded because DNS resolution failed,deploy | Configuration Error | DNSResolutionError | Temporary failure in name resolution for host 'internal-api.company.local' | urllib3/connection.py line 133 | Max retries exceeded because DNS resolution failed,TRUE,network_issue
RCA_00011,GitLab CI,Java,deploy,Build Failure,SyntaxError,SyntaxError: invalid syntax near 'return',src/main/java/com/demo/PaymentService.java line 88,ERROR collecting src/test/java/com/demo/UserServiceTest.java::test_create_user - syntax error in source file,deploy | Build Failure | SyntaxError | SyntaxError: invalid syntax near 'return' | src/main/java/com/demo/PaymentService.java line 88 | ERROR collecting src/test/java/com/demo/UserServiceTest.java::test_create_user - syntax error in source file,TRUE,application_defect
RCA_00133,GitHub Actions,Go,deploy,Resource Exhaustion,PermissionError,PermissionError: cannot write to reports/output.json,app/report.py line 59,CI runner cannot write to report output directory | additional context: retry attempted; cache restored; environment variables loaded; exit code 1,deploy | Resource Exhaustion | PermissionError | PermissionError: cannot write to reports/output.json | app/report.py line 59 | CI runner cannot write to report output directory | additional context: retry attempted; cache restored; environment variables loaded; exit code 1,TRUE,dependency_issue
RCA_00616,CircleCI,Rust,deploy,Test Failure,MigrationError,Database migration failed: column 'status' already exists,migrations/2026_update.sql line 29,Deployment failed during database migration,deploy | Test Failure | MigrationError | Database migration failed: column 'status' already exists | migrations/2026_update.sql line 29 | Deployment failed during database migration,TRUE,deployment_issue
RCA_00407,Azure DevOps,Rust,deploy,Test Failure,FileNotFoundError,FileNotFoundError: config/test_config.json not found,app/config.py line 85,Configuration file path does not exist in CI environment | additional context: retry attempted; cache restored; environment variables loaded; exit code 1,deploy | Test Failure | FileNotFoundError | FileNotFoundError: config/test_config.json not found | app/config.py line 85 | Configuration file path does not exist in CI environment | additional context: retry attempted; cache restored; environment variables loaded; exit code 1,FALSE,environment_config_issue
RCA_00301,CircleCI,NodeJS,build,Test Failure,MemoryError,MemoryError: process killed because memory limit was exceeded,runner/executor.py line 116,CI job exceeded memory limit during test execution,build | Test Failure | MemoryError | MemoryError: process killed because memory limit was exceeded | runner/executor.py line 116 | CI job exceeded memory limit during test execution,FALSE,infrastructure_resource_issue
RCA_01363,CircleCI,C++,deploy,Build Failure,ImportError,ImportError: cannot import name 'apply_discounts' from application module,tests/test_user_service.cpp line 52,ERROR collecting tests/test_user_service.cpp::test_apply_discount - test imports old function name,deploy | Build Failure | ImportError | ImportError: cannot import name 'apply_discounts' from application module | tests/test_user_service.cpp line 52 | ERROR collecting tests/test_user_service.cpp::test_apply_discount - test imports old function name,FALSE,test_script_issue
RCA_01397,CircleCI,Java,deploy,Permission Error,VersionConflict,Version conflict: required lodash==2.0.0 but installed lodash==1.4.0,dependency_check.py line 75,Dependency version mismatch in CI environment,deploy | Permission Error | VersionConflict | Version conflict: required lodash==2.0.0 but installed lodash==1.4.0 | dependency_check.py line 75 | Dependency version mismatch in CI environment,TRUE,dependency_issue
RCA_01017,Jenkins,Java,test,Deployment Failure,FixtureError,fixture 'sample_user' not found,src/test/java/com/demo/OrderServiceTest.java line 54,ERROR at setup of src/test/java/com/demo/OrderServiceTest.java::test_payment_validation - missing test fixture,test | Deployment Failure | FixtureError | fixture 'sample_user' not found | src/test/java/com/demo/OrderServiceTest.java line 54 | ERROR at setup of src/test/java/com/demo/OrderServiceTest.java::test_payment_validation - missing test fixture,TRUE,test_script_issue
RCA_00417,Azure DevOps,Python,deploy,Security Scan Failure,KeyError,KeyError: 'APP_ENV',app/config.py line 113 in load_config,Missing environment variable in CI runner,deploy | Security Scan Failure | KeyError | KeyError: 'APP_ENV' | app/config.py line 113 in load_config | Missing environment variable in CI runner,TRUE,environment_config_issue
RCA_00752,GitHub Actions,C++,deploy,Timeout,TypeError,TypeError: unsupported operand type(s) for +: 'int' and 'str',src/config.cpp line 115 in apply_discount,FAILED tests/test_user_service.cpp::test_api_response - type mismatch in business logic,deploy | Timeout | TypeError | TypeError: unsupported operand type(s) for +: 'int' and 'str' | src/config.cpp line 115 in apply_discount | FAILED tests/test_user_service.cpp::test_api_response - type mismatch in business logic,TRUE,application_defect
RCA_00494,GitHub Actions,Rust,deploy,Resource Exhaustion,VersionConflict,Version conflict: required junit==2.0.0 but installed junit==1.4.0,dependency_check.py line 125,Dependency version mismatch in CI environment,deploy | Resource Exhaustion | VersionConflict | Version conflict: required junit==2.0.0 but installed junit==1.4.0 | dependency_check.py line 125 | Dependency version mismatch in CI environment,TRUE,dependency_issue
RCA_00903,GitHub Actions,C++,test,Dependency Error,NameError,NameError: name 'total_amunt' is not defined,src/order_service.cpp line 34 in apply_discount,FAILED tests/test_order_service.cpp::test_apply_discount - undefined variable raised from application code,test | Dependency Error | NameError | NameError: name 'total_amunt' is not defined | src/order_service.cpp line 34 in apply_discount | FAILED tests/test_order_service.cpp::test_apply_discount - undefined variable raised from application code,FALSE,application_defect
RCA_00383,GitHub Actions,Rust,build,Dependency Error,ImportError,ImportError: cannot import name 'apply_discounts' from application module,tests/order_service_test.rs line 62,ERROR collecting tests/order_service_test.rs::test_api_response - test imports old function name,build | Dependency Error | ImportError | ImportError: cannot import name 'apply_discounts' from application module | tests/order_service_test.rs line 62 | ERROR collecting tests/order_service_test.rs::test_api_response - test imports old function name,FALSE,application_defect
RCA_01111,Azure DevOps,Go,deploy,Dependency Error,AssertionError,AssertionError: expected status 200 but got 500,internal/service/order_service.go line 84 in get_user_profile,FAILED internal/service/user_service_test.go::test_deploy_health - application returned internal server error,deploy | Dependency Error | AssertionError | AssertionError: expected status 200 but got 500 | internal/service/order_service.go line 84 in get_user_profile | FAILED internal/service/user_service_test.go::test_deploy_health - application returned internal server error,TRUE,application_defect
RCA_00228,GitLab CI,Rust,deploy,Resource Exhaustion,NameError,NameError: name 'total_amunt' is not defined,src/config.rs line 24 in process_order,FAILED tests/user_service_test.rs::test_payment_validation - undefined variable raised from application code,deploy | Resource Exhaustion | NameError | NameError: name 'total_amunt' is not defined | src/config.rs line 24 in process_order | FAILED tests/user_service_test.rs::test_payment_validation - undefined variable raised from application code,TRUE,application_defect
RCA_00287,Jenkins,Rust,deploy,Timeout,TimeoutError,Job exceeded maximum execution time of 600 seconds,runner/workflow.py line 26,Workflow timed out during test execution,deploy | Timeout | TimeoutError | Job exceeded maximum execution time of 600 seconds | runner/workflow.py line 26 | Workflow timed out during test execution,TRUE,test_script_issue
RCA_00276,CircleCI,Rust,deploy,Security Scan Failure,SyntaxError,SyntaxError: invalid syntax near 'return',src/order_service.rs line 84,ERROR collecting tests/user_service_test.rs::test_calculate_total - syntax error in source file | additional context: retry attempted; cache restored; environment variables loaded; exit code 1,deploy | Security Scan Failure | SyntaxError | SyntaxError: invalid syntax near 'return' | src/order_service.rs line 84 | ERROR collecting tests/user_service_test.rs::test_calculate_total - syntax error in source file | additional context: retry attempted; cache restored; environment variables loaded; exit code 1,FALSE,application_defect
RCA_00206,GitHub Actions,Python,build,Deployment Failure,DeploymentError,DeploymentError: health check failed after deployment,deploy/health_check.py line 78,Service did not become healthy after deployment,build | Deployment Failure | DeploymentError | DeploymentError: health check failed after deployment | deploy/health_check.py line 78 | Service did not become healthy after deployment,FALSE,deployment_issue
RCA_00920,GitLab CI,Python,deploy,Configuration Error,AssertionError,AssertionError: expected status 200 but got 500,app/calculator.py line 62 in create_user,FAILED tests/test_user_service.py::test_create_user - application returned internal server error,deploy | Configuration Error | AssertionError | AssertionError: expected status 200 but got 500 | app/calculator.py line 62 in create_user | FAILED tests/test_user_service.py::test_create_user - application returned internal server error,TRUE,application_defect
RCA_00926,GitHub Actions,Go,deploy,Build Failure,AssertionError,AssertionError: expected status 200 but got 500,internal/config/config.go line 121 in process_order,FAILED internal/service/user_service_test.go::test_create_user - application returned internal server error,deploy | Build Failure | AssertionError | AssertionError: expected status 200 but got 500 | internal/config/config.go line 121 in process_order | FAILED internal/service/user_service_test.go::test_create_user - application returned internal server error,TRUE,test_script_issue
RCA_00636,CircleCI,Go,deploy,Timeout,NameError,NameError: name 'total_amunt' is not defined,internal/service/order_service.go line 123 in calculate_total,FAILED internal/service/user_service_test.go::test_apply_discount - undefined variable raised from application code,deploy | Timeout | NameError | NameError: name 'total_amunt' is not defined | internal/service/order_service.go line 123 in calculate_total | FAILED internal/service/user_service_test.go::test_apply_discount - undefined variable raised from application code,FALSE,test_script_issue
RCA_01197,GitHub Actions,Go,deploy,Build Failure,DNSResolutionError,Temporary failure in name resolution for host 'api.example.com',urllib3/connection.py line 30,Max retries exceeded because DNS resolution failed | additional context: retry attempted; cache restored; environment variables loaded; exit code 1,deploy | Build Failure | DNSResolutionError | Temporary failure in name resolution for host 'api.example.com' | urllib3/connection.py line 30 | Max retries exceeded because DNS resolution failed | additional context: retry attempted; cache restored; environment variables loaded; exit code 1,TRUE,network_issue
RCA_00298,GitLab CI,Go,test,Configuration Error,FileNotFoundError,FileNotFoundError: config/test_config.json not found,app/config.py line 37,Configuration file path does not exist in CI environment | additional context: retry attempted; cache restored; environment variables loaded; exit code 1,test | Configuration Error | FileNotFoundError | FileNotFoundError: config/test_config.json not found | app/config.py line 37 | Configuration file path does not exist in CI environment | additional context: retry attempted; cache restored; environment variables loaded; exit code 1,TRUE,environment_config_issue
RCA_00567,CircleCI,Python,test,Build Failure,OSError,OSError: [Errno 28] No space left on device,runner/cache.py line 81,Disk full while restoring cache or building image,test | Build Failure | OSError | OSError: [Errno 28] No space left on device | runner/cache.py line 81 | Disk full while restoring cache or building image,TRUE,infrastructure_resource_issue
RCA_00829,Azure DevOps,Go,test,Test Failure,DependencyResolutionError,Could not resolve dependency 'serde>=2.0.0',package_manager.py line 77,Dependency resolver failed during install step,test | Test Failure | DependencyResolutionError | Could not resolve dependency 'serde>=2.0.0' | package_manager.py line 77 | Dependency resolver failed during install step,FALSE,dependency_issue
RCA_00946,Jenkins,Java,build,Test Failure,KeyError,KeyError: 'GITHUB_TOKEN',app/config.py line 105 in load_config,Missing environment variable in CI runner,build | Test Failure | KeyError | KeyError: 'GITHUB_TOKEN' | app/config.py line 105 in load_config | Missing environment variable in CI runner,FALSE,deployment_issue
RCA_01333,GitLab CI,C++,test,Configuration Error,VersionConflict,Version conflict: required gin-gonic==2.0.0 but installed gin-gonic==1.4.0,dependency_check.py line 47,Dependency version mismatch in CI environment,test | Configuration Error | VersionConflict | Version conflict: required gin-gonic==2.0.0 but installed gin-gonic==1.4.0 | dependency_check.py line 47 | Dependency version mismatch in CI environment,FALSE,dependency_issue
RCA_01066,GitHub Actions,Go,deploy,Security Scan Failure,FileNotFoundError,FileNotFoundError: config/test_config.json not found,app/config.py line 98,Configuration file path does not exist in CI environment,deploy | Security Scan Failure | FileNotFoundError | FileNotFoundError: config/test_config.json not found | app/config.py line 98 | Configuration file path does not exist in CI environment,FALSE,application_defect
RCA_00416,Azure DevOps,Python,test,Network Error,AssertionError,AssertionError: expected status 200 but got 500,app/calculator.py line 69 in apply_discount,FAILED tests/test_calculator.py::test_deploy_health - application returned internal server error,test | Network Error | AssertionError | AssertionError: expected status 200 but got 500 | app/calculator.py line 69 in apply_discount | FAILED tests/test_calculator.py::test_deploy_health - application returned internal server error,TRUE,application_defect
RCA_00229,CircleCI,C++,test,Deployment Failure,AssertionError,AssertionError: expected status 200 but got 500,src/user_service.cpp line 104 in process_order,FAILED tests/test_order_service.cpp::test_calculate_total - application returned internal server error,test | Deployment Failure | AssertionError | AssertionError: expected status 200 but got 500 | src/user_service.cpp line 104 in process_order | FAILED tests/test_order_service.cpp::test_calculate_total - application returned internal server error,TRUE,test_script_issue
RCA_01195,GitLab CI,Java,deploy,Test Failure,ImagePullBackOff,ImagePullBackOff: failed to pull image 'ghcr.io/org/payment-service:sha-1234',kubernetes/deploy.yaml line 136,Deployment failed because container image could not be pulled,deploy | Test Failure | ImagePullBackOff | ImagePullBackOff: failed to pull image 'ghcr.io/org/payment-service:sha-1234' | kubernetes/deploy.yaml line 136 | Deployment failed because container image could not be pulled,TRUE,deployment_issue
RCA_00195,Azure DevOps,Go,deploy,Dependency Error,OSError,OSError: [Errno 28] No space left on device,runner/cache.py line 45,Disk full while restoring cache or building image,deploy | Dependency Error | OSError | OSError: [Errno 28] No space left on device | runner/cache.py line 45 | Disk full while restoring cache or building image,TRUE,infrastructure_resource_issue
RCA_00591,CircleCI,Rust,deploy,Configuration Error,DeploymentError,DeploymentError: health check failed after deployment,deploy/health_check.py line 79,Service did not become healthy after deployment,deploy | Configuration Error | DeploymentError | DeploymentError: health check failed after deployment | deploy/health_check.py line 79 | Service did not become healthy after deployment,TRUE,deployment_issue
RCA_00498,Azure DevOps,Java,deploy,Test Failure,TypeError,TypeError: unsupported operand type(s) for +: 'int' and 'str',src/main/java/com/demo/OrderService.java line 89 in get_user_profile,FAILED src/test/java/com/demo/UserServiceTest.java::test_payment_validation - type mismatch in business logic | additional context: retry attempted; cache restored; environment variables loaded; exit code 1,deploy | Test Failure | TypeError | TypeError: unsupported operand type(s) for +: 'int' and 'str' | src/main/java/com/demo/OrderService.java line 89 in get_user_profile | FAILED src/test/java/com/demo/UserServiceTest.java::test_payment_validation - type mismatch in business logic | additional context: retry attempted; cache restored; environment variables loaded; exit code 1,FALSE,application_defect
RCA_01261,GitHub Actions,NodeJS,deploy,Dependency Error,SyntaxError,SyntaxError: invalid syntax near 'return',src/utils/priceCalculator.js line 68,ERROR collecting tests/orderService.test.js::test_apply_discount - syntax error in source file,deploy | Dependency Error | SyntaxError | SyntaxError: invalid syntax near 'return' | src/utils/priceCalculator.js line 68 | ERROR collecting tests/orderService.test.js::test_apply_discount - syntax error in source file,TRUE,application_defect
RCA_00420,GitHub Actions,Go,build,Security Scan Failure,OSError,OSError: [Errno 28] No space left on device,runner/cache.py line 129,Disk full while restoring cache or building image,build | Security Scan Failure | OSError | OSError: [Errno 28] No space left on device | runner/cache.py line 129 | Disk full while restoring cache or building image,TRUE,infrastructure_resource_issue
RCA_00854,Azure DevOps,C++,test,Build Failure,HTTPError,HTTPError: 503 Service Unavailable from upstream service,external_api_client.py line 75,External API returned 503 during tests/test_user_service.cpp::test_payment_validation,test | Build Failure | HTTPError | HTTPError: 503 Service Unavailable from upstream service | external_api_client.py line 75 | External API returned 503 during tests/test_user_service.cpp::test_payment_validation,FALSE,network_issue
RCA_00507,Azure DevOps,Java,build,Security Scan Failure,KeyError,KeyError: 'GITHUB_TOKEN',app/config.py line 80 in load_config,Missing environment variable in CI runner | additional context: retry attempted; cache restored; environment variables loaded; exit code 1,build | Security Scan Failure | KeyError | KeyError: 'GITHUB_TOKEN' | app/config.py line 80 in load_config | Missing environment variable in CI runner | additional context: retry attempted; cache restored; environment variables loaded; exit code 1,TRUE,environment_config_issue
RCA_01308,GitHub Actions,Java,test,Resource Exhaustion,SyntaxError,SyntaxError: invalid syntax near 'return',src/main/java/com/demo/OrderService.java line 134,ERROR collecting src/test/java/com/demo/OrderServiceTest.java::test_process_order - syntax error in source file,test | Resource Exhaustion | SyntaxError | SyntaxError: invalid syntax near 'return' | src/main/java/com/demo/OrderService.java line 134 | ERROR collecting src/test/java/com/demo/OrderServiceTest.java::test_process_order - syntax error in source file,FALSE,application_defect
RCA_01187,CircleCI,C++,test,Network Error,ConnectionTimeout,ConnectionTimeout: request timed out after 60 seconds,external_api_client.py line 135,External service call timed out while running tests/test_order_service.cpp::test_calculate_total | additional context: retry attempted; cache restored; environment variables loaded; exit code 1,test | Network Error | ConnectionTimeout | ConnectionTimeout: request timed out after 60 seconds | external_api_client.py line 135 | External service call timed out while running tests/test_order_service.cpp::test_calculate_total | additional context: retry attempted; cache restored; environment variables loaded; exit code 1,TRUE,network_issue
RCA_00982,Azure DevOps,Go,deploy,Test Failure,FileNotFoundError,FileNotFoundError: config/test_config.json not found,app/config.py line 78,Configuration file path does not exist in CI environment | additional context: retry attempted; cache restored; environment variables loaded; exit code 1,deploy | Test Failure | FileNotFoundError | FileNotFoundError: config/test_config.json not found | app/config.py line 78 | Configuration file path does not exist in CI environment | additional context: retry attempted; cache restored; environment variables loaded; exit code 1,TRUE,environment_config_issue
RCA_01313,Azure DevOps,Java,build,Deployment Failure,SyntaxError,SyntaxError: invalid syntax near 'return',src/main/java/com/demo/UserService.java line 18,ERROR collecting src/test/java/com/demo/UserServiceTest.java::test_payment_validation - syntax error in source file,build | Deployment Failure | SyntaxError | SyntaxError: invalid syntax near 'return' | src/main/java/com/demo/UserService.java line 18 | ERROR collecting src/test/java/com/demo/UserServiceTest.java::test_payment_validation - syntax error in source file,FALSE,application_defect
RCA_01362,Azure DevOps,Python,build,Deployment Failure,TimeoutError,TimeoutError: waiting for element '#submit-button' exceeded 10 seconds,tests/test_calculator.py line 42,FAILED tests/test_calculator.py::test_create_user - UI locator or wait condition is unstable,build | Deployment Failure | TimeoutError | TimeoutError: waiting for element '#submit-button' exceeded 10 seconds | tests/test_calculator.py line 42 | FAILED tests/test_calculator.py::test_create_user - UI locator or wait condition is unstable,FALSE,application_defect
RCA_00977,GitLab CI,Go,test,Test Failure,TypeError,TypeError: unsupported operand type(s) for +: 'int' and 'str',cmd/api/main.go line 9 in get_user_profile,FAILED internal/service/user_service_test.go::test_calculate_total - type mismatch in business logic,test | Test Failure | TypeError | TypeError: unsupported operand type(s) for +: 'int' and 'str' | cmd/api/main.go line 9 in get_user_profile | FAILED internal/service/user_service_test.go::test_calculate_total - type mismatch in business logic,FALSE,application_defect
RCA_00046,Jenkins,NodeJS,test,Security Scan Failure,SyntaxError,SyntaxError: invalid syntax near 'return',src/routes/api.js line 128,ERROR collecting tests/orderService.test.js::test_api_response - syntax error in source file | additional context: retry attempted; cache restored; environment variables loaded; exit code 1,test | Security Scan Failure | SyntaxError | SyntaxError: invalid syntax near 'return' | src/routes/api.js line 128 | ERROR collecting tests/orderService.test.js::test_api_response - syntax error in source file | additional context: retry attempted; cache restored; environment variables loaded; exit code 1,FALSE,application_defect
RCA_00181,Jenkins,Go,build,Timeout,TimeoutError,TimeoutError: waiting for element '.user-row' exceeded 10 seconds,internal/service/order_service_test.go line 43,FAILED internal/service/order_service_test.go::test_process_order - UI locator or wait condition is unstable,build | Timeout | TimeoutError | TimeoutError: waiting for element '.user-row' exceeded 10 seconds | internal/service/order_service_test.go line 43 | FAILED internal/service/order_service_test.go::test_process_order - UI locator or wait condition is unstable,TRUE,test_script_issue
RCA_00788,GitHub Actions,Java,deploy,Security Scan Failure,ConnectionTimeout,ConnectionTimeout: request timed out after 30 seconds,external_api_client.py line 121,External service call timed out while running src/test/java/com/demo/OrderServiceTest.java::test_deploy_health | additional context: retry attempted; cache restored; environment variables loaded; exit code 1,deploy | Security Scan Failure | ConnectionTimeout | ConnectionTimeout: request timed out after 30 seconds | external_api_client.py line 121 | External service call timed out while running src/test/java/com/demo/OrderServiceTest.java::test_deploy_health | additional context: retry attempted; cache restored; environment variables loaded; exit code 1,TRUE,deployment_issue
RCA_01311,Azure DevOps,Rust,deploy,Build Failure,AssertionError,AssertionError: assert 180 == 190,tests/order_service_test.rs line 135,FAILED tests/order_service_test.rs::test_apply_discount - expected value in test appears outdated,deploy | Build Failure | AssertionError | AssertionError: assert 180 == 190 | tests/order_service_test.rs line 135 | FAILED tests/order_service_test.rs::test_apply_discount - expected value in test appears outdated,FALSE,test_script_issue
RCA_01299,CircleCI,Go,build,Dependency Error,ImportError,ImportError: cannot import name 'apply_discounts' from application module,internal/service/user_service_test.go line 105,ERROR collecting internal/service/user_service_test.go::test_apply_discount - test imports old function name,build | Dependency Error | ImportError | ImportError: cannot import name 'apply_discounts' from application module | internal/service/user_service_test.go line 105 | ERROR collecting internal/service/user_service_test.go::test_apply_discount - test imports old function name,TRUE,test_script_issue
RCA_00942,GitLab CI,Go,build,Dependency Error,TimeoutError,Job exceeded maximum execution time of 600 seconds,runner/workflow.py line 22,Workflow timed out during test execution,build | Dependency Error | TimeoutError | Job exceeded maximum execution time of 600 seconds | runner/workflow.py line 22 | Workflow timed out during test execution,FALSE,infrastructure_resource_issue
RCA_01483,GitLab CI,C++,deploy,Deployment Failure,TypeError,TypeError: unsupported operand type(s) for +: 'int' and 'str',src/user_service.cpp line 12 in calculate_total,FAILED tests/test_user_service.cpp::test_create_user - type mismatch in business logic,deploy | Deployment Failure | TypeError | TypeError: unsupported operand type(s) for +: 'int' and 'str' | src/user_service.cpp line 12 in calculate_total | FAILED tests/test_user_service.cpp::test_create_user - type mismatch in business logic,TRUE,application_defect
RCA_00335,GitLab CI,Go,test,Deployment Failure,OSError,OSError: [Errno 28] No space left on device,runner/cache.py line 42,Disk full while restoring cache or building image,test | Deployment Failure | OSError | OSError: [Errno 28] No space left on device | runner/cache.py line 42 | Disk full while restoring cache or building image,FALSE,test_script_issue
RCA_00272,CircleCI,Python,test,Test Failure,PermissionError,PermissionError: cannot write to reports/output.json,app/report.py line 71,CI runner cannot write to report output directory | additional context: retry attempted; cache restored; environment variables loaded; exit code 1,test | Test Failure | PermissionError | PermissionError: cannot write to reports/output.json | app/report.py line 71 | CI runner cannot write to report output directory | additional context: retry attempted; cache restored; environment variables loaded; exit code 1,FALSE,environment_config_issue
RCA_00940,Azure DevOps,Rust,deploy,Resource Exhaustion,ModuleNotFoundError,ModuleNotFoundError: No module named 'junit',tests/user_service_test.rs line 107,ImportError while importing test module because dependency junit is missing,deploy | Resource Exhaustion | ModuleNotFoundError | ModuleNotFoundError: No module named 'junit' | tests/user_service_test.rs line 107 | ImportError while importing test module because dependency junit is missing,FALSE,dependency_issue
RCA_00935,Azure DevOps,Rust,test,Timeout,AssertionError,AssertionError: assert 180 == 190,tests/user_service_test.rs line 127,FAILED tests/user_service_test.rs::test_calculate_total - expected value in test appears outdated,test | Timeout | AssertionError | AssertionError: assert 180 == 190 | tests/user_service_test.rs line 127 | FAILED tests/user_service_test.rs::test_calculate_total - expected value in test appears outdated,TRUE,test_script_issue
RCA_00624,GitHub Actions,Python,build,Build Failure,HTTPError,HTTPError: 503 Service Unavailable from upstream service,external_api_client.py line 118,External API returned 503 during tests/test_order_service.py::test_deploy_health,build | Build Failure | HTTPError | HTTPError: 503 Service Unavailable from upstream service | external_api_client.py line 118 | External API returned 503 during tests/test_order_service.py::test_deploy_health,TRUE,network_issue
RCA_00749,Jenkins,C++,test,Build Failure,ImportError,ImportError: cannot import name 'get_user_profiles' from application module,tests/test_user_service.cpp line 9,ERROR collecting tests/test_user_service.cpp::test_create_user - test imports old function name,test | Build Failure | ImportError | ImportError: cannot import name 'get_user_profiles' from application module | tests/test_user_service.cpp line 9 | ERROR collecting tests/test_user_service.cpp::test_create_user - test imports old function name,TRUE,test_script_issue
RCA_00901,Jenkins,Java,deploy,Network Error,DNSResolutionError,Temporary failure in name resolution for host 'internal-api.company.local',urllib3/connection.py line 117,Max retries exceeded because DNS resolution failed,deploy | Network Error | DNSResolutionError | Temporary failure in name resolution for host 'internal-api.company.local' | urllib3/connection.py line 117 | Max retries exceeded because DNS resolution failed,TRUE,network_issue
RCA_00316,CircleCI,Python,build,Permission Error,PermissionError,PermissionError: cannot write to reports/output.json,app/report.py line 57,CI runner cannot write to report output directory | additional context: retry attempted; cache restored; environment variables loaded; exit code 1,build | Permission Error | PermissionError | PermissionError: cannot write to reports/output.json | app/report.py line 57 | CI runner cannot write to report output directory | additional context: retry attempted; cache restored; environment variables loaded; exit code 1,FALSE,environment_config_issue
RCA_00403,GitLab CI,Java,test,Dependency Error,FixtureError,fixture 'sample_user' not found,src/test/java/com/demo/UserServiceTest.java line 91,ERROR at setup of src/test/java/com/demo/UserServiceTest.java::test_api_response - missing test fixture,test | Dependency Error | FixtureError | fixture 'sample_user' not found | src/test/java/com/demo/UserServiceTest.java line 91 | ERROR at setup of src/test/java/com/demo/UserServiceTest.java::test_api_response - missing test fixture,FALSE,test_script_issue
RCA_00512,Jenkins,Python,deploy,Dependency Error,NameError,NameError: name 'paylod' is not defined,app/order_service.py line 109 in apply_discount,FAILED tests/test_payment_service.py::test_api_response - undefined variable raised from application code,deploy | Dependency Error | NameError | NameError: name 'paylod' is not defined | app/order_service.py line 109 in apply_discount | FAILED tests/test_payment_service.py::test_api_response - undefined variable raised from application code,FALSE,application_defect
RCA_00328,Jenkins,NodeJS,test,Build Failure,AssertionError,AssertionError: expected status 200 but got 500,src/controllers/userController.js line 65 in get_user_profile,FAILED tests/priceCalculator.test.js::test_create_user - application returned internal server error,test | Build Failure | AssertionError | AssertionError: expected status 200 but got 500 | src/controllers/userController.js line 65 in get_user_profile | FAILED tests/priceCalculator.test.js::test_create_user - application returned internal server error,FALSE,application_defect
RCA_00292,GitHub Actions,Python,test,Permission Error,HTTPError,HTTPError: 503 Service Unavailable from upstream service,external_api_client.py line 107,External API returned 503 during tests/test_calculator.py::test_process_order,test | Permission Error | HTTPError | HTTPError: 503 Service Unavailable from upstream service | external_api_client.py line 107 | External API returned 503 during tests/test_calculator.py::test_process_order,TRUE,network_issue
RCA_00221,Azure DevOps,NodeJS,test,Network Error,AssertionError,AssertionError: expected status 200 but got 500,src/utils/priceCalculator.js line 45 in calculate_total,FAILED tests/userController.test.js::test_apply_discount - application returned internal server error,test | Network Error | AssertionError | AssertionError: expected status 200 but got 500 | src/utils/priceCalculator.js line 45 in calculate_total | FAILED tests/userController.test.js::test_apply_discount - application returned internal server error,FALSE,application_defect
RCA_01468,GitHub Actions,Go,test,Security Scan Failure,OSError,OSError: [Errno 28] No space left on device,runner/cache.py line 126,Disk full while restoring cache or building image,test | Security Scan Failure | OSError | OSError: [Errno 28] No space left on device | runner/cache.py line 126 | Disk full while restoring cache or building image,TRUE,infrastructure_resource_issue
RCA_00959,GitLab CI,Rust,build,Security Scan Failure,ImportError,ImportError: cannot import name 'validate_payments' from application module,tests/order_service_test.rs line 115,ERROR collecting tests/order_service_test.rs::test_payment_validation - test imports old function name,build | Security Scan Failure | ImportError | ImportError: cannot import name 'validate_payments' from application module | tests/order_service_test.rs line 115 | ERROR collecting tests/order_service_test.rs::test_payment_validation - test imports old function name,TRUE,test_script_issue
RCA_01303,CircleCI,C++,test,Network Error,AssertionError,AssertionError: expected status 200 but got 500,src/config.cpp line 20 in process_order,FAILED tests/test_user_service.cpp::test_process_order - application returned internal server error,test | Network Error | AssertionError | AssertionError: expected status 200 but got 500 | src/config.cpp line 20 in process_order | FAILED tests/test_user_service.cpp::test_process_order - application returned internal server error,FALSE,application_defect
RCA_01455,GitLab CI,NodeJS,test,Build Failure,KeyError,KeyError: 'SECRET_KEY',app/config.py line 50 in load_config,Missing environment variable in CI runner,test | Build Failure | KeyError | KeyError: 'SECRET_KEY' | app/config.py line 50 in load_config | Missing environment variable in CI runner,TRUE,deployment_issue
RCA_01499,Jenkins,NodeJS,deploy,Deployment Failure,FixtureError,fixture 'sample_user' not found,tests/priceCalculator.test.js line 125,ERROR at setup of tests/priceCalculator.test.js::test_api_response - missing test fixture,deploy | Deployment Failure | FixtureError | fixture 'sample_user' not found | tests/priceCalculator.test.js line 125 | ERROR at setup of tests/priceCalculator.test.js::test_api_response - missing test fixture,TRUE,test_script_issue
RCA_00084,GitLab CI,Rust,build,Build Failure,ConnectionTimeout,ConnectionTimeout: request timed out after 10 seconds,external_api_client.py line 17,External service call timed out while running tests/user_service_test.rs::test_api_response,build | Build Failure | ConnectionTimeout | ConnectionTimeout: request timed out after 10 seconds | external_api_client.py line 17 | External service call timed out while running tests/user_service_test.rs::test_api_response,TRUE,network_issue
RCA_01049,GitLab CI,C++,test,Security Scan Failure,SyntaxError,SyntaxError: invalid syntax near 'return',src/config.cpp line 39,ERROR collecting tests/test_order_service.cpp::test_process_order - syntax error in source file,test | Security Scan Failure | SyntaxError | SyntaxError: invalid syntax near 'return' | src/config.cpp line 39 | ERROR collecting tests/test_order_service.cpp::test_process_order - syntax error in source file,TRUE,application_defect
RCA_00254,Azure DevOps,Rust,test,Dependency Error,ModuleNotFoundError,ModuleNotFoundError: No module named 'gin-gonic',tests/user_service_test.rs line 6,ImportError while importing test module because dependency gin-gonic is missing,test | Dependency Error | ModuleNotFoundError | ModuleNotFoundError: No module named 'gin-gonic' | tests/user_service_test.rs line 6 | ImportError while importing test module because dependency gin-gonic is missing,FALSE,environment_config_issue
RCA_01130,Jenkins,NodeJS,test,Security Scan Failure,TypeError,TypeError: unsupported operand type(s) for +: 'int' and 'str',src/controllers/userController.js line 31 in create_user,FAILED tests/orderService.test.js::test_apply_discount - type mismatch in business logic,test | Security Scan Failure | TypeError | TypeError: unsupported operand type(s) for +: 'int' and 'str' | src/controllers/userController.js line 31 in create_user | FAILED tests/orderService.test.js::test_apply_discount - type mismatch in business logic,FALSE,environment_config_issue
RCA_00096,Jenkins,NodeJS,build,Build Failure,PermissionError,PermissionError: cannot write to reports/output.json,app/report.py line 15,CI runner cannot write to report output directory,build | Build Failure | PermissionError | PermissionError: cannot write to reports/output.json | app/report.py line 15 | CI runner cannot write to report output directory,FALSE,dependency_issue
RCA_00168,Jenkins,Go,build,Test Failure,PermissionError,PermissionError: cannot write to reports/output.json,app/report.py line 32,CI runner cannot write to report output directory,build | Test Failure | PermissionError | PermissionError: cannot write to reports/output.json | app/report.py line 32 | CI runner cannot write to report output directory,FALSE,environment_config_issue
RCA_01177,GitHub Actions,Rust,deploy,Deployment Failure,AssertionError,AssertionError: expected status 200 but got 500,src/main.rs line 32 in apply_discount,FAILED tests/user_service_test.rs::test_process_order - application returned internal server error,deploy | Deployment Failure | AssertionError | AssertionError: expected status 200 but got 500 | src/main.rs line 32 in apply_discount | FAILED tests/user_service_test.rs::test_process_order - application returned internal server error,TRUE,application_defect
RCA_01476,CircleCI,NodeJS,test,Deployment Failure,MemoryError,MemoryError: process killed because memory limit was exceeded,runner/executor.py line 40,CI job exceeded memory limit during test execution,test | Deployment Failure | MemoryError | MemoryError: process killed because memory limit was exceeded | runner/executor.py line 40 | CI job exceeded memory limit during test execution,TRUE,deployment_issue
RCA_01257,Jenkins,C++,test,Dependency Error,VersionConflict,Version conflict: required spring-core==2.0.0 but installed spring-core==1.4.0,dependency_check.py line 62,Dependency version mismatch in CI environment,test | Dependency Error | VersionConflict | Version conflict: required spring-core==2.0.0 but installed spring-core==1.4.0 | dependency_check.py line 62 | Dependency version mismatch in CI environment,FALSE,dependency_issue
RCA_01226,Azure DevOps,Python,deploy,Timeout,TimeoutError,Job exceeded maximum execution time of 600 seconds,runner/workflow.py line 82,Workflow timed out during test execution | additional context: retry attempted; cache restored; environment variables loaded; exit code 1,deploy | Timeout | TimeoutError | Job exceeded maximum execution time of 600 seconds | runner/workflow.py line 82 | Workflow timed out during test execution | additional context: retry attempted; cache restored; environment variables loaded; exit code 1,FALSE,infrastructure_resource_issue
RCA_01373,Jenkins,Rust,test,Test Failure,FixtureError,fixture 'sample_user' not found,tests/user_service_test.rs line 81,ERROR at setup of tests/user_service_test.rs::test_deploy_health - missing test fixture | additional context: retry attempted; cache restored; environment variables loaded; exit code 1,test | Test Failure | FixtureError | fixture 'sample_user' not found | tests/user_service_test.rs line 81 | ERROR at setup of tests/user_service_test.rs::test_deploy_health - missing test fixture | additional context: retry attempted; cache restored; environment variables loaded; exit code 1,TRUE,environment_config_issue
RCA_00169,Azure DevOps,Python,test,Configuration Error,AssertionError,AssertionError: assert 180 == 190,tests/test_order_service.py line 115,FAILED tests/test_order_service.py::test_calculate_total - expected value in test appears outdated,test | Configuration Error | AssertionError | AssertionError: assert 180 == 190 | tests/test_order_service.py line 115 | FAILED tests/test_order_service.py::test_calculate_total - expected value in test appears outdated,TRUE,test_script_issue
RCA_00197,GitLab CI,Python,build,Configuration Error,AssertionError,AssertionError: assert 180 == 190,tests/test_payment_service.py line 57,FAILED tests/test_payment_service.py::test_apply_discount - expected value in test appears outdated,build | Configuration Error | AssertionError | AssertionError: assert 180 == 190 | tests/test_payment_service.py line 57 | FAILED tests/test_payment_service.py::test_apply_discount - expected value in test appears outdated,TRUE,test_script_issue
RCA_00950,Azure DevOps,Rust,build,Resource Exhaustion,HTTPError,HTTPError: 503 Service Unavailable from upstream service,external_api_client.py line 104,External API returned 503 during tests/order_service_test.rs::test_apply_discount | additional context: retry attempted; cache restored; environment variables loaded; exit code 1,build | Resource Exhaustion | HTTPError | HTTPError: 503 Service Unavailable from upstream service | external_api_client.py line 104 | External API returned 503 during tests/order_service_test.rs::test_apply_discount | additional context: retry attempted; cache restored; environment variables loaded; exit code 1,TRUE,deployment_issue
RCA_01090,CircleCI,C++,build,Resource Exhaustion,ConnectionTimeout,ConnectionTimeout: request timed out after 10 seconds,external_api_client.py line 95,External service call timed out while running tests/test_order_service.cpp::test_process_order | additional context: retry attempted; cache restored; environment variables loaded; exit code 1,build | Resource Exhaustion | ConnectionTimeout | ConnectionTimeout: request timed out after 10 seconds | external_api_client.py line 95 | External service call timed out while running tests/test_order_service.cpp::test_process_order | additional context: retry attempted; cache restored; environment variables loaded; exit code 1,TRUE,network_issue
RCA_00868,GitHub Actions,Python,test,Timeout,SyntaxError,SyntaxError: invalid syntax near 'return',app/payment_service.py line 6,ERROR collecting tests/test_user_service.py::test_payment_validation - syntax error in source file,test | Timeout | SyntaxError | SyntaxError: invalid syntax near 'return' | app/payment_service.py line 6 | ERROR collecting tests/test_user_service.py::test_payment_validation - syntax error in source file,TRUE,application_defect
RCA_01441,Jenkins,C++,build,Dependency Error,TimeoutError,TimeoutError: waiting for element '.user-row' exceeded 10 seconds,tests/test_order_service.cpp line 32,FAILED tests/test_order_service.cpp::test_calculate_total - UI locator or wait condition is unstable,build | Dependency Error | TimeoutError | TimeoutError: waiting for element '.user-row' exceeded 10 seconds | tests/test_order_service.cpp line 32 | FAILED tests/test_order_service.cpp::test_calculate_total - UI locator or wait condition is unstable,TRUE,application_defect
RCA_00745,GitHub Actions,Java,build,Security Scan Failure,AssertionError,AssertionError: expected status 200 but got 500,src/main/java/com/demo/OrderService.java line 97 in validate_payment,FAILED src/test/java/com/demo/UserServiceTest.java::test_calculate_total - application returned internal server error,build | Security Scan Failure | AssertionError | AssertionError: expected status 200 but got 500 | src/main/java/com/demo/OrderService.java line 97 in validate_payment | FAILED src/test/java/com/demo/UserServiceTest.java::test_calculate_total - application returned internal server error,TRUE,application_defect
RCA_00231,Jenkins,Python,test,Configuration Error,AssertionError,AssertionError: expected status 200 but got 500,app/order_service.py line 14 in calculate_total,FAILED tests/test_user_service.py::test_process_order - application returned internal server error,test | Configuration Error | AssertionError | AssertionError: expected status 200 but got 500 | app/order_service.py line 14 in calculate_total | FAILED tests/test_user_service.py::test_process_order - application returned internal server error,TRUE,application_defect
RCA_01167,Azure DevOps,C++,test,Configuration Error,TimeoutError,TimeoutError: waiting for element '#submit-button' exceeded 10 seconds,tests/test_user_service.cpp line 52,FAILED tests/test_user_service.cpp::test_process_order - UI locator or wait condition is unstable,test | Configuration Error | TimeoutError | TimeoutError: waiting for element '#submit-button' exceeded 10 seconds | tests/test_user_service.cpp line 52 | FAILED tests/test_user_service.cpp::test_process_order - UI locator or wait condition is unstable,FALSE,environment_config_issue
RCA_00075,GitHub Actions,Python,deploy,Network Error,SyntaxError,SyntaxError: invalid syntax near 'return',app/order_service.py line 71,ERROR collecting tests/test_calculator.py::test_apply_discount - syntax error in source file,deploy | Network Error | SyntaxError | SyntaxError: invalid syntax near 'return' | app/order_service.py line 71 | ERROR collecting tests/test_calculator.py::test_apply_discount - syntax error in source file,TRUE,application_defect
RCA_00934,GitHub Actions,Rust,deploy,Network Error,DeploymentError,DeploymentError: health check failed after deployment,deploy/health_check.py line 130,Service did not become healthy after deployment,deploy | Network Error | DeploymentError | DeploymentError: health check failed after deployment | deploy/health_check.py line 130 | Service did not become healthy after deployment,TRUE,deployment_issue
RCA_01424,CircleCI,C++,test,Network Error,FileNotFoundError,FileNotFoundError: config/test_config.json not found,app/config.py line 54,Configuration file path does not exist in CI environment,test | Network Error | FileNotFoundError | FileNotFoundError: config/test_config.json not found | app/config.py line 54 | Configuration file path does not exist in CI environment,TRUE,environment_config_issue
RCA_00513,CircleCI,Python,deploy,Security Scan Failure,FileNotFoundError,FileNotFoundError: config/test_config.json not found,app/config.py line 137,Configuration file path does not exist in CI environment | additional context: retry attempted; cache restored; environment variables loaded; exit code 1,deploy | Security Scan Failure | FileNotFoundError | FileNotFoundError: config/test_config.json not found | app/config.py line 137 | Configuration file path does not exist in CI environment | additional context: retry attempted; cache restored; environment variables loaded; exit code 1,TRUE,environment_config_issue
RCA_01069,Jenkins,NodeJS,deploy,Network Error,FileNotFoundError,FileNotFoundError: config/test_config.json not found,app/config.py line 124,Configuration file path does not exist in CI environment,deploy | Network Error | FileNotFoundError | FileNotFoundError: config/test_config.json not found | app/config.py line 124 | Configuration file path does not exist in CI environment,FALSE,environment_config_issue
RCA_00106,CircleCI,Rust,deploy,Deployment Failure,ConnectionTimeout,ConnectionTimeout: request timed out after 60 seconds,external_api_client.py line 61,External service call timed out while running tests/order_service_test.rs::test_payment_validation,deploy | Deployment Failure | ConnectionTimeout | ConnectionTimeout: request timed out after 60 seconds | external_api_client.py line 61 | External service call timed out while running tests/order_service_test.rs::test_payment_validation,TRUE,network_issue
RCA_00656,Jenkins,NodeJS,test,Dependency Error,MemoryError,MemoryError: process killed because memory limit was exceeded,runner/executor.py line 84,CI job exceeded memory limit during test execution | additional context: retry attempted; cache restored; environment variables loaded; exit code 1,test | Dependency Error | MemoryError | MemoryError: process killed because memory limit was exceeded | runner/executor.py line 84 | CI job exceeded memory limit during test execution | additional context: retry attempted; cache restored; environment variables loaded; exit code 1,TRUE,infrastructure_resource_issue
RCA_00484,Jenkins,Rust,test,Build Failure,VersionConflict,Version conflict: required fastapi==2.0.0 but installed fastapi==1.4.0,dependency_check.py line 129,Dependency version mismatch in CI environment,test | Build Failure | VersionConflict | Version conflict: required fastapi==2.0.0 but installed fastapi==1.4.0 | dependency_check.py line 129 | Dependency version mismatch in CI environment,FALSE,dependency_issue
RCA_00862,GitHub Actions,NodeJS,deploy,Build Failure,OSError,OSError: [Errno 28] No space left on device,runner/cache.py line 121,Disk full while restoring cache or building image,deploy | Build Failure | OSError | OSError: [Errno 28] No space left on device | runner/cache.py line 121 | Disk full while restoring cache or building image,TRUE,infrastructure_resource_issue
RCA_01451,Azure DevOps,Rust,deploy,Network Error,VersionConflict,Version conflict: required lodash==2.0.0 but installed lodash==1.4.0,dependency_check.py line 110,Dependency version mismatch in CI environment,deploy | Network Error | VersionConflict | Version conflict: required lodash==2.0.0 but installed lodash==1.4.0 | dependency_check.py line 110 | Dependency version mismatch in CI environment,FALSE,dependency_issue
RCA_00232,GitHub Actions,NodeJS,deploy,Security Scan Failure,OSError,OSError: [Errno 28] No space left on device,runner/cache.py line 90,Disk full while restoring cache or building image,deploy | Security Scan Failure | OSError | OSError: [Errno 28] No space left on device | runner/cache.py line 90 | Disk full while restoring cache or building image,FALSE,test_script_issue
RCA_00511,Jenkins,Java,test,Deployment Failure,DependencyResolutionError,Could not resolve dependency 'pytest>=2.0.0',package_manager.py line 87,Dependency resolver failed during install step,test | Deployment Failure | DependencyResolutionError | Could not resolve dependency 'pytest>=2.0.0' | package_manager.py line 87 | Dependency resolver failed during install step,TRUE,dependency_issue
RCA_00182,CircleCI,C++,deploy,Timeout,FileNotFoundError,FileNotFoundError: config/test_config.json not found,app/config.py line 46,Configuration file path does not exist in CI environment,deploy | Timeout | FileNotFoundError | FileNotFoundError: config/test_config.json not found | app/config.py line 46 | Configuration file path does not exist in CI environment,TRUE,environment_config_issue
RCA_00724,Azure DevOps,Java,test,Resource Exhaustion,AssertionError,AssertionError: assert 180 == 190,src/test/java/com/demo/UserServiceTest.java line 84,FAILED src/test/java/com/demo/UserServiceTest.java::test_create_user - expected value in test appears outdated,test | Resource Exhaustion | AssertionError | AssertionError: assert 180 == 190 | src/test/java/com/demo/UserServiceTest.java line 84 | FAILED src/test/java/com/demo/UserServiceTest.java::test_create_user - expected value in test appears outdated,TRUE,test_script_issue
RCA_01302,GitLab CI,Rust,build,Deployment Failure,DNSResolutionError,Temporary failure in name resolution for host 'auth.service.local',urllib3/connection.py line 11,Max retries exceeded because DNS resolution failed,build | Deployment Failure | DNSResolutionError | Temporary failure in name resolution for host 'auth.service.local' | urllib3/connection.py line 11 | Max retries exceeded because DNS resolution failed,TRUE,network_issue
RCA_00619,Jenkins,Java,deploy,Timeout,FileNotFoundError,FileNotFoundError: config/test_config.json not found,app/config.py line 55,Configuration file path does not exist in CI environment,deploy | Timeout | FileNotFoundError | FileNotFoundError: config/test_config.json not found | app/config.py line 55 | Configuration file path does not exist in CI environment,TRUE,application_defect
RCA_00945,Jenkins,Go,build,Network Error,TimeoutError,TimeoutError: waiting for element 'button.save' exceeded 10 seconds,internal/service/user_service_test.go line 80,FAILED internal/service/user_service_test.go::test_calculate_total - UI locator or wait condition is unstable,build | Network Error | TimeoutError | TimeoutError: waiting for element 'button.save' exceeded 10 seconds | internal/service/user_service_test.go line 80 | FAILED internal/service/user_service_test.go::test_calculate_total - UI locator or wait condition is unstable,FALSE,test_script_issue
RCA_00357,Azure DevOps,NodeJS,build,Test Failure,AssertionError,AssertionError: assert 180 == 190,tests/priceCalculator.test.js line 71,FAILED tests/priceCalculator.test.js::test_deploy_health - expected value in test appears outdated,build | Test Failure | AssertionError | AssertionError: assert 180 == 190 | tests/priceCalculator.test.js line 71 | FAILED tests/priceCalculator.test.js::test_deploy_health - expected value in test appears outdated,TRUE,test_script_issue
RCA_00930,Jenkins,Java,build,Permission Error,ModuleNotFoundError,ModuleNotFoundError: No module named 'junit',src/test/java/com/demo/UserServiceTest.java line 16,ImportError while importing test module because dependency junit is missing,build | Permission Error | ModuleNotFoundError | ModuleNotFoundError: No module named 'junit' | src/test/java/com/demo/UserServiceTest.java line 16 | ImportError while importing test module because dependency junit is missing,FALSE,dependency_issue
RCA_00672,Jenkins,Java,deploy,Dependency Error,HTTPError,HTTPError: 503 Service Unavailable from upstream service,external_api_client.py line 85,External API returned 503 during src/test/java/com/demo/UserServiceTest.java::test_deploy_health,deploy | Dependency Error | HTTPError | HTTPError: 503 Service Unavailable from upstream service | external_api_client.py line 85 | External API returned 503 during src/test/java/com/demo/UserServiceTest.java::test_deploy_health,FALSE,network_issue
RCA_00700,GitHub Actions,Java,test,Test Failure,TimeoutError,TimeoutError: waiting for element '#submit-button' exceeded 10 seconds,src/test/java/com/demo/OrderServiceTest.java line 104,FAILED src/test/java/com/demo/OrderServiceTest.java::test_create_user - UI locator or wait condition is unstable,test | Test Failure | TimeoutError | TimeoutError: waiting for element '#submit-button' exceeded 10 seconds | src/test/java/com/demo/OrderServiceTest.java line 104 | FAILED src/test/java/com/demo/OrderServiceTest.java::test_create_user - UI locator or wait condition is unstable,TRUE,test_script_issue
RCA_01318,GitHub Actions,Go,build,Resource Exhaustion,ConnectionTimeout,ConnectionTimeout: request timed out after 10 seconds,external_api_client.py line 83,External service call timed out while running internal/service/order_service_test.go::test_payment_validation,build | Resource Exhaustion | ConnectionTimeout | ConnectionTimeout: request timed out after 10 seconds | external_api_client.py line 83 | External service call timed out while running internal/service/order_service_test.go::test_payment_validation,FALSE,network_issue
RCA_00475,CircleCI,Rust,test,Security Scan Failure,KeyError,KeyError: 'SERVICE_URL',app/config.py line 63 in load_config,Missing environment variable in CI runner | additional context: retry attempted; cache restored; environment variables loaded; exit code 1,test | Security Scan Failure | KeyError | KeyError: 'SERVICE_URL' | app/config.py line 63 in load_config | Missing environment variable in CI runner | additional context: retry attempted; cache restored; environment variables loaded; exit code 1,FALSE,environment_config_issue
RCA_00088,GitLab CI,Go,deploy,Dependency Error,ImportError,ImportError: cannot import name 'apply_discounts' from application module,internal/service/order_service_test.go line 82,ERROR collecting internal/service/order_service_test.go::test_calculate_total - test imports old function name | additional context: retry attempted; cache restored; environment variables loaded; exit code 1,deploy | Dependency Error | ImportError | ImportError: cannot import name 'apply_discounts' from application module | internal/service/order_service_test.go line 82 | ERROR collecting internal/service/order_service_test.go::test_calculate_total - test imports old function name | additional context: retry attempted; cache restored; environment variables loaded; exit code 1,TRUE,test_script_issue
RCA_01292,CircleCI,Go,test,Test Failure,ConnectionTimeout,ConnectionTimeout: request timed out after 30 seconds,external_api_client.py line 126,External service call timed out while running internal/service/order_service_test.go::test_create_user,test | Test Failure | ConnectionTimeout | ConnectionTimeout: request timed out after 30 seconds | external_api_client.py line 126 | External service call timed out while running internal/service/order_service_test.go::test_create_user,FALSE,infrastructure_resource_issue
RCA_01472,GitLab CI,NodeJS,test,Resource Exhaustion,MigrationError,Database migration failed: column 'status' already exists,migrations/2026_update.sql line 44,Deployment failed during database migration | additional context: retry attempted; cache restored; environment variables loaded; exit code 1,test | Resource Exhaustion | MigrationError | Database migration failed: column 'status' already exists | migrations/2026_update.sql line 44 | Deployment failed during database migration | additional context: retry attempted; cache restored; environment variables loaded; exit code 1,TRUE,deployment_issue
RCA_00447,GitHub Actions,Go,deploy,Test Failure,ImportError,ImportError: cannot import name 'create_users' from application module,internal/service/order_service_test.go line 18,ERROR collecting internal/service/order_service_test.go::test_api_response - test imports old function name | additional context: retry attempted; cache restored; environment variables loaded; exit code 1,deploy | Test Failure | ImportError | ImportError: cannot import name 'create_users' from application module | internal/service/order_service_test.go line 18 | ERROR collecting internal/service/order_service_test.go::test_api_response - test imports old function name | additional context: retry attempted; cache restored; environment variables loaded; exit code 1,TRUE,test_script_issue
RCA_00928,Azure DevOps,Go,deploy,Dependency Error,MigrationError,Database migration failed: column 'status' already exists,migrations/2026_update.sql line 108,Deployment failed during database migration,deploy | Dependency Error | MigrationError | Database migration failed: column 'status' already exists | migrations/2026_update.sql line 108 | Deployment failed during database migration,FALSE,deployment_issue
RCA_01078,CircleCI,Java,test,Network Error,SyntaxError,SyntaxError: invalid syntax near 'return',src/main/java/com/demo/UserService.java line 37,ERROR collecting src/test/java/com/demo/OrderServiceTest.java::test_process_order - syntax error in source file | additional context: retry attempted; cache restored; environment variables loaded; exit code 1,test | Network Error | SyntaxError | SyntaxError: invalid syntax near 'return' | src/main/java/com/demo/UserService.java line 37 | ERROR collecting src/test/java/com/demo/OrderServiceTest.java::test_process_order - syntax error in source file | additional context: retry attempted; cache restored; environment variables loaded; exit code 1,TRUE,application_defect
RCA_00758,Azure DevOps,Rust,deploy,Test Failure,VersionConflict,Version conflict: required junit==2.0.0 but installed junit==1.4.0,dependency_check.py line 128,Dependency version mismatch in CI environment | additional context: retry attempted; cache restored; environment variables loaded; exit code 1,deploy | Test Failure | VersionConflict | Version conflict: required junit==2.0.0 but installed junit==1.4.0 | dependency_check.py line 128 | Dependency version mismatch in CI environment | additional context: retry attempted; cache restored; environment variables loaded; exit code 1,TRUE,dependency_issue
RCA_00032,Azure DevOps,Python,test,Configuration Error,DNSResolutionError,Temporary failure in name resolution for host 'pypi.org',urllib3/connection.py line 30,Max retries exceeded because DNS resolution failed,test | Configuration Error | DNSResolutionError | Temporary failure in name resolution for host 'pypi.org' | urllib3/connection.py line 30 | Max retries exceeded because DNS resolution failed,TRUE,network_issue
RCA_00150,Jenkins,Python,deploy,Dependency Error,DependencyResolutionError,Could not resolve dependency 'lodash>=2.0.0',package_manager.py line 92,Dependency resolver failed during install step,deploy | Dependency Error | DependencyResolutionError | Could not resolve dependency 'lodash>=2.0.0' | package_manager.py line 92 | Dependency resolver failed during install step,FALSE,dependency_issue
RCA_01365,GitHub Actions,Python,deploy,Resource Exhaustion,AssertionError,AssertionError: expected status 200 but got 500,app/order_service.py line 4 in apply_discount,FAILED tests/test_user_service.py::test_create_user - application returned internal server error,deploy | Resource Exhaustion | AssertionError | AssertionError: expected status 200 but got 500 | app/order_service.py line 4 in apply_discount | FAILED tests/test_user_service.py::test_create_user - application returned internal server error,TRUE,application_defect
RCA_01475,CircleCI,C++,deploy,Configuration Error,SyntaxError,SyntaxError: invalid syntax near 'return',src/order_service.cpp line 66,ERROR collecting tests/test_order_service.cpp::test_create_user - syntax error in source file,deploy | Configuration Error | SyntaxError | SyntaxError: invalid syntax near 'return' | src/order_service.cpp line 66 | ERROR collecting tests/test_order_service.cpp::test_create_user - syntax error in source file,FALSE,test_script_issue
RCA_01079,Jenkins,Java,deploy,Timeout,SyntaxError,SyntaxError: invalid syntax near 'return',src/main/java/com/demo/PaymentService.java line 67,ERROR collecting src/test/java/com/demo/UserServiceTest.java::test_payment_validation - syntax error in source file,deploy | Timeout | SyntaxError | SyntaxError: invalid syntax near 'return' | src/main/java/com/demo/PaymentService.java line 67 | ERROR collecting src/test/java/com/demo/UserServiceTest.java::test_payment_validation - syntax error in source file,FALSE,environment_config_issue
RCA_00717,Azure DevOps,C++,test,Build Failure,AssertionError,AssertionError: assert 180 == 190,tests/test_order_service.cpp line 97,FAILED tests/test_order_service.cpp::test_payment_validation - expected value in test appears outdated,test | Build Failure | AssertionError | AssertionError: assert 180 == 190 | tests/test_order_service.cpp line 97 | FAILED tests/test_order_service.cpp::test_payment_validation - expected value in test appears outdated,TRUE,test_script_issue
RCA_01033,CircleCI,Rust,test,Test Failure,KeyError,KeyError: 'SECRET_KEY',app/config.py line 20 in load_config,Missing environment variable in CI runner,test | Test Failure | KeyError | KeyError: 'SECRET_KEY' | app/config.py line 20 in load_config | Missing environment variable in CI runner,TRUE,environment_config_issue
RCA_00704,Jenkins,Python,test,Permission Error,FixtureError,fixture 'sample_user' not found,tests/test_calculator.py line 53,ERROR at setup of tests/test_calculator.py::test_payment_validation - missing test fixture,test | Permission Error | FixtureError | fixture 'sample_user' not found | tests/test_calculator.py line 53 | ERROR at setup of tests/test_calculator.py::test_payment_validation - missing test fixture,TRUE,test_script_issue
RCA_01137,GitHub Actions,NodeJS,test,Resource Exhaustion,KeyError,KeyError: 'API_TOKEN',app/config.py line 134 in load_config,Missing environment variable in CI runner,test | Resource Exhaustion | KeyError | KeyError: 'API_TOKEN' | app/config.py line 134 in load_config | Missing environment variable in CI runner,FALSE,application_defect
RCA_00360,GitHub Actions,Go,build,Permission Error,KeyError,KeyError: 'API_TOKEN',app/config.py line 38 in load_config,Missing environment variable in CI runner,build | Permission Error | KeyError | KeyError: 'API_TOKEN' | app/config.py line 38 in load_config | Missing environment variable in CI runner,TRUE,environment_config_issue
RCA_01452,GitLab CI,C++,test,Network Error,TypeError,TypeError: unsupported operand type(s) for +: 'int' and 'str',src/order_service.cpp line 55 in get_user_profile,FAILED tests/test_user_service.cpp::test_apply_discount - type mismatch in business logic,test | Network Error | TypeError | TypeError: unsupported operand type(s) for +: 'int' and 'str' | src/order_service.cpp line 55 in get_user_profile | FAILED tests/test_user_service.cpp::test_apply_discount - type mismatch in business logic,FALSE,application_defect
RCA_01396,Azure DevOps,Java,build,Resource Exhaustion,DNSResolutionError,Temporary failure in name resolution for host 'api.example.com',urllib3/connection.py line 131,Max retries exceeded because DNS resolution failed,build | Resource Exhaustion | DNSResolutionError | Temporary failure in name resolution for host 'api.example.com' | urllib3/connection.py line 131 | Max retries exceeded because DNS resolution failed,TRUE,network_issue
RCA_00994,GitHub Actions,Rust,test,Security Scan Failure,AssertionError,AssertionError: expected status 200 but got 500,src/main.rs line 13 in create_user,FAILED tests/order_service_test.rs::test_create_user - application returned internal server error,test | Security Scan Failure | AssertionError | AssertionError: expected status 200 but got 500 | src/main.rs line 13 in create_user | FAILED tests/order_service_test.rs::test_create_user - application returned internal server error,FALSE,application_defect
RCA_00775,Jenkins,Java,test,Configuration Error,FixtureError,fixture 'sample_user' not found,src/test/java/com/demo/OrderServiceTest.java line 106,ERROR at setup of src/test/java/com/demo/OrderServiceTest.java::test_calculate_total - missing test fixture | additional context: retry attempted; cache restored; environment variables loaded; exit code 1,test | Configuration Error | FixtureError | fixture 'sample_user' not found | src/test/java/com/demo/OrderServiceTest.java line 106 | ERROR at setup of src/test/java/com/demo/OrderServiceTest.java::test_calculate_total - missing test fixture | additional context: retry attempted; cache restored; environment variables loaded; exit code 1,FALSE,test_script_issue
RCA_01490,CircleCI,C++,build,Deployment Failure,SyntaxError,SyntaxError: invalid syntax near 'return',src/user_service.cpp line 82,ERROR collecting tests/test_user_service.cpp::test_create_user - syntax error in source file | additional context: retry attempted; cache restored; environment variables loaded; exit code 1,build | Deployment Failure | SyntaxError | SyntaxError: invalid syntax near 'return' | src/user_service.cpp line 82 | ERROR collecting tests/test_user_service.cpp::test_create_user - syntax error in source file | additional context: retry attempted; cache restored; environment variables loaded; exit code 1,TRUE,application_defect
RCA_00860,Jenkins,Go,deploy,Permission Error,FixtureError,fixture 'sample_user' not found,internal/service/user_service_test.go line 11,ERROR at setup of internal/service/user_service_test.go::test_process_order - missing test fixture | additional context: retry attempted; cache restored; environment variables loaded; exit code 1,deploy | Permission Error | FixtureError | fixture 'sample_user' not found | internal/service/user_service_test.go line 11 | ERROR at setup of internal/service/user_service_test.go::test_process_order - missing test fixture | additional context: retry attempted; cache restored; environment variables loaded; exit code 1,TRUE,test_script_issue
RCA_01320,GitLab CI,Java,test,Test Failure,PermissionError,PermissionError: cannot write to reports/output.json,app/report.py line 66,CI runner cannot write to report output directory | additional context: retry attempted; cache restored; environment variables loaded; exit code 1,test | Test Failure | PermissionError | PermissionError: cannot write to reports/output.json | app/report.py line 66 | CI runner cannot write to report output directory | additional context: retry attempted; cache restored; environment variables loaded; exit code 1,TRUE,deployment_issue
RCA_00836,CircleCI,NodeJS,deploy,Resource Exhaustion,TimeoutError,Job exceeded maximum execution time of 600 seconds,runner/workflow.py line 59,Workflow timed out during test execution,deploy | Resource Exhaustion | TimeoutError | Job exceeded maximum execution time of 600 seconds | runner/workflow.py line 59 | Workflow timed out during test execution,FALSE,infrastructure_resource_issue
RCA_00910,GitLab CI,C++,test,Security Scan Failure,KeyError,KeyError: 'SERVICE_URL',app/config.py line 104 in load_config,Missing environment variable in CI runner,test | Security Scan Failure | KeyError | KeyError: 'SERVICE_URL' | app/config.py line 104 in load_config | Missing environment variable in CI runner,FALSE,environment_config_issue
RCA_00317,GitLab CI,Go,test,Permission Error,OSError,OSError: [Errno 28] No space left on device,runner/cache.py line 54,Disk full while restoring cache or building image,test | Permission Error | OSError | OSError: [Errno 28] No space left on device | runner/cache.py line 54 | Disk full while restoring cache or building image,FALSE,infrastructure_resource_issue
RCA_00488,GitLab CI,Rust,build,Permission Error,TypeError,TypeError: unsupported operand type(s) for +: 'int' and 'str',src/config.rs line 138 in apply_discount,FAILED tests/order_service_test.rs::test_api_response - type mismatch in business logic,build | Permission Error | TypeError | TypeError: unsupported operand type(s) for +: 'int' and 'str' | src/config.rs line 138 in apply_discount | FAILED tests/order_service_test.rs::test_api_response - type mismatch in business logic,TRUE,application_defect
RCA_00285,Azure DevOps,Java,test,Test Failure,ModuleNotFoundError,ModuleNotFoundError: No module named 'lodash',src/test/java/com/demo/UserServiceTest.java line 55,ImportError while importing test module because dependency lodash is missing,test | Test Failure | ModuleNotFoundError | ModuleNotFoundError: No module named 'lodash' | src/test/java/com/demo/UserServiceTest.java line 55 | ImportError while importing test module because dependency lodash is missing,TRUE,environment_config_issue
RCA_00719,CircleCI,Python,test,Deployment Failure,DependencyResolutionError,Could not resolve dependency 'junit>=2.0.0',package_manager.py line 69,Dependency resolver failed during install step,test | Deployment Failure | DependencyResolutionError | Could not resolve dependency 'junit>=2.0.0' | package_manager.py line 69 | Dependency resolver failed during install step,TRUE,dependency_issue
RCA_00702,GitLab CI,Go,test,Resource Exhaustion,TypeError,TypeError: unsupported operand type(s) for +: 'int' and 'str',cmd/api/main.go line 48 in apply_discount,FAILED internal/service/order_service_test.go::test_create_user - type mismatch in business logic,test | Resource Exhaustion | TypeError | TypeError: unsupported operand type(s) for +: 'int' and 'str' | cmd/api/main.go line 48 in apply_discount | FAILED internal/service/order_service_test.go::test_create_user - type mismatch in business logic,TRUE,application_defect
RCA_00174,CircleCI,C++,build,Deployment Failure,TimeoutError,TimeoutError: waiting for element 'input[name=email]' exceeded 10 seconds,tests/test_user_service.cpp line 65,FAILED tests/test_user_service.cpp::test_create_user - UI locator or wait condition is unstable,build | Deployment Failure | TimeoutError | TimeoutError: waiting for element 'input[name=email]' exceeded 10 seconds | tests/test_user_service.cpp line 65 | FAILED tests/test_user_service.cpp::test_create_user - UI locator or wait condition is unstable,FALSE,test_script_issue
RCA_00526,Azure DevOps,C++,test,Security Scan Failure,ImportError,ImportError: cannot import name 'create_users' from application module,tests/test_user_service.cpp line 95,ERROR collecting tests/test_user_service.cpp::test_api_response - test imports old function name,test | Security Scan Failure | ImportError | ImportError: cannot import name 'create_users' from application module | tests/test_user_service.cpp line 95 | ERROR collecting tests/test_user_service.cpp::test_api_response - test imports old function name,TRUE,test_script_issue
RCA_01171,GitHub Actions,C++,deploy,Build Failure,SyntaxError,SyntaxError: invalid syntax near 'return',src/order_service.cpp line 119,ERROR collecting tests/test_order_service.cpp::test_process_order - syntax error in source file,deploy | Build Failure | SyntaxError | SyntaxError: invalid syntax near 'return' | src/order_service.cpp line 119 | ERROR collecting tests/test_order_service.cpp::test_process_order - syntax error in source file,TRUE,application_defect
RCA_00422,Jenkins,Java,deploy,Configuration Error,NameError,NameError: name 'usr_id' is not defined,src/main/java/com/demo/UserService.java line 9 in validate_payment,FAILED src/test/java/com/demo/OrderServiceTest.java::test_create_user - undefined variable raised from application code,deploy | Configuration Error | NameError | NameError: name 'usr_id' is not defined | src/main/java/com/demo/UserService.java line 9 in validate_payment | FAILED src/test/java/com/demo/OrderServiceTest.java::test_create_user - undefined variable raised from application code,TRUE,application_defect
RCA_00149,GitHub Actions,Rust,build,Dependency Error,FileNotFoundError,FileNotFoundError: config/test_config.json not found,app/config.py line 38,Configuration file path does not exist in CI environment | additional context: retry attempted; cache restored; environment variables loaded; exit code 1,build | Dependency Error | FileNotFoundError | FileNotFoundError: config/test_config.json not found | app/config.py line 38 | Configuration file path does not exist in CI environment | additional context: retry attempted; cache restored; environment variables loaded; exit code 1,TRUE,environment_config_issue
RCA_01389,GitLab CI,Rust,test,Build Failure,ImagePullBackOff,ImagePullBackOff: failed to pull image 'demo-api:latest',kubernetes/deploy.yaml line 46,Deployment failed because container image could not be pulled,test | Build Failure | ImagePullBackOff | ImagePullBackOff: failed to pull image 'demo-api:latest' | kubernetes/deploy.yaml line 46 | Deployment failed because container image could not be pulled,FALSE,deployment_issue
RCA_00374,GitLab CI,C++,build,Security Scan Failure,TypeError,TypeError: unsupported operand type(s) for +: 'int' and 'str',src/user_service.cpp line 86 in create_user,FAILED tests/test_user_service.cpp::test_payment_validation - type mismatch in business logic,build | Security Scan Failure | TypeError | TypeError: unsupported operand type(s) for +: 'int' and 'str' | src/user_service.cpp line 86 in create_user | FAILED tests/test_user_service.cpp::test_payment_validation - type mismatch in business logic,FALSE,application_defect
RCA_00640,Jenkins,NodeJS,deploy,Network Error,NameError,NameError: name 'config_pth' is not defined,src/routes/api.js line 71 in get_user_profile,FAILED tests/userController.test.js::test_api_response - undefined variable raised from application code | additional context: retry attempted; cache restored; environment variables loaded; exit code 1,deploy | Network Error | NameError | NameError: name 'config_pth' is not defined | src/routes/api.js line 71 in get_user_profile | FAILED tests/userController.test.js::test_api_response - undefined variable raised from application code | additional context: retry attempted; cache restored; environment variables loaded; exit code 1,FALSE,application_defect
RCA_01453,GitHub Actions,NodeJS,build,Dependency Error,NameError,NameError: name 'quanity' is not defined,src/routes/api.js line 55 in apply_discount,FAILED tests/priceCalculator.test.js::test_api_response - undefined variable raised from application code,build | Dependency Error | NameError | NameError: name 'quanity' is not defined | src/routes/api.js line 55 in apply_discount | FAILED tests/priceCalculator.test.js::test_api_response - undefined variable raised from application code,TRUE,application_defect
RCA_01399,CircleCI,Go,test,Build Failure,AssertionError,AssertionError: expected status 200 but got 500,internal/service/user_service.go line 107 in validate_payment,FAILED internal/service/user_service_test.go::test_payment_validation - application returned internal server error,test | Build Failure | AssertionError | AssertionError: expected status 200 but got 500 | internal/service/user_service.go line 107 in validate_payment | FAILED internal/service/user_service_test.go::test_payment_validation - application returned internal server error,FALSE,application_defect
RCA_01205,GitLab CI,Java,deploy,Test Failure,AssertionError,AssertionError: assert 180 == 190,src/test/java/com/demo/OrderServiceTest.java line 119,FAILED src/test/java/com/demo/OrderServiceTest.java::test_api_response - expected value in test appears outdated,deploy | Test Failure | AssertionError | AssertionError: assert 180 == 190 | src/test/java/com/demo/OrderServiceTest.java line 119 | FAILED src/test/java/com/demo/OrderServiceTest.java::test_api_response - expected value in test appears outdated,TRUE,test_script_issue
RCA_01336,Azure DevOps,NodeJS,build,Network Error,TypeError,TypeError: unsupported operand type(s) for +: 'int' and 'str',src/controllers/userController.js line 123 in calculate_total,FAILED tests/orderService.test.js::test_api_response - type mismatch in business logic,build | Network Error | TypeError | TypeError: unsupported operand type(s) for +: 'int' and 'str' | src/controllers/userController.js line 123 in calculate_total | FAILED tests/orderService.test.js::test_api_response - type mismatch in business logic,FALSE,application_defect
RCA_00907,Jenkins,Python,build,Security Scan Failure,OSError,OSError: [Errno 28] No space left on device,runner/cache.py line 44,Disk full while restoring cache or building image,build | Security Scan Failure | OSError | OSError: [Errno 28] No space left on device | runner/cache.py line 44 | Disk full while restoring cache or building image,FALSE,infrastructure_resource_issue
RCA_00379,GitHub Actions,C++,deploy,Configuration Error,DeploymentError,DeploymentError: health check failed after deployment,deploy/health_check.py line 91,Service did not become healthy after deployment | additional context: retry attempted; cache restored; environment variables loaded; exit code 1,deploy | Configuration Error | DeploymentError | DeploymentError: health check failed after deployment | deploy/health_check.py line 91 | Service did not become healthy after deployment | additional context: retry attempted; cache restored; environment variables loaded; exit code 1,TRUE,deployment_issue
RCA_00814,Jenkins,C++,build,Resource Exhaustion,TimeoutError,TimeoutError: waiting for element '.user-row' exceeded 10 seconds,tests/test_order_service.cpp line 110,FAILED tests/test_order_service.cpp::test_process_order - UI locator or wait condition is unstable,build | Resource Exhaustion | TimeoutError | TimeoutError: waiting for element '.user-row' exceeded 10 seconds | tests/test_order_service.cpp line 110 | FAILED tests/test_order_service.cpp::test_process_order - UI locator or wait condition is unstable,TRUE,test_script_issue
RCA_00818,CircleCI,Java,test,Network Error,ModuleNotFoundError,ModuleNotFoundError: No module named 'numpy',src/test/java/com/demo/UserServiceTest.java line 120,ImportError while importing test module because dependency numpy is missing,test | Network Error | ModuleNotFoundError | ModuleNotFoundError: No module named 'numpy' | src/test/java/com/demo/UserServiceTest.java line 120 | ImportError while importing test module because dependency numpy is missing,FALSE,dependency_issue
RCA_00127,GitHub Actions,C++,build,Dependency Error,ImportError,ImportError: cannot import name 'validate_payments' from application module,tests/test_order_service.cpp line 51,ERROR collecting tests/test_order_service.cpp::test_apply_discount - test imports old function name,build | Dependency Error | ImportError | ImportError: cannot import name 'validate_payments' from application module | tests/test_order_service.cpp line 51 | ERROR collecting tests/test_order_service.cpp::test_apply_discount - test imports old function name,TRUE,test_script_issue
RCA_01050,GitHub Actions,Python,deploy,Resource Exhaustion,ModuleNotFoundError,ModuleNotFoundError: No module named 'serde',tests/test_user_service.py line 128,ImportError while importing test module because dependency serde is missing,deploy | Resource Exhaustion | ModuleNotFoundError | ModuleNotFoundError: No module named 'serde' | tests/test_user_service.py line 128 | ImportError while importing test module because dependency serde is missing,TRUE,dependency_issue
RCA_01138,GitLab CI,Go,deploy,Test Failure,HTTPError,HTTPError: 503 Service Unavailable from upstream service,external_api_client.py line 12,External API returned 503 during internal/service/order_service_test.go::test_process_order,deploy | Test Failure | HTTPError | HTTPError: 503 Service Unavailable from upstream service | external_api_client.py line 12 | External API returned 503 during internal/service/order_service_test.go::test_process_order,TRUE,network_issue
RCA_00039,Azure DevOps,Python,build,Deployment Failure,DNSResolutionError,Temporary failure in name resolution for host 'auth.service.local',urllib3/connection.py line 24,Max retries exceeded because DNS resolution failed,build | Deployment Failure | DNSResolutionError | Temporary failure in name resolution for host 'auth.service.local' | urllib3/connection.py line 24 | Max retries exceeded because DNS resolution failed,TRUE,network_issue
RCA_01298,GitLab CI,NodeJS,test,Security Scan Failure,SyntaxError,SyntaxError: invalid syntax near 'return',src/utils/priceCalculator.js line 21,ERROR collecting tests/orderService.test.js::test_apply_discount - syntax error in source file,test | Security Scan Failure | SyntaxError | SyntaxError: invalid syntax near 'return' | src/utils/priceCalculator.js line 21 | ERROR collecting tests/orderService.test.js::test_apply_discount - syntax error in source file,FALSE,application_defect
RCA_00626,Azure DevOps,Python,test,Security Scan Failure,ImportError,ImportError: cannot import name 'calculate_totals' from application module,tests/test_order_service.py line 110,ERROR collecting tests/test_order_service.py::test_create_user - test imports old function name | additional context: retry attempted; cache restored; environment variables loaded; exit code 1,test | Security Scan Failure | ImportError | ImportError: cannot import name 'calculate_totals' from application module | tests/test_order_service.py line 110 | ERROR collecting tests/test_order_service.py::test_create_user - test imports old function name | additional context: retry attempted; cache restored; environment variables loaded; exit code 1,TRUE,test_script_issue
RCA_00078,GitHub Actions,Rust,build,Network Error,DNSResolutionError,Temporary failure in name resolution for host 'internal-api.company.local',urllib3/connection.py line 69,Max retries exceeded because DNS resolution failed,build | Network Error | DNSResolutionError | Temporary failure in name resolution for host 'internal-api.company.local' | urllib3/connection.py line 69 | Max retries exceeded because DNS resolution failed,FALSE,network_issue
RCA_01473,Azure DevOps,C++,build,Dependency Error,ImagePullBackOff,ImagePullBackOff: failed to pull image 'registry.internal/order-api:1.2.0',kubernetes/deploy.yaml line 102,Deployment failed because container image could not be pulled | additional context: retry attempted; cache restored; environment variables loaded; exit code 1,build | Dependency Error | ImagePullBackOff | ImagePullBackOff: failed to pull image 'registry.internal/order-api:1.2.0' | kubernetes/deploy.yaml line 102 | Deployment failed because container image could not be pulled | additional context: retry attempted; cache restored; environment variables loaded; exit code 1,TRUE,deployment_issue
RCA_00580,Jenkins,Java,test,Resource Exhaustion,ConnectionTimeout,ConnectionTimeout: request timed out after 60 seconds,external_api_client.py line 42,External service call timed out while running src/test/java/com/demo/OrderServiceTest.java::test_calculate_total,test | Resource Exhaustion | ConnectionTimeout | ConnectionTimeout: request timed out after 60 seconds | external_api_client.py line 42 | External service call timed out while running src/test/java/com/demo/OrderServiceTest.java::test_calculate_total,FALSE,network_issue
RCA_00730,Jenkins,NodeJS,test,Build Failure,AssertionError,AssertionError: assert 180 == 190,tests/priceCalculator.test.js line 42,FAILED tests/priceCalculator.test.js::test_api_response - expected value in test appears outdated,test | Build Failure | AssertionError | AssertionError: assert 180 == 190 | tests/priceCalculator.test.js line 42 | FAILED tests/priceCalculator.test.js::test_api_response - expected value in test appears outdated,FALSE,test_script_issue
RCA_00421,Jenkins,Python,deploy,Deployment Failure,VersionConflict,Version conflict: required numpy==2.0.0 but installed numpy==1.4.0,dependency_check.py line 81,Dependency version mismatch in CI environment,deploy | Deployment Failure | VersionConflict | Version conflict: required numpy==2.0.0 but installed numpy==1.4.0 | dependency_check.py line 81 | Dependency version mismatch in CI environment,TRUE,dependency_issue
RCA_01223,Azure DevOps,Python,build,Permission Error,TypeError,TypeError: unsupported operand type(s) for +: 'int' and 'str',app/calculator.py line 29 in get_user_profile,FAILED tests/test_payment_service.py::test_api_response - type mismatch in business logic,build | Permission Error | TypeError | TypeError: unsupported operand type(s) for +: 'int' and 'str' | app/calculator.py line 29 in get_user_profile | FAILED tests/test_payment_service.py::test_api_response - type mismatch in business logic,FALSE,application_defect
RCA_00244,GitHub Actions,C++,deploy,Permission Error,MemoryError,MemoryError: process killed because memory limit was exceeded,runner/executor.py line 24,CI job exceeded memory limit during test execution | additional context: retry attempted; cache restored; environment variables loaded; exit code 1,deploy | Permission Error | MemoryError | MemoryError: process killed because memory limit was exceeded | runner/executor.py line 24 | CI job exceeded memory limit during test execution | additional context: retry attempted; cache restored; environment variables loaded; exit code 1,TRUE,infrastructure_resource_issue
RCA_00530,GitHub Actions,Go,deploy,Configuration Error,TimeoutError,TimeoutError: waiting for element 'button.save' exceeded 10 seconds,internal/service/order_service_test.go line 109,FAILED internal/service/order_service_test.go::test_create_user - UI locator or wait condition is unstable,deploy | Configuration Error | TimeoutError | TimeoutError: waiting for element 'button.save' exceeded 10 seconds | internal/service/order_service_test.go line 109 | FAILED internal/service/order_service_test.go::test_create_user - UI locator or wait condition is unstable,TRUE,test_script_issue
RCA_00041,Jenkins,Rust,test,Timeout,NameError,NameError: name 'quanity' is not defined,src/user_service.rs line 101 in validate_payment,FAILED tests/order_service_test.rs::test_calculate_total - undefined variable raised from application code,test | Timeout | NameError | NameError: name 'quanity' is not defined | src/user_service.rs line 101 in validate_payment | FAILED tests/order_service_test.rs::test_calculate_total - undefined variable raised from application code,TRUE,application_defect
RCA_01280,CircleCI,NodeJS,test,Security Scan Failure,DNSResolutionError,Temporary failure in name resolution for host 'registry.npmjs.org',urllib3/connection.py line 106,Max retries exceeded because DNS resolution failed,test | Security Scan Failure | DNSResolutionError | Temporary failure in name resolution for host 'registry.npmjs.org' | urllib3/connection.py line 106 | Max retries exceeded because DNS resolution failed,TRUE,environment_config_issue
RCA_00223,GitLab CI,Rust,build,Network Error,NameError,NameError: name 'total_amunt' is not defined,src/order_service.rs line 131 in validate_payment,FAILED tests/user_service_test.rs::test_api_response - undefined variable raised from application code,build | Network Error | NameError | NameError: name 'total_amunt' is not defined | src/order_service.rs line 131 in validate_payment | FAILED tests/user_service_test.rs::test_api_response - undefined variable raised from application code,FALSE,application_defect
RCA_00816,Jenkins,Java,test,Security Scan Failure,AssertionError,AssertionError: expected status 200 but got 500,src/main/java/com/demo/PaymentService.java line 100 in calculate_total,FAILED src/test/java/com/demo/OrderServiceTest.java::test_process_order - application returned internal server error,test | Security Scan Failure | AssertionError | AssertionError: expected status 200 but got 500 | src/main/java/com/demo/PaymentService.java line 100 in calculate_total | FAILED src/test/java/com/demo/OrderServiceTest.java::test_process_order - application returned internal server error,TRUE,application_defect
RCA_00290,CircleCI,Java,test,Configuration Error,AssertionError,AssertionError: assert 180 == 190,src/test/java/com/demo/OrderServiceTest.java line 36,FAILED src/test/java/com/demo/OrderServiceTest.java::test_api_response - expected value in test appears outdated,test | Configuration Error | AssertionError | AssertionError: assert 180 == 190 | src/test/java/com/demo/OrderServiceTest.java line 36 | FAILED src/test/java/com/demo/OrderServiceTest.java::test_api_response - expected value in test appears outdated,TRUE,test_script_issue
RCA_00307,Jenkins,NodeJS,build,Test Failure,ImportError,ImportError: cannot import name 'create_users' from application module,tests/priceCalculator.test.js line 20,ERROR collecting tests/priceCalculator.test.js::test_create_user - test imports old function name,build | Test Failure | ImportError | ImportError: cannot import name 'create_users' from application module | tests/priceCalculator.test.js line 20 | ERROR collecting tests/priceCalculator.test.js::test_create_user - test imports old function name,FALSE,test_script_issue
RCA_00450,GitHub Actions,Go,deploy,Test Failure,SyntaxError,SyntaxError: invalid syntax near 'return',internal/service/order_service.go line 7,ERROR collecting internal/service/order_service_test.go::test_process_order - syntax error in source file,deploy | Test Failure | SyntaxError | SyntaxError: invalid syntax near 'return' | internal/service/order_service.go line 7 | ERROR collecting internal/service/order_service_test.go::test_process_order - syntax error in source file,FALSE,test_script_issue
RCA_00614,GitHub Actions,C++,deploy,Build Failure,SyntaxError,SyntaxError: invalid syntax near 'return',src/user_service.cpp line 10,ERROR collecting tests/test_user_service.cpp::test_apply_discount - syntax error in source file,deploy | Build Failure | SyntaxError | SyntaxError: invalid syntax near 'return' | src/user_service.cpp line 10 | ERROR collecting tests/test_user_service.cpp::test_apply_discount - syntax error in source file,FALSE,environment_config_issue
RCA_00784,Jenkins,C++,deploy,Build Failure,ImagePullBackOff,ImagePullBackOff: failed to pull image 'registry.internal/order-api:1.2.0',kubernetes/deploy.yaml line 76,Deployment failed because container image could not be pulled | additional context: retry attempted; cache restored; environment variables loaded; exit code 1,deploy | Build Failure | ImagePullBackOff | ImagePullBackOff: failed to pull image 'registry.internal/order-api:1.2.0' | kubernetes/deploy.yaml line 76 | Deployment failed because container image could not be pulled | additional context: retry attempted; cache restored; environment variables loaded; exit code 1,FALSE,environment_config_issue
RCA_00219,Jenkins,Rust,test,Security Scan Failure,DeploymentError,DeploymentError: health check failed after deployment,deploy/health_check.py line 109,Service did not become healthy after deployment,test | Security Scan Failure | DeploymentError | DeploymentError: health check failed after deployment | deploy/health_check.py line 109 | Service did not become healthy after deployment,FALSE,deployment_issue
RCA_01253,CircleCI,NodeJS,build,Resource Exhaustion,ConnectionTimeout,ConnectionTimeout: request timed out after 10 seconds,external_api_client.py line 73,External service call timed out while running tests/priceCalculator.test.js::test_calculate_total,build | Resource Exhaustion | ConnectionTimeout | ConnectionTimeout: request timed out after 10 seconds | external_api_client.py line 73 | External service call timed out while running tests/priceCalculator.test.js::test_calculate_total,TRUE,network_issue
RCA_00504,GitLab CI,Rust,build,Timeout,TimeoutError,TimeoutError: waiting for element 'input[name=email]' exceeded 10 seconds,tests/user_service_test.rs line 117,FAILED tests/user_service_test.rs::test_calculate_total - UI locator or wait condition is unstable,build | Timeout | TimeoutError | TimeoutError: waiting for element 'input[name=email]' exceeded 10 seconds | tests/user_service_test.rs line 117 | FAILED tests/user_service_test.rs::test_calculate_total - UI locator or wait condition is unstable,FALSE,environment_config_issue
RCA_01099,Jenkins,NodeJS,deploy,Timeout,VersionConflict,Version conflict: required lodash==2.0.0 but installed lodash==1.4.0,dependency_check.py line 49,Dependency version mismatch in CI environment,deploy | Timeout | VersionConflict | Version conflict: required lodash==2.0.0 but installed lodash==1.4.0 | dependency_check.py line 49 | Dependency version mismatch in CI environment,TRUE,dependency_issue
RCA_00523,CircleCI,Rust,build,Resource Exhaustion,ConnectionTimeout,ConnectionTimeout: request timed out after 10 seconds,external_api_client.py line 120,External service call timed out while running tests/order_service_test.rs::test_calculate_total,build | Resource Exhaustion | ConnectionTimeout | ConnectionTimeout: request timed out after 10 seconds | external_api_client.py line 120 | External service call timed out while running tests/order_service_test.rs::test_calculate_total,FALSE,network_issue
RCA_01454,Jenkins,C++,test,Network Error,OSError,OSError: [Errno 28] No space left on device,runner/cache.py line 101,Disk full while restoring cache or building image | additional context: retry attempted; cache restored; environment variables loaded; exit code 1,test | Network Error | OSError | OSError: [Errno 28] No space left on device | runner/cache.py line 101 | Disk full while restoring cache or building image | additional context: retry attempted; cache restored; environment variables loaded; exit code 1,FALSE,infrastructure_resource_issue
RCA_00362,Jenkins,C++,build,Build Failure,SyntaxError,SyntaxError: invalid syntax near 'return',src/config.cpp line 14,ERROR collecting tests/test_user_service.cpp::test_api_response - syntax error in source file,build | Build Failure | SyntaxError | SyntaxError: invalid syntax near 'return' | src/config.cpp line 14 | ERROR collecting tests/test_user_service.cpp::test_api_response - syntax error in source file,FALSE,application_defect
RCA_00273,CircleCI,NodeJS,test,Resource Exhaustion,HTTPError,HTTPError: 503 Service Unavailable from upstream service,external_api_client.py line 14,External API returned 503 during tests/orderService.test.js::test_create_user,test | Resource Exhaustion | HTTPError | HTTPError: 503 Service Unavailable from upstream service | external_api_client.py line 14 | External API returned 503 during tests/orderService.test.js::test_create_user,FALSE,deployment_issue
RCA_00006,CircleCI,Rust,test,Security Scan Failure,VersionConflict,Version conflict: required lodash==2.0.0 but installed lodash==1.4.0,dependency_check.py line 52,Dependency version mismatch in CI environment,test | Security Scan Failure | VersionConflict | Version conflict: required lodash==2.0.0 but installed lodash==1.4.0 | dependency_check.py line 52 | Dependency version mismatch in CI environment,TRUE,dependency_issue
RCA_01413,GitLab CI,Python,build,Timeout,ConnectionTimeout,ConnectionTimeout: request timed out after 30 seconds,external_api_client.py line 19,External service call timed out while running tests/test_calculator.py::test_create_user | additional context: retry attempted; cache restored; environment variables loaded; exit code 1,build | Timeout | ConnectionTimeout | ConnectionTimeout: request timed out after 30 seconds | external_api_client.py line 19 | External service call timed out while running tests/test_calculator.py::test_create_user | additional context: retry attempted; cache restored; environment variables loaded; exit code 1,TRUE,deployment_issue
RCA_01317,Jenkins,NodeJS,build,Timeout,DeploymentError,DeploymentError: health check failed after deployment,deploy/health_check.py line 73,Service did not become healthy after deployment,build | Timeout | DeploymentError | DeploymentError: health check failed after deployment | deploy/health_check.py line 73 | Service did not become healthy after deployment,TRUE,deployment_issue
RCA_00554,GitHub Actions,C++,build,Network Error,HTTPError,HTTPError: 503 Service Unavailable from upstream service,external_api_client.py line 37,External API returned 503 during tests/test_user_service.cpp::test_payment_validation,build | Network Error | HTTPError | HTTPError: 503 Service Unavailable from upstream service | external_api_client.py line 37 | External API returned 503 during tests/test_user_service.cpp::test_payment_validation,FALSE,network_issue
RCA_00938,CircleCI,C++,deploy,Deployment Failure,ModuleNotFoundError,ModuleNotFoundError: No module named 'fastapi',tests/test_user_service.cpp line 133,ImportError while importing test module because dependency fastapi is missing | additional context: retry attempted; cache restored; environment variables loaded; exit code 1,deploy | Deployment Failure | ModuleNotFoundError | ModuleNotFoundError: No module named 'fastapi' | tests/test_user_service.cpp line 133 | ImportError while importing test module because dependency fastapi is missing | additional context: retry attempted; cache restored; environment variables loaded; exit code 1,FALSE,dependency_issue
RCA_00384,CircleCI,Java,build,Resource Exhaustion,DependencyResolutionError,Could not resolve dependency 'junit>=2.0.0',package_manager.py line 132,Dependency resolver failed during install step,build | Resource Exhaustion | DependencyResolutionError | Could not resolve dependency 'junit>=2.0.0' | package_manager.py line 132 | Dependency resolver failed during install step,TRUE,application_defect
RCA_00963,Azure DevOps,Python,build,Network Error,ModuleNotFoundError,ModuleNotFoundError: No module named 'numpy',tests/test_user_service.py line 65,ImportError while importing test module because dependency numpy is missing,build | Network Error | ModuleNotFoundError | ModuleNotFoundError: No module named 'numpy' | tests/test_user_service.py line 65 | ImportError while importing test module because dependency numpy is missing,TRUE,dependency_issue
RCA_00715,GitHub Actions,Java,build,Build Failure,OSError,OSError: [Errno 28] No space left on device,runner/cache.py line 105,Disk full while restoring cache or building image,build | Build Failure | OSError | OSError: [Errno 28] No space left on device | runner/cache.py line 105 | Disk full while restoring cache or building image,TRUE,infrastructure_resource_issue
RCA_00080,Azure DevOps,NodeJS,test,Security Scan Failure,AssertionError,AssertionError: expected status 200 but got 500,src/utils/priceCalculator.js line 109 in apply_discount,FAILED tests/orderService.test.js::test_payment_validation - application returned internal server error,test | Security Scan Failure | AssertionError | AssertionError: expected status 200 but got 500 | src/utils/priceCalculator.js line 109 in apply_discount | FAILED tests/orderService.test.js::test_payment_validation - application returned internal server error,TRUE,application_defect
RCA_00020,GitHub Actions,Rust,build,Configuration Error,NameError,NameError: name 'paylod' is not defined,src/config.rs line 83 in get_user_profile,FAILED tests/order_service_test.rs::test_apply_discount - undefined variable raised from application code,build | Configuration Error | NameError | NameError: name 'paylod' is not defined | src/config.rs line 83 in get_user_profile | FAILED tests/order_service_test.rs::test_apply_discount - undefined variable raised from application code,FALSE,application_defect
RCA_00643,Azure DevOps,Python,build,Build Failure,SyntaxError,SyntaxError: invalid syntax near 'return',app/calculator.py line 90,ERROR collecting tests/test_user_service.py::test_calculate_total - syntax error in source file,build | Build Failure | SyntaxError | SyntaxError: invalid syntax near 'return' | app/calculator.py line 90 | ERROR collecting tests/test_user_service.py::test_calculate_total - syntax error in source file,FALSE,application_defect
RCA_00833,GitLab CI,NodeJS,build,Dependency Error,AssertionError,AssertionError: expected status 200 but got 500,src/controllers/userController.js line 25 in create_user,FAILED tests/priceCalculator.test.js::test_deploy_health - application returned internal server error,build | Dependency Error | AssertionError | AssertionError: expected status 200 but got 500 | src/controllers/userController.js line 25 in create_user | FAILED tests/priceCalculator.test.js::test_deploy_health - application returned internal server error,FALSE,application_defect
RCA_00557,Jenkins,Rust,build,Security Scan Failure,PermissionError,PermissionError: cannot write to reports/output.json,app/report.py line 133,CI runner cannot write to report output directory | additional context: retry attempted; cache restored; environment variables loaded; exit code 1,build | Security Scan Failure | PermissionError | PermissionError: cannot write to reports/output.json | app/report.py line 133 | CI runner cannot write to report output directory | additional context: retry attempted; cache restored; environment variables loaded; exit code 1,FALSE,application_defect
RCA_00522,Jenkins,NodeJS,test,Network Error,ModuleNotFoundError,ModuleNotFoundError: No module named 'spring-core',tests/orderService.test.js line 33,ImportError while importing test module because dependency spring-core is missing | additional context: retry attempted; cache restored; environment variables loaded; exit code 1,test | Network Error | ModuleNotFoundError | ModuleNotFoundError: No module named 'spring-core' | tests/orderService.test.js line 33 | ImportError while importing test module because dependency spring-core is missing | additional context: retry attempted; cache restored; environment variables loaded; exit code 1,FALSE,dependency_issue
RCA_00608,Jenkins,Java,build,Network Error,ImportError,ImportError: cannot import name 'calculate_totals' from application module,src/test/java/com/demo/UserServiceTest.java line 19,ERROR collecting src/test/java/com/demo/UserServiceTest.java::test_process_order - test imports old function name,build | Network Error | ImportError | ImportError: cannot import name 'calculate_totals' from application module | src/test/java/com/demo/UserServiceTest.java line 19 | ERROR collecting src/test/java/com/demo/UserServiceTest.java::test_process_order - test imports old function name,FALSE,test_script_issue
RCA_01400,GitHub Actions,NodeJS,build,Deployment Failure,DeploymentError,DeploymentError: health check failed after deployment,deploy/health_check.py line 113,Service did not become healthy after deployment,build | Deployment Failure | DeploymentError | DeploymentError: health check failed after deployment | deploy/health_check.py line 113 | Service did not become healthy after deployment,TRUE,deployment_issue
RCA_00978,Azure DevOps,Python,deploy,Timeout,ImagePullBackOff,ImagePullBackOff: failed to pull image 'registry.internal/order-api:1.2.0',kubernetes/deploy.yaml line 96,Deployment failed because container image could not be pulled,deploy | Timeout | ImagePullBackOff | ImagePullBackOff: failed to pull image 'registry.internal/order-api:1.2.0' | kubernetes/deploy.yaml line 96 | Deployment failed because container image could not be pulled,FALSE,deployment_issue
RCA_00794,Jenkins,C++,test,Resource Exhaustion,AssertionError,AssertionError: expected status 200 but got 500,src/user_service.cpp line 7 in validate_payment,FAILED tests/test_user_service.cpp::test_process_order - application returned internal server error | additional context: retry attempted; cache restored; environment variables loaded; exit code 1,test | Resource Exhaustion | AssertionError | AssertionError: expected status 200 but got 500 | src/user_service.cpp line 7 in validate_payment | FAILED tests/test_user_service.cpp::test_process_order - application returned internal server error | additional context: retry attempted; cache restored; environment variables loaded; exit code 1,TRUE,application_defect
RCA_01203,Azure DevOps,NodeJS,deploy,Deployment Failure,FixtureError,fixture 'sample_user' not found,tests/userController.test.js line 84,ERROR at setup of tests/userController.test.js::test_payment_validation - missing test fixture,deploy | Deployment Failure | FixtureError | fixture 'sample_user' not found | tests/userController.test.js line 84 | ERROR at setup of tests/userController.test.js::test_payment_validation - missing test fixture,FALSE,test_script_issue
RCA_00956,GitLab CI,Python,build,Timeout,TypeError,TypeError: unsupported operand type(s) for +: 'int' and 'str',app/payment_service.py line 19 in validate_payment,FAILED tests/test_payment_service.py::test_payment_validation - type mismatch in business logic | additional context: retry attempted; cache restored; environment variables loaded; exit code 1,build | Timeout | TypeError | TypeError: unsupported operand type(s) for +: 'int' and 'str' | app/payment_service.py line 19 in validate_payment | FAILED tests/test_payment_service.py::test_payment_validation - type mismatch in business logic | additional context: retry attempted; cache restored; environment variables loaded; exit code 1,TRUE,application_defect
RCA_00634,Azure DevOps,Python,deploy,Timeout,AssertionError,AssertionError: expected status 200 but got 500,app/calculator.py line 53 in calculate_total,FAILED tests/test_calculator.py::test_deploy_health - application returned internal server error,deploy | Timeout | AssertionError | AssertionError: expected status 200 but got 500 | app/calculator.py line 53 in calculate_total | FAILED tests/test_calculator.py::test_deploy_health - application returned internal server error,TRUE,test_script_issue
RCA_00573,GitHub Actions,Java,build,Dependency Error,TypeError,TypeError: unsupported operand type(s) for +: 'int' and 'str',src/main/java/com/demo/PaymentService.java line 76 in apply_discount,FAILED src/test/java/com/demo/OrderServiceTest.java::test_payment_validation - type mismatch in business logic,build | Dependency Error | TypeError | TypeError: unsupported operand type(s) for +: 'int' and 'str' | src/main/java/com/demo/PaymentService.java line 76 in apply_discount | FAILED src/test/java/com/demo/OrderServiceTest.java::test_payment_validation - type mismatch in business logic,TRUE,test_script_issue
RCA_00448,Azure DevOps,Python,test,Test Failure,SyntaxError,SyntaxError: invalid syntax near 'return',app/calculator.py line 120,ERROR collecting tests/test_order_service.py::test_apply_discount - syntax error in source file | additional context: retry attempted; cache restored; environment variables loaded; exit code 1,test | Test Failure | SyntaxError | SyntaxError: invalid syntax near 'return' | app/calculator.py line 120 | ERROR collecting tests/test_order_service.py::test_apply_discount - syntax error in source file | additional context: retry attempted; cache restored; environment variables loaded; exit code 1,FALSE,application_defect
RCA_01232,Azure DevOps,NodeJS,deploy,Build Failure,NameError,NameError: name 'quanity' is not defined,src/services/orderService.js line 39 in validate_payment,FAILED tests/priceCalculator.test.js::test_payment_validation - undefined variable raised from application code,deploy | Build Failure | NameError | NameError: name 'quanity' is not defined | src/services/orderService.js line 39 in validate_payment | FAILED tests/priceCalculator.test.js::test_payment_validation - undefined variable raised from application code,TRUE,application_defect
RCA_00115,Azure DevOps,C++,build,Deployment Failure,TimeoutError,TimeoutError: waiting for element '#submit-button' exceeded 10 seconds,tests/test_user_service.cpp line 42,FAILED tests/test_user_service.cpp::test_process_order - UI locator or wait condition is unstable,build | Deployment Failure | TimeoutError | TimeoutError: waiting for element '#submit-button' exceeded 10 seconds | tests/test_user_service.cpp line 42 | FAILED tests/test_user_service.cpp::test_process_order - UI locator or wait condition is unstable,FALSE,test_script_issue
RCA_00703,CircleCI,Rust,deploy,Build Failure,DeploymentError,DeploymentError: health check failed after deployment,deploy/health_check.py line 88,Service did not become healthy after deployment,deploy | Build Failure | DeploymentError | DeploymentError: health check failed after deployment | deploy/health_check.py line 88 | Service did not become healthy after deployment,TRUE,deployment_issue
RCA_00990,Jenkins,Java,build,Deployment Failure,DNSResolutionError,Temporary failure in name resolution for host 'api.example.com',urllib3/connection.py line 118,Max retries exceeded because DNS resolution failed,build | Deployment Failure | DNSResolutionError | Temporary failure in name resolution for host 'api.example.com' | urllib3/connection.py line 118 | Max retries exceeded because DNS resolution failed,FALSE,network_issue
RCA_00497,Jenkins,Python,build,Timeout,MemoryError,MemoryError: process killed because memory limit was exceeded,runner/executor.py line 86,CI job exceeded memory limit during test execution,build | Timeout | MemoryError | MemoryError: process killed because memory limit was exceeded | runner/executor.py line 86 | CI job exceeded memory limit during test execution,TRUE,infrastructure_resource_issue
RCA_01497,Jenkins,Rust,deploy,Build Failure,HTTPError,HTTPError: 503 Service Unavailable from upstream service,external_api_client.py line 49,External API returned 503 during tests/order_service_test.rs::test_deploy_health | additional context: retry attempted; cache restored; environment variables loaded; exit code 1,deploy | Build Failure | HTTPError | HTTPError: 503 Service Unavailable from upstream service | external_api_client.py line 49 | External API returned 503 during tests/order_service_test.rs::test_deploy_health | additional context: retry attempted; cache restored; environment variables loaded; exit code 1,FALSE,network_issue
RCA_01165,CircleCI,Rust,build,Permission Error,KeyError,KeyError: 'API_TOKEN',app/config.py line 54 in load_config,Missing environment variable in CI runner,build | Permission Error | KeyError | KeyError: 'API_TOKEN' | app/config.py line 54 in load_config | Missing environment variable in CI runner,FALSE,environment_config_issue
RCA_00120,GitLab CI,Go,build,Deployment Failure,SASTFinding,SAST found SQL injection risk in function 'process_order',internal/config/config.go line 135,Static analysis found security issue,build | Deployment Failure | SASTFinding | SAST found SQL injection risk in function 'process_order' | internal/config/config.go line 135 | Static analysis found security issue,TRUE,deployment_issue
RCA_00865,GitHub Actions,Python,deploy,Timeout,FileNotFoundError,FileNotFoundError: config/test_config.json not found,app/config.py line 112,Configuration file path does not exist in CI environment,deploy | Timeout | FileNotFoundError | FileNotFoundError: config/test_config.json not found | app/config.py line 112 | Configuration file path does not exist in CI environment,FALSE,deployment_issue
RCA_00255,Jenkins,Java,build,Test Failure,SecretDetected,Secret scanning detected possible credential in 'src/main/java/com/demo/PaymentService.java',security/scanner.py line 21,Secret detected by repository scan policy | additional context: retry attempted; cache restored; environment variables loaded; exit code 1,build | Test Failure | SecretDetected | Secret scanning detected possible credential in 'src/main/java/com/demo/PaymentService.java' | security/scanner.py line 21 | Secret detected by repository scan policy | additional context: retry attempted; cache restored; environment variables loaded; exit code 1,FALSE,security_policy_issue
RCA_00713,GitHub Actions,NodeJS,test,Timeout,DNSResolutionError,Temporary failure in name resolution for host 'api.example.com',urllib3/connection.py line 93,Max retries exceeded because DNS resolution failed,test | Timeout | DNSResolutionError | Temporary failure in name resolution for host 'api.example.com' | urllib3/connection.py line 93 | Max retries exceeded because DNS resolution failed,FALSE,network_issue
RCA_00469,GitHub Actions,Go,deploy,Timeout,PermissionError,PermissionError: cannot write to reports/output.json,app/report.py line 61,CI runner cannot write to report output directory,deploy | Timeout | PermissionError | PermissionError: cannot write to reports/output.json | app/report.py line 61 | CI runner cannot write to report output directory,TRUE,environment_config_issue
RCA_01046,Azure DevOps,Rust,deploy,Build Failure,SyntaxError,SyntaxError: invalid syntax near 'return',src/order_service.rs line 89,ERROR collecting tests/order_service_test.rs::test_calculate_total - syntax error in source file,deploy | Build Failure | SyntaxError | SyntaxError: invalid syntax near 'return' | src/order_service.rs line 89 | ERROR collecting tests/order_service_test.rs::test_calculate_total - syntax error in source file,TRUE,application_defect
RCA_01360,Jenkins,NodeJS,test,Permission Error,VersionConflict,Version conflict: required serde==2.0.0 but installed serde==1.4.0,dependency_check.py line 99,Dependency version mismatch in CI environment,test | Permission Error | VersionConflict | Version conflict: required serde==2.0.0 but installed serde==1.4.0 | dependency_check.py line 99 | Dependency version mismatch in CI environment,TRUE,dependency_issue
RCA_01328,GitHub Actions,Java,build,Timeout,NameError,NameError: name 'usr_id' is not defined,src/main/java/com/demo/UserService.java line 140 in create_user,FAILED src/test/java/com/demo/OrderServiceTest.java::test_apply_discount - undefined variable raised from application code,build | Timeout | NameError | NameError: name 'usr_id' is not defined | src/main/java/com/demo/UserService.java line 140 in create_user | FAILED src/test/java/com/demo/OrderServiceTest.java::test_apply_discount - undefined variable raised from application code,TRUE,environment_config_issue
RCA_00030,Jenkins,Rust,test,Resource Exhaustion,DeploymentError,DeploymentError: health check failed after deployment,deploy/health_check.py line 114,Service did not become healthy after deployment,test | Resource Exhaustion | DeploymentError | DeploymentError: health check failed after deployment | deploy/health_check.py line 114 | Service did not become healthy after deployment,TRUE,network_issue
RCA_01268,Jenkins,NodeJS,deploy,Resource Exhaustion,TypeError,TypeError: unsupported operand type(s) for +: 'int' and 'str',src/controllers/userController.js line 22 in get_user_profile,FAILED tests/priceCalculator.test.js::test_process_order - type mismatch in business logic,deploy | Resource Exhaustion | TypeError | TypeError: unsupported operand type(s) for +: 'int' and 'str' | src/controllers/userController.js line 22 in get_user_profile | FAILED tests/priceCalculator.test.js::test_process_order - type mismatch in business logic,TRUE,application_defect
RCA_00617,GitHub Actions,C++,deploy,Timeout,TimeoutError,TimeoutError: waiting for element 'input[name=email]' exceeded 10 seconds,tests/test_user_service.cpp line 129,FAILED tests/test_user_service.cpp::test_calculate_total - UI locator or wait condition is unstable,deploy | Timeout | TimeoutError | TimeoutError: waiting for element 'input[name=email]' exceeded 10 seconds | tests/test_user_service.cpp line 129 | FAILED tests/test_user_service.cpp::test_calculate_total - UI locator or wait condition is unstable,FALSE,application_defect
RCA_00912,Jenkins,Rust,test,Network Error,AssertionError,AssertionError: assert 180 == 190,tests/order_service_test.rs line 5,FAILED tests/order_service_test.rs::test_payment_validation - expected value in test appears outdated | additional context: retry attempted; cache restored; environment variables loaded; exit code 1,test | Network Error | AssertionError | AssertionError: assert 180 == 190 | tests/order_service_test.rs line 5 | FAILED tests/order_service_test.rs::test_payment_validation - expected value in test appears outdated | additional context: retry attempted; cache restored; environment variables loaded; exit code 1,TRUE,test_script_issue
RCA_00993,Azure DevOps,Java,test,Test Failure,MigrationError,Database migration failed: column 'status' already exists,migrations/2026_update.sql line 9,Deployment failed during database migration,test | Test Failure | MigrationError | Database migration failed: column 'status' already exists | migrations/2026_update.sql line 9 | Deployment failed during database migration,FALSE,deployment_issue
RCA_00319,Jenkins,Java,test,Build Failure,AssertionError,AssertionError: expected status 200 but got 500,src/main/java/com/demo/OrderService.java line 116 in calculate_total,FAILED src/test/java/com/demo/UserServiceTest.java::test_api_response - application returned internal server error,test | Build Failure | AssertionError | AssertionError: expected status 200 but got 500 | src/main/java/com/demo/OrderService.java line 116 in calculate_total | FAILED src/test/java/com/demo/UserServiceTest.java::test_api_response - application returned internal server error,TRUE,application_defect
RCA_00877,Azure DevOps,Python,test,Permission Error,TypeError,TypeError: unsupported operand type(s) for +: 'int' and 'str',app/config.py line 9 in get_user_profile,FAILED tests/test_payment_service.py::test_deploy_health - type mismatch in business logic,test | Permission Error | TypeError | TypeError: unsupported operand type(s) for +: 'int' and 'str' | app/config.py line 9 in get_user_profile | FAILED tests/test_payment_service.py::test_deploy_health - type mismatch in business logic,FALSE,application_defect
RCA_01158,GitHub Actions,Python,test,Permission Error,ImagePullBackOff,ImagePullBackOff: failed to pull image 'registry.internal/order-api:1.2.0',kubernetes/deploy.yaml line 111,Deployment failed because container image could not be pulled | additional context: retry attempted; cache restored; environment variables loaded; exit code 1,test | Permission Error | ImagePullBackOff | ImagePullBackOff: failed to pull image 'registry.internal/order-api:1.2.0' | kubernetes/deploy.yaml line 111 | Deployment failed because container image could not be pulled | additional context: retry attempted; cache restored; environment variables loaded; exit code 1,FALSE,deployment_issue
RCA_01325,GitHub Actions,Java,deploy,Build Failure,ImportError,ImportError: cannot import name 'apply_discounts' from application module,src/test/java/com/demo/UserServiceTest.java line 84,ERROR collecting src/test/java/com/demo/UserServiceTest.java::test_process_order - test imports old function name,deploy | Build Failure | ImportError | ImportError: cannot import name 'apply_discounts' from application module | src/test/java/com/demo/UserServiceTest.java line 84 | ERROR collecting src/test/java/com/demo/UserServiceTest.java::test_process_order - test imports old function name,FALSE,test_script_issue
RCA_01256,GitHub Actions,C++,test,Configuration Error,AssertionError,AssertionError: expected status 200 but got 500,src/main.cpp line 47 in validate_payment,FAILED tests/test_order_service.cpp::test_calculate_total - application returned internal server error,test | Configuration Error | AssertionError | AssertionError: expected status 200 but got 500 | src/main.cpp line 47 in validate_payment | FAILED tests/test_order_service.cpp::test_calculate_total - application returned internal server error,FALSE,application_defect
RCA_00641,Azure DevOps,NodeJS,test,Build Failure,VersionConflict,Version conflict: required requests==2.0.0 but installed requests==1.4.0,dependency_check.py line 138,Dependency version mismatch in CI environment,test | Build Failure | VersionConflict | Version conflict: required requests==2.0.0 but installed requests==1.4.0 | dependency_check.py line 138 | Dependency version mismatch in CI environment,TRUE,security_policy_issue
RCA_00821,GitHub Actions,Java,test,Network Error,DependencyResolutionError,Could not resolve dependency 'lodash>=2.0.0',package_manager.py line 45,Dependency resolver failed during install step,test | Network Error | DependencyResolutionError | Could not resolve dependency 'lodash>=2.0.0' | package_manager.py line 45 | Dependency resolver failed during install step,FALSE,dependency_issue
RCA_01443,Jenkins,Rust,test,Permission Error,SASTFinding,SAST found SQL injection risk in function 'validate_payment',src/main.rs line 139,Static analysis found security issue,test | Permission Error | SASTFinding | SAST found SQL injection risk in function 'validate_payment' | src/main.rs line 139 | Static analysis found security issue,FALSE,security_policy_issue
RCA_00892,CircleCI,NodeJS,deploy,Build Failure,AssertionError,AssertionError: expected status 200 but got 500,src/utils/priceCalculator.js line 101 in create_user,FAILED tests/priceCalculator.test.js::test_process_order - application returned internal server error | additional context: retry attempted; cache restored; environment variables loaded; exit code 1,deploy | Build Failure | AssertionError | AssertionError: expected status 200 but got 500 | src/utils/priceCalculator.js line 101 in create_user | FAILED tests/priceCalculator.test.js::test_process_order - application returned internal server error | additional context: retry attempted; cache restored; environment variables loaded; exit code 1,FALSE,application_defect
RCA_00220,Jenkins,Rust,deploy,Build Failure,DependencyResolutionError,Could not resolve dependency 'numpy>=2.0.0',package_manager.py line 31,Dependency resolver failed during install step,deploy | Build Failure | DependencyResolutionError | Could not resolve dependency 'numpy>=2.0.0' | package_manager.py line 31 | Dependency resolver failed during install step,FALSE,dependency_issue
RCA_00652,Jenkins,NodeJS,test,Security Scan Failure,NameError,NameError: name 'config_pth' is not defined,src/utils/priceCalculator.js line 7 in create_user,FAILED tests/priceCalculator.test.js::test_calculate_total - undefined variable raised from application code,test | Security Scan Failure | NameError | NameError: name 'config_pth' is not defined | src/utils/priceCalculator.js line 7 in create_user | FAILED tests/priceCalculator.test.js::test_calculate_total - undefined variable raised from application code,FALSE,application_defect
RCA_00142,Jenkins,C++,test,Security Scan Failure,VersionConflict,Version conflict: required pytest==2.0.0 but installed pytest==1.4.0,dependency_check.py line 16,Dependency version mismatch in CI environment,test | Security Scan Failure | VersionConflict | Version conflict: required pytest==2.0.0 but installed pytest==1.4.0 | dependency_check.py line 16 | Dependency version mismatch in CI environment,TRUE,dependency_issue
RCA_00318,GitLab CI,Python,test,Network Error,DependencyResolutionError,Could not resolve dependency 'lodash>=2.0.0',package_manager.py line 125,Dependency resolver failed during install step | additional context: retry attempted; cache restored; environment variables loaded; exit code 1,test | Network Error | DependencyResolutionError | Could not resolve dependency 'lodash>=2.0.0' | package_manager.py line 125 | Dependency resolver failed during install step | additional context: retry attempted; cache restored; environment variables loaded; exit code 1,TRUE,environment_config_issue
RCA_01478,Azure DevOps,Rust,test,Timeout,ImportError,ImportError: cannot import name 'validate_payments' from application module,tests/user_service_test.rs line 35,ERROR collecting tests/user_service_test.rs::test_create_user - test imports old function name,test | Timeout | ImportError | ImportError: cannot import name 'validate_payments' from application module | tests/user_service_test.rs line 35 | ERROR collecting tests/user_service_test.rs::test_create_user - test imports old function name,FALSE,application_defect
RCA_00505,GitLab CI,Rust,test,Deployment Failure,KeyError,KeyError: 'GITHUB_TOKEN',app/config.py line 67 in load_config,Missing environment variable in CI runner,test | Deployment Failure | KeyError | KeyError: 'GITHUB_TOKEN' | app/config.py line 67 in load_config | Missing environment variable in CI runner,FALSE,environment_config_issue
RCA_00743,Jenkins,C++,test,Test Failure,PermissionError,PermissionError: cannot write to reports/output.json,app/report.py line 60,CI runner cannot write to report output directory,test | Test Failure | PermissionError | PermissionError: cannot write to reports/output.json | app/report.py line 60 | CI runner cannot write to report output directory,FALSE,environment_config_issue
RCA_01242,GitLab CI,C++,deploy,Deployment Failure,HTTPError,HTTPError: 503 Service Unavailable from upstream service,external_api_client.py line 118,External API returned 503 during tests/test_user_service.cpp::test_deploy_health,deploy | Deployment Failure | HTTPError | HTTPError: 503 Service Unavailable from upstream service | external_api_client.py line 118 | External API returned 503 during tests/test_user_service.cpp::test_deploy_health,TRUE,network_issue
RCA_01005,Jenkins,C++,test,Security Scan Failure,SyntaxError,SyntaxError: invalid syntax near 'return',src/order_service.cpp line 66,ERROR collecting tests/test_order_service.cpp::test_payment_validation - syntax error in source file,test | Security Scan Failure | SyntaxError | SyntaxError: invalid syntax near 'return' | src/order_service.cpp line 66 | ERROR collecting tests/test_order_service.cpp::test_payment_validation - syntax error in source file,TRUE,application_defect
RCA_00541,GitHub Actions,NodeJS,build,Resource Exhaustion,ModuleNotFoundError,ModuleNotFoundError: No module named 'numpy',tests/userController.test.js line 128,ImportError while importing test module because dependency numpy is missing,build | Resource Exhaustion | ModuleNotFoundError | ModuleNotFoundError: No module named 'numpy' | tests/userController.test.js line 128 | ImportError while importing test module because dependency numpy is missing,FALSE,security_policy_issue
RCA_00739,Jenkins,NodeJS,build,Configuration Error,TypeError,TypeError: unsupported operand type(s) for +: 'int' and 'str',src/routes/api.js line 103 in process_order,FAILED tests/priceCalculator.test.js::test_payment_validation - type mismatch in business logic,build | Configuration Error | TypeError | TypeError: unsupported operand type(s) for +: 'int' and 'str' | src/routes/api.js line 103 in process_order | FAILED tests/priceCalculator.test.js::test_payment_validation - type mismatch in business logic,TRUE,application_defect
RCA_00664,Azure DevOps,Go,build,Permission Error,SyntaxError,SyntaxError: invalid syntax near 'return',cmd/api/main.go line 135,ERROR collecting internal/service/user_service_test.go::test_create_user - syntax error in source file,build | Permission Error | SyntaxError | SyntaxError: invalid syntax near 'return' | cmd/api/main.go line 135 | ERROR collecting internal/service/user_service_test.go::test_create_user - syntax error in source file,TRUE,application_defect
RCA_01398,CircleCI,Rust,test,Permission Error,AssertionError,AssertionError: expected status 200 but got 500,src/user_service.rs line 138 in process_order,FAILED tests/order_service_test.rs::test_deploy_health - application returned internal server error,test | Permission Error | AssertionError | AssertionError: expected status 200 but got 500 | src/user_service.rs line 138 in process_order | FAILED tests/order_service_test.rs::test_deploy_health - application returned internal server error,FALSE,application_defect
RCA_00024,Azure DevOps,Rust,test,Build Failure,AssertionError,AssertionError: expected status 200 but got 500,src/main.rs line 109 in create_user,FAILED tests/order_service_test.rs::test_calculate_total - application returned internal server error | additional context: retry attempted; cache restored; environment variables loaded; exit code 1,test | Build Failure | AssertionError | AssertionError: expected status 200 but got 500 | src/main.rs line 109 in create_user | FAILED tests/order_service_test.rs::test_calculate_total - application returned internal server error | additional context: retry attempted; cache restored; environment variables loaded; exit code 1,FALSE,test_script_issue
RCA_00315,GitLab CI,C++,deploy,Network Error,HTTPError,HTTPError: 503 Service Unavailable from upstream service,external_api_client.py line 122,External API returned 503 during tests/test_order_service.cpp::test_payment_validation,deploy | Network Error | HTTPError | HTTPError: 503 Service Unavailable from upstream service | external_api_client.py line 122 | External API returned 503 during tests/test_order_service.cpp::test_payment_validation,FALSE,network_issue
RCA_01031,GitLab CI,NodeJS,test,Configuration Error,FileNotFoundError,FileNotFoundError: config/test_config.json not found,app/config.py line 6,Configuration file path does not exist in CI environment,test | Configuration Error | FileNotFoundError | FileNotFoundError: config/test_config.json not found | app/config.py line 6 | Configuration file path does not exist in CI environment,TRUE,environment_config_issue
RCA_00411,GitLab CI,C++,test,Resource Exhaustion,DependencyResolutionError,Could not resolve dependency 'requests>=2.0.0',package_manager.py line 28,Dependency resolver failed during install step,test | Resource Exhaustion | DependencyResolutionError | Could not resolve dependency 'requests>=2.0.0' | package_manager.py line 28 | Dependency resolver failed during install step,TRUE,dependency_issue
RCA_01136,CircleCI,Rust,deploy,Security Scan Failure,SyntaxError,SyntaxError: invalid syntax near 'return',src/main.rs line 22,ERROR collecting tests/order_service_test.rs::test_apply_discount - syntax error in source file,deploy | Security Scan Failure | SyntaxError | SyntaxError: invalid syntax near 'return' | src/main.rs line 22 | ERROR collecting tests/order_service_test.rs::test_apply_discount - syntax error in source file,TRUE,environment_config_issue
RCA_00600,Azure DevOps,Python,build,Configuration Error,TimeoutError,TimeoutError: waiting for element '.user-row' exceeded 10 seconds,tests/test_user_service.py line 134,FAILED tests/test_user_service.py::test_create_user - UI locator or wait condition is unstable,build | Configuration Error | TimeoutError | TimeoutError: waiting for element '.user-row' exceeded 10 seconds | tests/test_user_service.py line 134 | FAILED tests/test_user_service.py::test_create_user - UI locator or wait condition is unstable,FALSE,test_script_issue
RCA_00267,GitHub Actions,C++,deploy,Dependency Error,SecretDetected,Secret scanning detected possible credential in 'src/user_service.cpp',security/scanner.py line 18,Secret detected by repository scan policy,deploy | Dependency Error | SecretDetected | Secret scanning detected possible credential in 'src/user_service.cpp' | security/scanner.py line 18 | Secret detected by repository scan policy,TRUE,security_policy_issue
RCA_01418,Jenkins,NodeJS,deploy,Network Error,TimeoutError,TimeoutError: waiting for element '.user-row' exceeded 10 seconds,tests/orderService.test.js line 128,FAILED tests/orderService.test.js::test_calculate_total - UI locator or wait condition is unstable,deploy | Network Error | TimeoutError | TimeoutError: waiting for element '.user-row' exceeded 10 seconds | tests/orderService.test.js line 128 | FAILED tests/orderService.test.js::test_calculate_total - UI locator or wait condition is unstable,FALSE,test_script_issue
RCA_00590,GitLab CI,Rust,build,Test Failure,SyntaxError,SyntaxError: invalid syntax near 'return',src/user_service.rs line 120,ERROR collecting tests/user_service_test.rs::test_api_response - syntax error in source file,build | Test Failure | SyntaxError | SyntaxError: invalid syntax near 'return' | src/user_service.rs line 120 | ERROR collecting tests/user_service_test.rs::test_api_response - syntax error in source file,TRUE,environment_config_issue
RCA_00414,GitHub Actions,Go,deploy,Deployment Failure,SASTFinding,SAST found SQL injection risk in function 'create_user',internal/config/config.go line 101,Static analysis found security issue | additional context: retry attempted; cache restored; environment variables loaded; exit code 1,deploy | Deployment Failure | SASTFinding | SAST found SQL injection risk in function 'create_user' | internal/config/config.go line 101 | Static analysis found security issue | additional context: retry attempted; cache restored; environment variables loaded; exit code 1,FALSE,security_policy_issue
RCA_00981,Azure DevOps,Java,deploy,Test Failure,HTTPError,HTTPError: 503 Service Unavailable from upstream service,external_api_client.py line 107,External API returned 503 during src/test/java/com/demo/UserServiceTest.java::test_process_order,deploy | Test Failure | HTTPError | HTTPError: 503 Service Unavailable from upstream service | external_api_client.py line 107 | External API returned 503 during src/test/java/com/demo/UserServiceTest.java::test_process_order,TRUE,network_issue
RCA_00759,Jenkins,Rust,build,Deployment Failure,DNSResolutionError,Temporary failure in name resolution for host 'pypi.org',urllib3/connection.py line 115,Max retries exceeded because DNS resolution failed,build | Deployment Failure | DNSResolutionError | Temporary failure in name resolution for host 'pypi.org' | urllib3/connection.py line 115 | Max retries exceeded because DNS resolution failed,TRUE,network_issue
RCA_00356,Azure DevOps,C++,test,Network Error,DependencyResolutionError,Could not resolve dependency 'pytest>=2.0.0',package_manager.py line 40,Dependency resolver failed during install step,test | Network Error | DependencyResolutionError | Could not resolve dependency 'pytest>=2.0.0' | package_manager.py line 40 | Dependency resolver failed during install step,FALSE,dependency_issue
RCA_01306,GitHub Actions,Java,build,Build Failure,KeyError,KeyError: 'APP_ENV',app/config.py line 124 in load_config,Missing environment variable in CI runner,build | Build Failure | KeyError | KeyError: 'APP_ENV' | app/config.py line 124 in load_config | Missing environment variable in CI runner,TRUE,environment_config_issue
RCA_01341,Azure DevOps,Go,test,Permission Error,ImportError,ImportError: cannot import name 'calculate_totals' from application module,internal/service/user_service_test.go line 100,ERROR collecting internal/service/user_service_test.go::test_deploy_health - test imports old function name,test | Permission Error | ImportError | ImportError: cannot import name 'calculate_totals' from application module | internal/service/user_service_test.go line 100 | ERROR collecting internal/service/user_service_test.go::test_deploy_health - test imports old function name,TRUE,test_script_issue
RCA_00371,Jenkins,Java,test,Deployment Failure,KeyError,KeyError: 'GITHUB_TOKEN',app/config.py line 16 in load_config,Missing environment variable in CI runner,test | Deployment Failure | KeyError | KeyError: 'GITHUB_TOKEN' | app/config.py line 16 in load_config | Missing environment variable in CI runner,TRUE,environment_config_issue
RCA_01427,Jenkins,Go,test,Resource Exhaustion,VersionConflict,Version conflict: required gin-gonic==2.0.0 but installed gin-gonic==1.4.0,dependency_check.py line 27,Dependency version mismatch in CI environment | additional context: retry attempted; cache restored; environment variables loaded; exit code 1,test | Resource Exhaustion | VersionConflict | Version conflict: required gin-gonic==2.0.0 but installed gin-gonic==1.4.0 | dependency_check.py line 27 | Dependency version mismatch in CI environment | additional context: retry attempted; cache restored; environment variables loaded; exit code 1,FALSE,dependency_issue
RCA_00537,CircleCI,C++,build,Configuration Error,MemoryError,MemoryError: process killed because memory limit was exceeded,runner/executor.py line 17,CI job exceeded memory limit during test execution | additional context: retry attempted; cache restored; environment variables loaded; exit code 1,build | Configuration Error | MemoryError | MemoryError: process killed because memory limit was exceeded | runner/executor.py line 17 | CI job exceeded memory limit during test execution | additional context: retry attempted; cache restored; environment variables loaded; exit code 1,FALSE,network_issue
RCA_00442,GitHub Actions,Go,test,Security Scan Failure,ModuleNotFoundError,ModuleNotFoundError: No module named 'fastapi',internal/service/order_service_test.go line 23,ImportError while importing test module because dependency fastapi is missing | additional context: retry attempted; cache restored; environment variables loaded; exit code 1,test | Security Scan Failure | ModuleNotFoundError | ModuleNotFoundError: No module named 'fastapi' | internal/service/order_service_test.go line 23 | ImportError while importing test module because dependency fastapi is missing | additional context: retry attempted; cache restored; environment variables loaded; exit code 1,TRUE,dependency_issue
RCA_00527,GitHub Actions,Python,deploy,Build Failure,ConnectionTimeout,ConnectionTimeout: request timed out after 10 seconds,external_api_client.py line 122,External service call timed out while running tests/test_payment_service.py::test_payment_validation | additional context: retry attempted; cache restored; environment variables loaded; exit code 1,deploy | Build Failure | ConnectionTimeout | ConnectionTimeout: request timed out after 10 seconds | external_api_client.py line 122 | External service call timed out while running tests/test_payment_service.py::test_payment_validation | additional context: retry attempted; cache restored; environment variables loaded; exit code 1,TRUE,infrastructure_resource_issue
RCA_00585,CircleCI,Java,deploy,Resource Exhaustion,DNSResolutionError,Temporary failure in name resolution for host 'pypi.org',urllib3/connection.py line 140,Max retries exceeded because DNS resolution failed,deploy | Resource Exhaustion | DNSResolutionError | Temporary failure in name resolution for host 'pypi.org' | urllib3/connection.py line 140 | Max retries exceeded because DNS resolution failed,TRUE,network_issue
RCA_00904,GitLab CI,Python,test,Permission Error,PermissionError,PermissionError: cannot write to reports/output.json,app/report.py line 117,CI runner cannot write to report output directory,test | Permission Error | PermissionError | PermissionError: cannot write to reports/output.json | app/report.py line 117 | CI runner cannot write to report output directory,TRUE,dependency_issue
RCA_00404,Jenkins,Java,build,Resource Exhaustion,KeyError,KeyError: 'DATABASE_URL',app/config.py line 114 in load_config,Missing environment variable in CI runner | additional context: retry attempted; cache restored; environment variables loaded; exit code 1,build | Resource Exhaustion | KeyError | KeyError: 'DATABASE_URL' | app/config.py line 114 in load_config | Missing environment variable in CI runner | additional context: retry attempted; cache restored; environment variables loaded; exit code 1,FALSE,environment_config_issue
RCA_00363,GitLab CI,NodeJS,test,Build Failure,TimeoutError,Job exceeded maximum execution time of 600 seconds,runner/workflow.py line 56,Workflow timed out during test execution,test | Build Failure | TimeoutError | Job exceeded maximum execution time of 600 seconds | runner/workflow.py line 56 | Workflow timed out during test execution,FALSE,infrastructure_resource_issue
RCA_01234,GitHub Actions,Java,build,Dependency Error,NameError,NameError: name 'usr_id' is not defined,src/main/java/com/demo/OrderService.java line 112 in create_user,FAILED src/test/java/com/demo/OrderServiceTest.java::test_process_order - undefined variable raised from application code,build | Dependency Error | NameError | NameError: name 'usr_id' is not defined | src/main/java/com/demo/OrderService.java line 112 in create_user | FAILED src/test/java/com/demo/OrderServiceTest.java::test_process_order - undefined variable raised from application code,TRUE,application_defect
RCA_00621,Jenkins,C++,deploy,Dependency Error,DependencyResolutionError,Could not resolve dependency 'gin-gonic>=2.0.0',package_manager.py line 97,Dependency resolver failed during install step,deploy | Dependency Error | DependencyResolutionError | Could not resolve dependency 'gin-gonic>=2.0.0' | package_manager.py line 97 | Dependency resolver failed during install step,FALSE,dependency_issue
RCA_01107,CircleCI,C++,deploy,Configuration Error,ConnectionTimeout,ConnectionTimeout: request timed out after 10 seconds,external_api_client.py line 71,External service call timed out while running tests/test_order_service.cpp::test_calculate_total | additional context: retry attempted; cache restored; environment variables loaded; exit code 1,deploy | Configuration Error | ConnectionTimeout | ConnectionTimeout: request timed out after 10 seconds | external_api_client.py line 71 | External service call timed out while running tests/test_order_service.cpp::test_calculate_total | additional context: retry attempted; cache restored; environment variables loaded; exit code 1,TRUE,network_issue
RCA_00646,Azure DevOps,NodeJS,test,Timeout,MemoryError,MemoryError: process killed because memory limit was exceeded,runner/executor.py line 17,CI job exceeded memory limit during test execution,test | Timeout | MemoryError | MemoryError: process killed because memory limit was exceeded | runner/executor.py line 17 | CI job exceeded memory limit during test execution,TRUE,infrastructure_resource_issue
RCA_01047,Azure DevOps,NodeJS,test,Dependency Error,AssertionError,AssertionError: expected status 200 but got 500,src/routes/api.js line 43 in validate_payment,FAILED tests/orderService.test.js::test_create_user - application returned internal server error,test | Dependency Error | AssertionError | AssertionError: expected status 200 but got 500 | src/routes/api.js line 43 in validate_payment | FAILED tests/orderService.test.js::test_create_user - application returned internal server error,TRUE,application_defect
RCA_00670,GitLab CI,NodeJS,deploy,Dependency Error,FixtureError,fixture 'sample_user' not found,tests/userController.test.js line 88,ERROR at setup of tests/userController.test.js::test_api_response - missing test fixture,deploy | Dependency Error | FixtureError | fixture 'sample_user' not found | tests/userController.test.js line 88 | ERROR at setup of tests/userController.test.js::test_api_response - missing test fixture,FALSE,application_defect
RCA_01025,GitLab CI,Rust,deploy,Network Error,DependencyResolutionError,Could not resolve dependency 'gin-gonic>=2.0.0',package_manager.py line 57,Dependency resolver failed during install step,deploy | Network Error | DependencyResolutionError | Could not resolve dependency 'gin-gonic>=2.0.0' | package_manager.py line 57 | Dependency resolver failed during install step,FALSE,dependency_issue
RCA_00741,CircleCI,NodeJS,test,Deployment Failure,KeyError,KeyError: 'SECRET_KEY',app/config.py line 112 in load_config,Missing environment variable in CI runner,test | Deployment Failure | KeyError | KeyError: 'SECRET_KEY' | app/config.py line 112 in load_config | Missing environment variable in CI runner,TRUE,environment_config_issue
RCA_01166,GitLab CI,Python,build,Test Failure,TimeoutError,TimeoutError: waiting for element '#checkout-confirm' exceeded 10 seconds,tests/test_order_service.py line 17,FAILED tests/test_order_service.py::test_api_response - UI locator or wait condition is unstable,build | Test Failure | TimeoutError | TimeoutError: waiting for element '#checkout-confirm' exceeded 10 seconds | tests/test_order_service.py line 17 | FAILED tests/test_order_service.py::test_api_response - UI locator or wait condition is unstable,FALSE,application_defect
RCA_00941,CircleCI,NodeJS,deploy,Security Scan Failure,MigrationError,Database migration failed: column 'status' already exists,migrations/2026_update.sql line 90,Deployment failed during database migration,deploy | Security Scan Failure | MigrationError | Database migration failed: column 'status' already exists | migrations/2026_update.sql line 90 | Deployment failed during database migration,TRUE,environment_config_issue
RCA_00151,GitLab CI,Go,deploy,Resource Exhaustion,FileNotFoundError,FileNotFoundError: config/test_config.json not found,app/config.py line 114,Configuration file path does not exist in CI environment | additional context: retry attempted; cache restored; environment variables loaded; exit code 1,deploy | Resource Exhaustion | FileNotFoundError | FileNotFoundError: config/test_config.json not found | app/config.py line 114 | Configuration file path does not exist in CI environment | additional context: retry attempted; cache restored; environment variables loaded; exit code 1,TRUE,environment_config_issue
RCA_00408,GitLab CI,Go,build,Security Scan Failure,VersionConflict,Version conflict: required requests==2.0.0 but installed requests==1.4.0,dependency_check.py line 56,Dependency version mismatch in CI environment,build | Security Scan Failure | VersionConflict | Version conflict: required requests==2.0.0 but installed requests==1.4.0 | dependency_check.py line 56 | Dependency version mismatch in CI environment,FALSE,dependency_issue
RCA_01431,GitLab CI,Python,build,Deployment Failure,SyntaxError,SyntaxError: invalid syntax near 'return',app/config.py line 99,ERROR collecting tests/test_order_service.py::test_payment_validation - syntax error in source file | additional context: retry attempted; cache restored; environment variables loaded; exit code 1,build | Deployment Failure | SyntaxError | SyntaxError: invalid syntax near 'return' | app/config.py line 99 | ERROR collecting tests/test_order_service.py::test_payment_validation - syntax error in source file | additional context: retry attempted; cache restored; environment variables loaded; exit code 1,FALSE,application_defect
RCA_00915,Jenkins,Python,test,Deployment Failure,MemoryError,MemoryError: process killed because memory limit was exceeded,runner/executor.py line 37,CI job exceeded memory limit during test execution,test | Deployment Failure | MemoryError | MemoryError: process killed because memory limit was exceeded | runner/executor.py line 37 | CI job exceeded memory limit during test execution,TRUE,infrastructure_resource_issue
RCA_01039,GitLab CI,Python,deploy,Resource Exhaustion,AssertionError,AssertionError: assert 180 == 190,tests/test_calculator.py line 23,FAILED tests/test_calculator.py::test_api_response - expected value in test appears outdated,deploy | Resource Exhaustion | AssertionError | AssertionError: assert 180 == 190 | tests/test_calculator.py line 23 | FAILED tests/test_calculator.py::test_api_response - expected value in test appears outdated,TRUE,test_script_issue
RCA_00972,GitHub Actions,C++,deploy,Configuration Error,PermissionError,PermissionError: cannot write to reports/output.json,app/report.py line 17,CI runner cannot write to report output directory,deploy | Configuration Error | PermissionError | PermissionError: cannot write to reports/output.json | app/report.py line 17 | CI runner cannot write to report output directory,TRUE,dependency_issue
RCA_00841,Azure DevOps,Rust,deploy,Test Failure,SASTFinding,SAST found SQL injection risk in function 'process_order',src/order_service.rs line 37,Static analysis found security issue | additional context: retry attempted; cache restored; environment variables loaded; exit code 1,deploy | Test Failure | SASTFinding | SAST found SQL injection risk in function 'process_order' | src/order_service.rs line 37 | Static analysis found security issue | additional context: retry attempted; cache restored; environment variables loaded; exit code 1,FALSE,dependency_issue
RCA_00135,Jenkins,NodeJS,build,Dependency Error,FixtureError,fixture 'sample_user' not found,tests/orderService.test.js line 4,ERROR at setup of tests/orderService.test.js::test_calculate_total - missing test fixture,build | Dependency Error | FixtureError | fixture 'sample_user' not found | tests/orderService.test.js line 4 | ERROR at setup of tests/orderService.test.js::test_calculate_total - missing test fixture,FALSE,test_script_issue
RCA_00921,GitHub Actions,NodeJS,build,Resource Exhaustion,ConnectionTimeout,ConnectionTimeout: request timed out after 10 seconds,external_api_client.py line 73,External service call timed out while running tests/priceCalculator.test.js::test_api_response,build | Resource Exhaustion | ConnectionTimeout | ConnectionTimeout: request timed out after 10 seconds | external_api_client.py line 73 | External service call timed out while running tests/priceCalculator.test.js::test_api_response,FALSE,infrastructure_resource_issue
RCA_00449,GitHub Actions,Go,test,Resource Exhaustion,PermissionError,PermissionError: cannot write to reports/output.json,app/report.py line 128,CI runner cannot write to report output directory,test | Resource Exhaustion | PermissionError | PermissionError: cannot write to reports/output.json | app/report.py line 128 | CI runner cannot write to report output directory,TRUE,environment_config_issue
RCA_00268,GitHub Actions,Rust,build,Timeout,AssertionError,AssertionError: expected status 200 but got 500,src/order_service.rs line 117 in validate_payment,FAILED tests/user_service_test.rs::test_calculate_total - application returned internal server error,build | Timeout | AssertionError | AssertionError: expected status 200 but got 500 | src/order_service.rs line 117 in validate_payment | FAILED tests/user_service_test.rs::test_calculate_total - application returned internal server error,TRUE,application_defect
RCA_00312,GitLab CI,NodeJS,test,Dependency Error,MigrationError,Database migration failed: column 'status' already exists,migrations/2026_update.sql line 88,Deployment failed during database migration | additional context: retry attempted; cache restored; environment variables loaded; exit code 1,test | Dependency Error | MigrationError | Database migration failed: column 'status' already exists | migrations/2026_update.sql line 88 | Deployment failed during database migration | additional context: retry attempted; cache restored; environment variables loaded; exit code 1,FALSE,deployment_issue
RCA_00211,CircleCI,Go,test,Permission Error,NameError,NameError: name 'respnse' is not defined,internal/config/config.go line 33 in apply_discount,FAILED internal/service/order_service_test.go::test_process_order - undefined variable raised from application code | additional context: retry attempted; cache restored; environment variables loaded; exit code 1,test | Permission Error | NameError | NameError: name 'respnse' is not defined | internal/config/config.go line 33 in apply_discount | FAILED internal/service/order_service_test.go::test_process_order - undefined variable raised from application code | additional context: retry attempted; cache restored; environment variables loaded; exit code 1,FALSE,application_defect
RCA_01388,GitLab CI,Java,deploy,Test Failure,DependencyResolutionError,Could not resolve dependency 'numpy>=2.0.0',package_manager.py line 130,Dependency resolver failed during install step,deploy | Test Failure | DependencyResolutionError | Could not resolve dependency 'numpy>=2.0.0' | package_manager.py line 130 | Dependency resolver failed during install step,FALSE,dependency_issue
RCA_00468,GitLab CI,Go,deploy,Deployment Failure,PermissionError,PermissionError: cannot write to reports/output.json,app/report.py line 113,CI runner cannot write to report output directory,deploy | Deployment Failure | PermissionError | PermissionError: cannot write to reports/output.json | app/report.py line 113 | CI runner cannot write to report output directory,FALSE,environment_config_issue
RCA_01080,GitLab CI,NodeJS,deploy,Dependency Error,PermissionError,PermissionError: cannot write to reports/output.json,app/report.py line 137,CI runner cannot write to report output directory,deploy | Dependency Error | PermissionError | PermissionError: cannot write to reports/output.json | app/report.py line 137 | CI runner cannot write to report output directory,TRUE,environment_config_issue
RCA_00121,Azure DevOps,Java,deploy,Permission Error,ImagePullBackOff,ImagePullBackOff: failed to pull image 'ghcr.io/org/payment-service:sha-1234',kubernetes/deploy.yaml line 8,Deployment failed because container image could not be pulled | additional context: retry attempted; cache restored; environment variables loaded; exit code 1,deploy | Permission Error | ImagePullBackOff | ImagePullBackOff: failed to pull image 'ghcr.io/org/payment-service:sha-1234' | kubernetes/deploy.yaml line 8 | Deployment failed because container image could not be pulled | additional context: retry attempted; cache restored; environment variables loaded; exit code 1,FALSE,deployment_issue
RCA_00882,CircleCI,Java,build,Resource Exhaustion,VersionConflict,Version conflict: required requests==2.0.0 but installed requests==1.4.0,dependency_check.py line 81,Dependency version mismatch in CI environment,build | Resource Exhaustion | VersionConflict | Version conflict: required requests==2.0.0 but installed requests==1.4.0 | dependency_check.py line 81 | Dependency version mismatch in CI environment,FALSE,security_policy_issue
RCA_01218,GitLab CI,Python,build,Timeout,ConnectionTimeout,ConnectionTimeout: request timed out after 60 seconds,external_api_client.py line 87,External service call timed out while running tests/test_calculator.py::test_api_response,build | Timeout | ConnectionTimeout | ConnectionTimeout: request timed out after 60 seconds | external_api_client.py line 87 | External service call timed out while running tests/test_calculator.py::test_api_response,FALSE,network_issue
RCA_00961,GitHub Actions,C++,test,Test Failure,DependencyResolutionError,Could not resolve dependency 'requests>=2.0.0',package_manager.py line 16,Dependency resolver failed during install step,test | Test Failure | DependencyResolutionError | Could not resolve dependency 'requests>=2.0.0' | package_manager.py line 16 | Dependency resolver failed during install step,TRUE,dependency_issue
RCA_01146,Azure DevOps,Rust,build,Network Error,ConnectionTimeout,ConnectionTimeout: request timed out after 60 seconds,external_api_client.py line 116,External service call timed out while running tests/user_service_test.rs::test_payment_validation,build | Network Error | ConnectionTimeout | ConnectionTimeout: request timed out after 60 seconds | external_api_client.py line 116 | External service call timed out while running tests/user_service_test.rs::test_payment_validation,TRUE,network_issue
RCA_00377,Jenkins,Python,build,Test Failure,VersionConflict,Version conflict: required lodash==2.0.0 but installed lodash==1.4.0,dependency_check.py line 75,Dependency version mismatch in CI environment,build | Test Failure | VersionConflict | Version conflict: required lodash==2.0.0 but installed lodash==1.4.0 | dependency_check.py line 75 | Dependency version mismatch in CI environment,FALSE,dependency_issue
RCA_00176,Azure DevOps,Java,deploy,Dependency Error,SASTFinding,SAST found SQL injection risk in function 'calculate_total',src/main/java/com/demo/PaymentService.java line 75,Static analysis found security issue,deploy | Dependency Error | SASTFinding | SAST found SQL injection risk in function 'calculate_total' | src/main/java/com/demo/PaymentService.java line 75 | Static analysis found security issue,TRUE,security_policy_issue
RCA_00358,CircleCI,Rust,build,Build Failure,HTTPError,HTTPError: 503 Service Unavailable from upstream service,external_api_client.py line 113,External API returned 503 during tests/user_service_test.rs::test_process_order,build | Build Failure | HTTPError | HTTPError: 503 Service Unavailable from upstream service | external_api_client.py line 113 | External API returned 503 during tests/user_service_test.rs::test_process_order,TRUE,infrastructure_resource_issue
RCA_00143,CircleCI,Python,test,Build Failure,TimeoutError,TimeoutError: waiting for element 'input[name=email]' exceeded 10 seconds,tests/test_user_service.py line 13,FAILED tests/test_user_service.py::test_process_order - UI locator or wait condition is unstable,test | Build Failure | TimeoutError | TimeoutError: waiting for element 'input[name=email]' exceeded 10 seconds | tests/test_user_service.py line 13 | FAILED tests/test_user_service.py::test_process_order - UI locator or wait condition is unstable,FALSE,test_script_issue
RCA_00064,GitLab CI,Python,deploy,Security Scan Failure,NameError,NameError: name 'respnse' is not defined,app/order_service.py line 140 in get_user_profile,FAILED tests/test_calculator.py::test_api_response - undefined variable raised from application code,deploy | Security Scan Failure | NameError | NameError: name 'respnse' is not defined | app/order_service.py line 140 in get_user_profile | FAILED tests/test_calculator.py::test_api_response - undefined variable raised from application code,TRUE,application_defect
RCA_00164,GitLab CI,NodeJS,test,Network Error,AssertionError,AssertionError: assert 180 == 190,tests/priceCalculator.test.js line 25,FAILED tests/priceCalculator.test.js::test_api_response - expected value in test appears outdated,test | Network Error | AssertionError | AssertionError: assert 180 == 190 | tests/priceCalculator.test.js line 25 | FAILED tests/priceCalculator.test.js::test_api_response - expected value in test appears outdated,FALSE,test_script_issue
RCA_01379,Jenkins,C++,deploy,Network Error,ModuleNotFoundError,ModuleNotFoundError: No module named 'lodash',tests/test_order_service.cpp line 23,ImportError while importing test module because dependency lodash is missing,deploy | Network Error | ModuleNotFoundError | ModuleNotFoundError: No module named 'lodash' | tests/test_order_service.cpp line 23 | ImportError while importing test module because dependency lodash is missing,FALSE,dependency_issue
RCA_00350,GitLab CI,Java,test,Security Scan Failure,DeploymentError,DeploymentError: health check failed after deployment,deploy/health_check.py line 95,Service did not become healthy after deployment,test | Security Scan Failure | DeploymentError | DeploymentError: health check failed after deployment | deploy/health_check.py line 95 | Service did not become healthy after deployment,FALSE,deployment_issue
RCA_00038,CircleCI,Rust,test,Configuration Error,ModuleNotFoundError,ModuleNotFoundError: No module named 'serde',tests/user_service_test.rs line 117,ImportError while importing test module because dependency serde is missing,test | Configuration Error | ModuleNotFoundError | ModuleNotFoundError: No module named 'serde' | tests/user_service_test.rs line 117 | ImportError while importing test module because dependency serde is missing,FALSE,security_policy_issue
RCA_00178,Jenkins,Rust,test,Build Failure,MemoryError,MemoryError: process killed because memory limit was exceeded,runner/executor.py line 54,CI job exceeded memory limit during test execution,test | Build Failure | MemoryError | MemoryError: process killed because memory limit was exceeded | runner/executor.py line 54 | CI job exceeded memory limit during test execution,TRUE,infrastructure_resource_issue
RCA_01342,GitLab CI,Go,build,Resource Exhaustion,TypeError,TypeError: unsupported operand type(s) for +: 'int' and 'str',cmd/api/main.go line 102 in process_order,FAILED internal/service/order_service_test.go::test_payment_validation - type mismatch in business logic,build | Resource Exhaustion | TypeError | TypeError: unsupported operand type(s) for +: 'int' and 'str' | cmd/api/main.go line 102 in process_order | FAILED internal/service/order_service_test.go::test_payment_validation - type mismatch in business logic,TRUE,application_defect
RCA_01055,GitHub Actions,C++,test,Timeout,FixtureError,fixture 'sample_user' not found,tests/test_order_service.cpp line 56,ERROR at setup of tests/test_order_service.cpp::test_api_response - missing test fixture | additional context: retry attempted; cache restored; environment variables loaded; exit code 1,test | Timeout | FixtureError | fixture 'sample_user' not found | tests/test_order_service.cpp line 56 | ERROR at setup of tests/test_order_service.cpp::test_api_response - missing test fixture | additional context: retry attempted; cache restored; environment variables loaded; exit code 1,TRUE,test_script_issue
RCA_00333,CircleCI,Go,build,Security Scan Failure,OSError,OSError: [Errno 28] No space left on device,runner/cache.py line 5,Disk full while restoring cache or building image,build | Security Scan Failure | OSError | OSError: [Errno 28] No space left on device | runner/cache.py line 5 | Disk full while restoring cache or building image,TRUE,infrastructure_resource_issue
RCA_01422,GitLab CI,Go,deploy,Timeout,NameError,NameError: name 'total_amunt' is not defined,internal/config/config.go line 12 in get_user_profile,FAILED internal/service/order_service_test.go::test_calculate_total - undefined variable raised from application code | additional context: retry attempted; cache restored; environment variables loaded; exit code 1,deploy | Timeout | NameError | NameError: name 'total_amunt' is not defined | internal/config/config.go line 12 in get_user_profile | FAILED internal/service/order_service_test.go::test_calculate_total - undefined variable raised from application code | additional context: retry attempted; cache restored; environment variables loaded; exit code 1,TRUE,application_defect
RCA_00881,GitLab CI,Java,build,Configuration Error,ModuleNotFoundError,ModuleNotFoundError: No module named 'fastapi',src/test/java/com/demo/OrderServiceTest.java line 23,ImportError while importing test module because dependency fastapi is missing,build | Configuration Error | ModuleNotFoundError | ModuleNotFoundError: No module named 'fastapi' | src/test/java/com/demo/OrderServiceTest.java line 23 | ImportError while importing test module because dependency fastapi is missing,TRUE,dependency_issue
RCA_01395,GitHub Actions,Java,test,Security Scan Failure,OSError,OSError: [Errno 28] No space left on device,runner/cache.py line 31,Disk full while restoring cache or building image,test | Security Scan Failure | OSError | OSError: [Errno 28] No space left on device | runner/cache.py line 31 | Disk full while restoring cache or building image,FALSE,network_issue
RCA_00353,Azure DevOps,Python,deploy,Build Failure,FixtureError,fixture 'sample_user' not found,tests/test_calculator.py line 117,ERROR at setup of tests/test_calculator.py::test_payment_validation - missing test fixture,deploy | Build Failure | FixtureError | fixture 'sample_user' not found | tests/test_calculator.py line 117 | ERROR at setup of tests/test_calculator.py::test_payment_validation - missing test fixture,TRUE,test_script_issue
RCA_00154,Jenkins,NodeJS,build,Build Failure,DependencyResolutionError,Could not resolve dependency 'junit>=2.0.0',package_manager.py line 75,Dependency resolver failed during install step,build | Build Failure | DependencyResolutionError | Could not resolve dependency 'junit>=2.0.0' | package_manager.py line 75 | Dependency resolver failed during install step,FALSE,dependency_issue
RCA_00098,CircleCI,Rust,build,Build Failure,ConnectionTimeout,ConnectionTimeout: request timed out after 10 seconds,external_api_client.py line 34,External service call timed out while running tests/user_service_test.rs::test_apply_discount,build | Build Failure | ConnectionTimeout | ConnectionTimeout: request timed out after 10 seconds | external_api_client.py line 34 | External service call timed out while running tests/user_service_test.rs::test_apply_discount,TRUE,network_issue
RCA_01372,GitHub Actions,C++,build,Build Failure,ConnectionTimeout,ConnectionTimeout: request timed out after 60 seconds,external_api_client.py line 82,External service call timed out while running tests/test_order_service.cpp::test_create_user,build | Build Failure | ConnectionTimeout | ConnectionTimeout: request timed out after 60 seconds | external_api_client.py line 82 | External service call timed out while running tests/test_order_service.cpp::test_create_user,FALSE,network_issue
RCA_00410,CircleCI,Python,test,Resource Exhaustion,TimeoutError,Job exceeded maximum execution time of 600 seconds,runner/workflow.py line 23,Workflow timed out during test execution,test | Resource Exhaustion | TimeoutError | Job exceeded maximum execution time of 600 seconds | runner/workflow.py line 23 | Workflow timed out during test execution,FALSE,network_issue
RCA_00464,CircleCI,C++,deploy,Resource Exhaustion,DeploymentError,DeploymentError: health check failed after deployment,deploy/health_check.py line 62,Service did not become healthy after deployment | additional context: retry attempted; cache restored; environment variables loaded; exit code 1,deploy | Resource Exhaustion | DeploymentError | DeploymentError: health check failed after deployment | deploy/health_check.py line 62 | Service did not become healthy after deployment | additional context: retry attempted; cache restored; environment variables loaded; exit code 1,FALSE,deployment_issue
RCA_00696,GitLab CI,C++,build,Dependency Error,DependencyResolutionError,Could not resolve dependency 'pytest>=2.0.0',package_manager.py line 128,Dependency resolver failed during install step,build | Dependency Error | DependencyResolutionError | Could not resolve dependency 'pytest>=2.0.0' | package_manager.py line 128 | Dependency resolver failed during install step,FALSE,dependency_issue
RCA_00880,GitHub Actions,C++,build,Timeout,DeploymentError,DeploymentError: health check failed after deployment,deploy/health_check.py line 24,Service did not become healthy after deployment,build | Timeout | DeploymentError | DeploymentError: health check failed after deployment | deploy/health_check.py line 24 | Service did not become healthy after deployment,TRUE,environment_config_issue
RCA_00838,Azure DevOps,Python,build,Timeout,MemoryError,MemoryError: process killed because memory limit was exceeded,runner/executor.py line 80,CI job exceeded memory limit during test execution,build | Timeout | MemoryError | MemoryError: process killed because memory limit was exceeded | runner/executor.py line 80 | CI job exceeded memory limit during test execution,TRUE,infrastructure_resource_issue
RCA_01022,Azure DevOps,C++,test,Deployment Failure,SyntaxError,SyntaxError: invalid syntax near 'return',src/user_service.cpp line 46,ERROR collecting tests/test_user_service.cpp::test_deploy_health - syntax error in source file,test | Deployment Failure | SyntaxError | SyntaxError: invalid syntax near 'return' | src/user_service.cpp line 46 | ERROR collecting tests/test_user_service.cpp::test_deploy_health - syntax error in source file,TRUE,application_defect
RCA_01331,Azure DevOps,Go,build,Build Failure,FixtureError,fixture 'sample_user' not found,internal/service/user_service_test.go line 27,ERROR at setup of internal/service/user_service_test.go::test_create_user - missing test fixture,build | Build Failure | FixtureError | fixture 'sample_user' not found | internal/service/user_service_test.go line 27 | ERROR at setup of internal/service/user_service_test.go::test_create_user - missing test fixture,TRUE,test_script_issue
RCA_00805,Jenkins,Java,test,Resource Exhaustion,AssertionError,AssertionError: assert 180 == 190,src/test/java/com/demo/OrderServiceTest.java line 63,FAILED src/test/java/com/demo/OrderServiceTest.java::test_create_user - expected value in test appears outdated,test | Resource Exhaustion | AssertionError | AssertionError: assert 180 == 190 | src/test/java/com/demo/OrderServiceTest.java line 63 | FAILED src/test/java/com/demo/OrderServiceTest.java::test_create_user - expected value in test appears outdated,TRUE,application_defect
RCA_00524,GitHub Actions,Python,build,Build Failure,HTTPError,HTTPError: 503 Service Unavailable from upstream service,external_api_client.py line 55,External API returned 503 during tests/test_payment_service.py::test_deploy_health,build | Build Failure | HTTPError | HTTPError: 503 Service Unavailable from upstream service | external_api_client.py line 55 | External API returned 503 during tests/test_payment_service.py::test_deploy_health,TRUE,network_issue
RCA_00971,Jenkins,Java,test,Configuration Error,PermissionError,PermissionError: cannot write to reports/output.json,app/report.py line 105,CI runner cannot write to report output directory | additional context: retry attempted; cache restored; environment variables loaded; exit code 1,test | Configuration Error | PermissionError | PermissionError: cannot write to reports/output.json | app/report.py line 105 | CI runner cannot write to report output directory | additional context: retry attempted; cache restored; environment variables loaded; exit code 1,FALSE,environment_config_issue
RCA_01394,Azure DevOps,Java,test,Permission Error,HTTPError,HTTPError: 503 Service Unavailable from upstream service,external_api_client.py line 75,External API returned 503 during src/test/java/com/demo/OrderServiceTest.java::test_process_order | additional context: retry attempted; cache restored; environment variables loaded; exit code 1,test | Permission Error | HTTPError | HTTPError: 503 Service Unavailable from upstream service | external_api_client.py line 75 | External API returned 503 during src/test/java/com/demo/OrderServiceTest.java::test_process_order | additional context: retry attempted; cache restored; environment variables loaded; exit code 1,FALSE,network_issue
RCA_00651,Azure DevOps,NodeJS,build,Timeout,ConnectionTimeout,ConnectionTimeout: request timed out after 60 seconds,external_api_client.py line 86,External service call timed out while running tests/userController.test.js::test_process_order,build | Timeout | ConnectionTimeout | ConnectionTimeout: request timed out after 60 seconds | external_api_client.py line 86 | External service call timed out while running tests/userController.test.js::test_process_order,FALSE,network_issue
RCA_00594,CircleCI,C++,test,Dependency Error,FileNotFoundError,FileNotFoundError: config/test_config.json not found,app/config.py line 47,Configuration file path does not exist in CI environment | additional context: retry attempted; cache restored; environment variables loaded; exit code 1,test | Dependency Error | FileNotFoundError | FileNotFoundError: config/test_config.json not found | app/config.py line 47 | Configuration file path does not exist in CI environment | additional context: retry attempted; cache restored; environment variables loaded; exit code 1,FALSE,environment_config_issue
RCA_00200,Jenkins,Java,test,Resource Exhaustion,MemoryError,MemoryError: process killed because memory limit was exceeded,runner/executor.py line 70,CI job exceeded memory limit during test execution,test | Resource Exhaustion | MemoryError | MemoryError: process killed because memory limit was exceeded | runner/executor.py line 70 | CI job exceeded memory limit during test execution,FALSE,infrastructure_resource_issue
RCA_01213,GitHub Actions,Python,build,Test Failure,PermissionError,PermissionError: cannot write to reports/output.json,app/report.py line 100,CI runner cannot write to report output directory,build | Test Failure | PermissionError | PermissionError: cannot write to reports/output.json | app/report.py line 100 | CI runner cannot write to report output directory,FALSE,environment_config_issue
RCA_00684,CircleCI,Go,test,Security Scan Failure,KeyError,KeyError: 'API_TOKEN',app/config.py line 64 in load_config,Missing environment variable in CI runner,test | Security Scan Failure | KeyError | KeyError: 'API_TOKEN' | app/config.py line 64 in load_config | Missing environment variable in CI runner,FALSE,environment_config_issue
RCA_00780,CircleCI,NodeJS,deploy,Timeout,SyntaxError,SyntaxError: invalid syntax near 'return',src/controllers/userController.js line 136,ERROR collecting tests/userController.test.js::test_apply_discount - syntax error in source file,deploy | Timeout | SyntaxError | SyntaxError: invalid syntax near 'return' | src/controllers/userController.js line 136 | ERROR collecting tests/userController.test.js::test_apply_discount - syntax error in source file,TRUE,application_defect
RCA_00130,Azure DevOps,Java,deploy,Dependency Error,ConnectionTimeout,ConnectionTimeout: request timed out after 60 seconds,external_api_client.py line 28,External service call timed out while running src/test/java/com/demo/OrderServiceTest.java::test_payment_validation,deploy | Dependency Error | ConnectionTimeout | ConnectionTimeout: request timed out after 60 seconds | external_api_client.py line 28 | External service call timed out while running src/test/java/com/demo/OrderServiceTest.java::test_payment_validation,TRUE,network_issue
RCA_00361,GitLab CI,Rust,build,Test Failure,DependencyResolutionError,Could not resolve dependency 'serde>=2.0.0',package_manager.py line 22,Dependency resolver failed during install step | additional context: retry attempted; cache restored; environment variables loaded; exit code 1,build | Test Failure | DependencyResolutionError | Could not resolve dependency 'serde>=2.0.0' | package_manager.py line 22 | Dependency resolver failed during install step | additional context: retry attempted; cache restored; environment variables loaded; exit code 1,TRUE,dependency_issue
RCA_00989,Jenkins,Java,deploy,Test Failure,VersionConflict,Version conflict: required lodash==2.0.0 but installed lodash==1.4.0,dependency_check.py line 36,Dependency version mismatch in CI environment | additional context: retry attempted; cache restored; environment variables loaded; exit code 1,deploy | Test Failure | VersionConflict | Version conflict: required lodash==2.0.0 but installed lodash==1.4.0 | dependency_check.py line 36 | Dependency version mismatch in CI environment | additional context: retry attempted; cache restored; environment variables loaded; exit code 1,FALSE,dependency_issue
RCA_00692,Jenkins,Python,build,Deployment Failure,AssertionError,AssertionError: expected status 200 but got 500,app/user_service.py line 31 in get_user_profile,FAILED tests/test_calculator.py::test_payment_validation - application returned internal server error,build | Deployment Failure | AssertionError | AssertionError: expected status 200 but got 500 | app/user_service.py line 31 in get_user_profile | FAILED tests/test_calculator.py::test_payment_validation - application returned internal server error,FALSE,application_defect
RCA_00510,CircleCI,Python,test,Timeout,AssertionError,AssertionError: expected status 200 but got 500,app/user_service.py line 73 in create_user,FAILED tests/test_calculator.py::test_api_response - application returned internal server error,test | Timeout | AssertionError | AssertionError: expected status 200 but got 500 | app/user_service.py line 73 in create_user | FAILED tests/test_calculator.py::test_api_response - application returned internal server error,TRUE,environment_config_issue
RCA_00680,CircleCI,Java,build,Security Scan Failure,AssertionError,AssertionError: expected status 200 but got 500,src/main/java/com/demo/UserService.java line 67 in process_order,FAILED src/test/java/com/demo/UserServiceTest.java::test_process_order - application returned internal server error,build | Security Scan Failure | AssertionError | AssertionError: expected status 200 but got 500 | src/main/java/com/demo/UserService.java line 67 in process_order | FAILED src/test/java/com/demo/UserServiceTest.java::test_process_order - application returned internal server error,FALSE,application_defect
RCA_00245,GitHub Actions,Java,deploy,Dependency Error,OSError,OSError: [Errno 28] No space left on device,runner/cache.py line 30,Disk full while restoring cache or building image,deploy | Dependency Error | OSError | OSError: [Errno 28] No space left on device | runner/cache.py line 30 | Disk full while restoring cache or building image,FALSE,test_script_issue
RCA_01189,Jenkins,Java,test,Network Error,ConnectionTimeout,ConnectionTimeout: request timed out after 60 seconds,external_api_client.py line 139,External service call timed out while running src/test/java/com/demo/OrderServiceTest.java::test_process_order,test | Network Error | ConnectionTimeout | ConnectionTimeout: request timed out after 60 seconds | external_api_client.py line 139 | External service call timed out while running src/test/java/com/demo/OrderServiceTest.java::test_process_order,TRUE,network_issue
RCA_01196,GitHub Actions,Go,build,Network Error,DependencyResolutionError,Could not resolve dependency 'spring-core>=2.0.0',package_manager.py line 90,Dependency resolver failed during install step | additional context: retry attempted; cache restored; environment variables loaded; exit code 1,build | Network Error | DependencyResolutionError | Could not resolve dependency 'spring-core>=2.0.0' | package_manager.py line 90 | Dependency resolver failed during install step | additional context: retry attempted; cache restored; environment variables loaded; exit code 1,TRUE,dependency_issue
RCA_01480,Jenkins,Rust,build,Permission Error,ImportError,ImportError: cannot import name 'apply_discounts' from application module,tests/order_service_test.rs line 50,ERROR collecting tests/order_service_test.rs::test_payment_validation - test imports old function name,build | Permission Error | ImportError | ImportError: cannot import name 'apply_discounts' from application module | tests/order_service_test.rs line 50 | ERROR collecting tests/order_service_test.rs::test_payment_validation - test imports old function name,FALSE,test_script_issue
RCA_00568,Azure DevOps,NodeJS,test,Network Error,AssertionError,AssertionError: assert 180 == 190,tests/orderService.test.js line 28,FAILED tests/orderService.test.js::test_payment_validation - expected value in test appears outdated,test | Network Error | AssertionError | AssertionError: assert 180 == 190 | tests/orderService.test.js line 28 | FAILED tests/orderService.test.js::test_payment_validation - expected value in test appears outdated,FALSE,test_script_issue
RCA_01449,Jenkins,Java,test,Resource Exhaustion,NameError,NameError: name 'quanity' is not defined,src/main/java/com/demo/PaymentService.java line 21 in create_user,FAILED src/test/java/com/demo/OrderServiceTest.java::test_process_order - undefined variable raised from application code,test | Resource Exhaustion | NameError | NameError: name 'quanity' is not defined | src/main/java/com/demo/PaymentService.java line 21 in create_user | FAILED src/test/java/com/demo/OrderServiceTest.java::test_process_order - undefined variable raised from application code,FALSE,application_defect
RCA_00099,GitLab CI,Java,deploy,Network Error,DependencyResolutionError,Could not resolve dependency 'serde>=2.0.0',package_manager.py line 91,Dependency resolver failed during install step,deploy | Network Error | DependencyResolutionError | Could not resolve dependency 'serde>=2.0.0' | package_manager.py line 91 | Dependency resolver failed during install step,TRUE,dependency_issue
RCA_01070,Azure DevOps,Rust,build,Test Failure,HTTPError,HTTPError: 503 Service Unavailable from upstream service,external_api_client.py line 87,External API returned 503 during tests/user_service_test.rs::test_create_user,build | Test Failure | HTTPError | HTTPError: 503 Service Unavailable from upstream service | external_api_client.py line 87 | External API returned 503 during tests/user_service_test.rs::test_create_user,TRUE,network_issue
RCA_00547,Jenkins,C++,deploy,Configuration Error,TypeError,TypeError: unsupported operand type(s) for +: 'int' and 'str',src/config.cpp line 108 in get_user_profile,FAILED tests/test_user_service.cpp::test_calculate_total - type mismatch in business logic,deploy | Configuration Error | TypeError | TypeError: unsupported operand type(s) for +: 'int' and 'str' | src/config.cpp line 108 in get_user_profile | FAILED tests/test_user_service.cpp::test_calculate_total - type mismatch in business logic,TRUE,application_defect
RCA_01327,GitHub Actions,Rust,test,Deployment Failure,SyntaxError,SyntaxError: invalid syntax near 'return',src/user_service.rs line 105,ERROR collecting tests/user_service_test.rs::test_create_user - syntax error in source file,test | Deployment Failure | SyntaxError | SyntaxError: invalid syntax near 'return' | src/user_service.rs line 105 | ERROR collecting tests/user_service_test.rs::test_create_user - syntax error in source file,FALSE,application_defect
RCA_01492,Azure DevOps,Java,build,Build Failure,KeyError,KeyError: 'APP_ENV',app/config.py line 105 in load_config,Missing environment variable in CI runner,build | Build Failure | KeyError | KeyError: 'APP_ENV' | app/config.py line 105 in load_config | Missing environment variable in CI runner,FALSE,environment_config_issue
RCA_00750,CircleCI,NodeJS,test,Permission Error,DNSResolutionError,Temporary failure in name resolution for host 'pypi.org',urllib3/connection.py line 40,Max retries exceeded because DNS resolution failed | additional context: retry attempted; cache restored; environment variables loaded; exit code 1,test | Permission Error | DNSResolutionError | Temporary failure in name resolution for host 'pypi.org' | urllib3/connection.py line 40 | Max retries exceeded because DNS resolution failed | additional context: retry attempted; cache restored; environment variables loaded; exit code 1,FALSE,network_issue
RCA_00392,CircleCI,Python,test,Security Scan Failure,TypeError,TypeError: unsupported operand type(s) for +: 'int' and 'str',app/payment_service.py line 30 in calculate_total,FAILED tests/test_order_service.py::test_create_user - type mismatch in business logic | additional context: retry attempted; cache restored; environment variables loaded; exit code 1,test | Security Scan Failure | TypeError | TypeError: unsupported operand type(s) for +: 'int' and 'str' | app/payment_service.py line 30 in calculate_total | FAILED tests/test_order_service.py::test_create_user - type mismatch in business logic | additional context: retry attempted; cache restored; environment variables loaded; exit code 1,FALSE,dependency_issue
RCA_00772,CircleCI,Go,deploy,Dependency Error,DNSResolutionError,Temporary failure in name resolution for host 'registry.npmjs.org',urllib3/connection.py line 71,Max retries exceeded because DNS resolution failed,deploy | Dependency Error | DNSResolutionError | Temporary failure in name resolution for host 'registry.npmjs.org' | urllib3/connection.py line 71 | Max retries exceeded because DNS resolution failed,FALSE,network_issue
RCA_00509,Azure DevOps,C++,deploy,Network Error,FixtureError,fixture 'sample_user' not found,tests/test_user_service.cpp line 123,ERROR at setup of tests/test_user_service.cpp::test_apply_discount - missing test fixture,deploy | Network Error | FixtureError | fixture 'sample_user' not found | tests/test_user_service.cpp line 123 | ERROR at setup of tests/test_user_service.cpp::test_apply_discount - missing test fixture,FALSE,environment_config_issue
RCA_01471,CircleCI,Python,deploy,Resource Exhaustion,MigrationError,Database migration failed: column 'status' already exists,migrations/2026_update.sql line 111,Deployment failed during database migration,deploy | Resource Exhaustion | MigrationError | Database migration failed: column 'status' already exists | migrations/2026_update.sql line 111 | Deployment failed during database migration,FALSE,deployment_issue
RCA_00304,CircleCI,C++,build,Timeout,TypeError,TypeError: unsupported operand type(s) for +: 'int' and 'str',src/order_service.cpp line 130 in apply_discount,FAILED tests/test_user_service.cpp::test_calculate_total - type mismatch in business logic | additional context: retry attempted; cache restored; environment variables loaded; exit code 1,build | Timeout | TypeError | TypeError: unsupported operand type(s) for +: 'int' and 'str' | src/order_service.cpp line 130 in apply_discount | FAILED tests/test_user_service.cpp::test_calculate_total - type mismatch in business logic | additional context: retry attempted; cache restored; environment variables loaded; exit code 1,FALSE,application_defect
RCA_00401,GitLab CI,Java,build,Dependency Error,AssertionError,AssertionError: expected status 200 but got 500,src/main/java/com/demo/OrderService.java line 69 in apply_discount,FAILED src/test/java/com/demo/UserServiceTest.java::test_api_response - application returned internal server error,build | Dependency Error | AssertionError | AssertionError: expected status 200 but got 500 | src/main/java/com/demo/OrderService.java line 69 in apply_discount | FAILED src/test/java/com/demo/UserServiceTest.java::test_api_response - application returned internal server error,TRUE,application_defect
RCA_00375,CircleCI,C++,test,Test Failure,ModuleNotFoundError,ModuleNotFoundError: No module named 'junit',tests/test_user_service.cpp line 101,ImportError while importing test module because dependency junit is missing,test | Test Failure | ModuleNotFoundError | ModuleNotFoundError: No module named 'junit' | tests/test_user_service.cpp line 101 | ImportError while importing test module because dependency junit is missing,TRUE,dependency_issue
RCA_00340,GitHub Actions,C++,deploy,Build Failure,KeyError,KeyError: 'APP_ENV',app/config.py line 98 in load_config,Missing environment variable in CI runner,deploy | Build Failure | KeyError | KeyError: 'APP_ENV' | app/config.py line 98 in load_config | Missing environment variable in CI runner,TRUE,environment_config_issue
RCA_00068,GitHub Actions,Java,test,Permission Error,DNSResolutionError,Temporary failure in name resolution for host 'internal-api.company.local',urllib3/connection.py line 131,Max retries exceeded because DNS resolution failed,test | Permission Error | DNSResolutionError | Temporary failure in name resolution for host 'internal-api.company.local' | urllib3/connection.py line 131 | Max retries exceeded because DNS resolution failed,FALSE,network_issue
RCA_00471,GitHub Actions,NodeJS,test,Dependency Error,SyntaxError,SyntaxError: invalid syntax near 'return',src/services/orderService.js line 22,ERROR collecting tests/priceCalculator.test.js::test_calculate_total - syntax error in source file,test | Dependency Error | SyntaxError | SyntaxError: invalid syntax near 'return' | src/services/orderService.js line 22 | ERROR collecting tests/priceCalculator.test.js::test_calculate_total - syntax error in source file,TRUE,application_defect
RCA_00238,GitLab CI,NodeJS,build,Network Error,FileNotFoundError,FileNotFoundError: config/test_config.json not found,app/config.py line 126,Configuration file path does not exist in CI environment,build | Network Error | FileNotFoundError | FileNotFoundError: config/test_config.json not found | app/config.py line 126 | Configuration file path does not exist in CI environment,TRUE,environment_config_issue
RCA_00351,GitHub Actions,NodeJS,build,Configuration Error,MemoryError,MemoryError: process killed because memory limit was exceeded,runner/executor.py line 140,CI job exceeded memory limit during test execution,build | Configuration Error | MemoryError | MemoryError: process killed because memory limit was exceeded | runner/executor.py line 140 | CI job exceeded memory limit during test execution,FALSE,infrastructure_resource_issue
RCA_00029,Jenkins,NodeJS,test,Deployment Failure,TypeError,TypeError: unsupported operand type(s) for +: 'int' and 'str',src/utils/priceCalculator.js line 29 in process_order,FAILED tests/orderService.test.js::test_calculate_total - type mismatch in business logic | additional context: retry attempted; cache restored; environment variables loaded; exit code 1,test | Deployment Failure | TypeError | TypeError: unsupported operand type(s) for +: 'int' and 'str' | src/utils/priceCalculator.js line 29 in process_order | FAILED tests/orderService.test.js::test_calculate_total - type mismatch in business logic | additional context: retry attempted; cache restored; environment variables loaded; exit code 1,TRUE,application_defect
RCA_00172,GitHub Actions,Java,test,Configuration Error,DNSResolutionError,Temporary failure in name resolution for host 'internal-api.company.local',urllib3/connection.py line 119,Max retries exceeded because DNS resolution failed,test | Configuration Error | DNSResolutionError | Temporary failure in name resolution for host 'internal-api.company.local' | urllib3/connection.py line 119 | Max retries exceeded because DNS resolution failed,FALSE,network_issue
RCA_01018,CircleCI,Java,build,Timeout,DNSResolutionError,Temporary failure in name resolution for host 'pypi.org',urllib3/connection.py line 45,Max retries exceeded because DNS resolution failed,build | Timeout | DNSResolutionError | Temporary failure in name resolution for host 'pypi.org' | urllib3/connection.py line 45 | Max retries exceeded because DNS resolution failed,FALSE,network_issue
RCA_00611,GitHub Actions,Rust,deploy,Resource Exhaustion,FileNotFoundError,FileNotFoundError: config/test_config.json not found,app/config.py line 126,Configuration file path does not exist in CI environment | additional context: retry attempted; cache restored; environment variables loaded; exit code 1,deploy | Resource Exhaustion | FileNotFoundError | FileNotFoundError: config/test_config.json not found | app/config.py line 126 | Configuration file path does not exist in CI environment | additional context: retry attempted; cache restored; environment variables loaded; exit code 1,TRUE,environment_config_issue
RCA_00766,Azure DevOps,C++,test,Build Failure,NameError,NameError: name 'paylod' is not defined,src/config.cpp line 34 in apply_discount,FAILED tests/test_order_service.cpp::test_payment_validation - undefined variable raised from application code,test | Build Failure | NameError | NameError: name 'paylod' is not defined | src/config.cpp line 34 in apply_discount | FAILED tests/test_order_service.cpp::test_payment_validation - undefined variable raised from application code,TRUE,application_defect
RCA_00439,Jenkins,Java,deploy,Build Failure,ModuleNotFoundError,ModuleNotFoundError: No module named 'requests',src/test/java/com/demo/OrderServiceTest.java line 26,ImportError while importing test module because dependency requests is missing | additional context: retry attempted; cache restored; environment variables loaded; exit code 1,deploy | Build Failure | ModuleNotFoundError | ModuleNotFoundError: No module named 'requests' | src/test/java/com/demo/OrderServiceTest.java line 26 | ImportError while importing test module because dependency requests is missing | additional context: retry attempted; cache restored; environment variables loaded; exit code 1,TRUE,dependency_issue
RCA_01024,Azure DevOps,NodeJS,build,Build Failure,DeploymentError,DeploymentError: health check failed after deployment,deploy/health_check.py line 140,Service did not become healthy after deployment,build | Build Failure | DeploymentError | DeploymentError: health check failed after deployment | deploy/health_check.py line 140 | Service did not become healthy after deployment,TRUE,deployment_issue
RCA_00144,CircleCI,Python,build,Test Failure,TimeoutError,TimeoutError: waiting for element '#checkout-confirm' exceeded 10 seconds,tests/test_user_service.py line 27,FAILED tests/test_user_service.py::test_process_order - UI locator or wait condition is unstable,build | Test Failure | TimeoutError | TimeoutError: waiting for element '#checkout-confirm' exceeded 10 seconds | tests/test_user_service.py line 27 | FAILED tests/test_user_service.py::test_process_order - UI locator or wait condition is unstable,TRUE,application_defect
RCA_00690,Azure DevOps,Rust,deploy,Deployment Failure,FileNotFoundError,FileNotFoundError: config/test_config.json not found,app/config.py line 104,Configuration file path does not exist in CI environment,deploy | Deployment Failure | FileNotFoundError | FileNotFoundError: config/test_config.json not found | app/config.py line 104 | Configuration file path does not exist in CI environment,FALSE,environment_config_issue
RCA_00277,Azure DevOps,C++,build,Dependency Error,SyntaxError,SyntaxError: invalid syntax near 'return',src/main.cpp line 108,ERROR collecting tests/test_user_service.cpp::test_deploy_health - syntax error in source file | additional context: retry attempted; cache restored; environment variables loaded; exit code 1,build | Dependency Error | SyntaxError | SyntaxError: invalid syntax near 'return' | src/main.cpp line 108 | ERROR collecting tests/test_user_service.cpp::test_deploy_health - syntax error in source file | additional context: retry attempted; cache restored; environment variables loaded; exit code 1,TRUE,application_defect
RCA_01004,CircleCI,Java,build,Resource Exhaustion,FixtureError,fixture 'sample_user' not found,src/test/java/com/demo/OrderServiceTest.java line 76,ERROR at setup of src/test/java/com/demo/OrderServiceTest.java::test_payment_validation - missing test fixture | additional context: retry attempted; cache restored; environment variables loaded; exit code 1,build | Resource Exhaustion | FixtureError | fixture 'sample_user' not found | src/test/java/com/demo/OrderServiceTest.java line 76 | ERROR at setup of src/test/java/com/demo/OrderServiceTest.java::test_payment_validation - missing test fixture | additional context: retry attempted; cache restored; environment variables loaded; exit code 1,FALSE,test_script_issue
RCA_00900,GitLab CI,C++,build,Build Failure,ImportError,ImportError: cannot import name 'calculate_totals' from application module,tests/test_user_service.cpp line 93,ERROR collecting tests/test_user_service.cpp::test_apply_discount - test imports old function name,build | Build Failure | ImportError | ImportError: cannot import name 'calculate_totals' from application module | tests/test_user_service.cpp line 93 | ERROR collecting tests/test_user_service.cpp::test_apply_discount - test imports old function name,FALSE,test_script_issue
RCA_01411,GitHub Actions,NodeJS,test,Dependency Error,TimeoutError,TimeoutError: waiting for element 'input[name=email]' exceeded 10 seconds,tests/orderService.test.js line 89,FAILED tests/orderService.test.js::test_process_order - UI locator or wait condition is unstable,test | Dependency Error | TimeoutError | TimeoutError: waiting for element 'input[name=email]' exceeded 10 seconds | tests/orderService.test.js line 89 | FAILED tests/orderService.test.js::test_process_order - UI locator or wait condition is unstable,TRUE,test_script_issue
RCA_01006,CircleCI,C++,deploy,Resource Exhaustion,HTTPError,HTTPError: 503 Service Unavailable from upstream service,external_api_client.py line 29,External API returned 503 during tests/test_order_service.cpp::test_apply_discount,deploy | Resource Exhaustion | HTTPError | HTTPError: 503 Service Unavailable from upstream service | external_api_client.py line 29 | External API returned 503 during tests/test_order_service.cpp::test_apply_discount,TRUE,network_issue
RCA_00323,Jenkins,Python,build,Deployment Failure,FileNotFoundError,FileNotFoundError: config/test_config.json not found,app/config.py line 119,Configuration file path does not exist in CI environment,build | Deployment Failure | FileNotFoundError | FileNotFoundError: config/test_config.json not found | app/config.py line 119 | Configuration file path does not exist in CI environment,TRUE,dependency_issue
RCA_01494,CircleCI,Python,build,Security Scan Failure,DependencyResolutionError,Could not resolve dependency 'lodash>=2.0.0',package_manager.py line 98,Dependency resolver failed during install step | additional context: retry attempted; cache restored; environment variables loaded; exit code 1,build | Security Scan Failure | DependencyResolutionError | Could not resolve dependency 'lodash>=2.0.0' | package_manager.py line 98 | Dependency resolver failed during install step | additional context: retry attempted; cache restored; environment variables loaded; exit code 1,FALSE,dependency_issue
RCA_01448,CircleCI,Rust,build,Deployment Failure,OSError,OSError: [Errno 28] No space left on device,runner/cache.py line 53,Disk full while restoring cache or building image,build | Deployment Failure | OSError | OSError: [Errno 28] No space left on device | runner/cache.py line 53 | Disk full while restoring cache or building image,FALSE,infrastructure_resource_issue
RCA_01438,Jenkins,Go,test,Test Failure,AssertionError,AssertionError: assert 180 == 190,internal/service/order_service_test.go line 44,FAILED internal/service/order_service_test.go::test_create_user - expected value in test appears outdated,test | Test Failure | AssertionError | AssertionError: assert 180 == 190 | internal/service/order_service_test.go line 44 | FAILED internal/service/order_service_test.go::test_create_user - expected value in test appears outdated,TRUE,test_script_issue
RCA_01264,CircleCI,Go,test,Test Failure,DependencyResolutionError,Could not resolve dependency 'lodash>=2.0.0',package_manager.py line 124,Dependency resolver failed during install step,test | Test Failure | DependencyResolutionError | Could not resolve dependency 'lodash>=2.0.0' | package_manager.py line 124 | Dependency resolver failed during install step,TRUE,security_policy_issue
RCA_01406,CircleCI,Rust,build,Build Failure,VersionConflict,Version conflict: required gin-gonic==2.0.0 but installed gin-gonic==1.4.0,dependency_check.py line 94,Dependency version mismatch in CI environment,build | Build Failure | VersionConflict | Version conflict: required gin-gonic==2.0.0 but installed gin-gonic==1.4.0 | dependency_check.py line 94 | Dependency version mismatch in CI environment,TRUE,dependency_issue
RCA_00241,Azure DevOps,C++,build,Deployment Failure,NameError,NameError: name 'config_pth' is not defined,src/main.cpp line 76 in process_order,FAILED tests/test_order_service.cpp::test_calculate_total - undefined variable raised from application code,build | Deployment Failure | NameError | NameError: name 'config_pth' is not defined | src/main.cpp line 76 in process_order | FAILED tests/test_order_service.cpp::test_calculate_total - undefined variable raised from application code,FALSE,application_defect
RCA_00705,CircleCI,Go,build,Timeout,KeyError,KeyError: 'APP_ENV',app/config.py line 31 in load_config,Missing environment variable in CI runner,build | Timeout | KeyError | KeyError: 'APP_ENV' | app/config.py line 31 in load_config | Missing environment variable in CI runner,FALSE,environment_config_issue
RCA_00049,GitHub Actions,C++,test,Test Failure,HTTPError,HTTPError: 503 Service Unavailable from upstream service,external_api_client.py line 61,External API returned 503 during tests/test_user_service.cpp::test_deploy_health,test | Test Failure | HTTPError | HTTPError: 503 Service Unavailable from upstream service | external_api_client.py line 61 | External API returned 503 during tests/test_user_service.cpp::test_deploy_health,FALSE,network_issue
RCA_00034,Azure DevOps,Rust,deploy,Resource Exhaustion,PermissionError,PermissionError: cannot write to reports/output.json,app/report.py line 93,CI runner cannot write to report output directory,deploy | Resource Exhaustion | PermissionError | PermissionError: cannot write to reports/output.json | app/report.py line 93 | CI runner cannot write to report output directory,TRUE,dependency_issue
RCA_00387,GitLab CI,Go,build,Security Scan Failure,FixtureError,fixture 'sample_user' not found,internal/service/order_service_test.go line 81,ERROR at setup of internal/service/order_service_test.go::test_calculate_total - missing test fixture,build | Security Scan Failure | FixtureError | fixture 'sample_user' not found | internal/service/order_service_test.go line 81 | ERROR at setup of internal/service/order_service_test.go::test_calculate_total - missing test fixture,TRUE,application_defect
RCA_00687,GitHub Actions,Java,deploy,Build Failure,TypeError,TypeError: unsupported operand type(s) for +: 'int' and 'str',src/main/java/com/demo/PaymentService.java line 27 in calculate_total,FAILED src/test/java/com/demo/UserServiceTest.java::test_create_user - type mismatch in business logic,deploy | Build Failure | TypeError | TypeError: unsupported operand type(s) for +: 'int' and 'str' | src/main/java/com/demo/PaymentService.java line 27 in calculate_total | FAILED src/test/java/com/demo/UserServiceTest.java::test_create_user - type mismatch in business logic,FALSE,application_defect
RCA_01144,Azure DevOps,NodeJS,build,Resource Exhaustion,NameError,NameError: name 'respnse' is not defined,src/utils/priceCalculator.js line 124 in create_user,FAILED tests/priceCalculator.test.js::test_deploy_health - undefined variable raised from application code,build | Resource Exhaustion | NameError | NameError: name 'respnse' is not defined | src/utils/priceCalculator.js line 124 in create_user | FAILED tests/priceCalculator.test.js::test_deploy_health - undefined variable raised from application code,TRUE,application_defect
RCA_00256,CircleCI,Python,build,Timeout,TypeError,TypeError: unsupported operand type(s) for +: 'int' and 'str',app/order_service.py line 113 in create_user,FAILED tests/test_calculator.py::test_api_response - type mismatch in business logic,build | Timeout | TypeError | TypeError: unsupported operand type(s) for +: 'int' and 'str' | app/order_service.py line 113 in create_user | FAILED tests/test_calculator.py::test_api_response - type mismatch in business logic,TRUE,application_defect
RCA_00118,GitHub Actions,C++,deploy,Configuration Error,DeploymentError,DeploymentError: health check failed after deployment,deploy/health_check.py line 101,Service did not become healthy after deployment,deploy | Configuration Error | DeploymentError | DeploymentError: health check failed after deployment | deploy/health_check.py line 101 | Service did not become healthy after deployment,TRUE,deployment_issue
RCA_01484,Jenkins,Java,deploy,Security Scan Failure,SASTFinding,SAST found SQL injection risk in function 'create_user',src/main/java/com/demo/PaymentService.java line 70,Static analysis found security issue,deploy | Security Scan Failure | SASTFinding | SAST found SQL injection risk in function 'create_user' | src/main/java/com/demo/PaymentService.java line 70 | Static analysis found security issue,TRUE,security_policy_issue
RCA_00957,GitHub Actions,Go,deploy,Security Scan Failure,TimeoutError,TimeoutError: waiting for element 'button.save' exceeded 10 seconds,internal/service/order_service_test.go line 43,FAILED internal/service/order_service_test.go::test_payment_validation - UI locator or wait condition is unstable,deploy | Security Scan Failure | TimeoutError | TimeoutError: waiting for element 'button.save' exceeded 10 seconds | internal/service/order_service_test.go line 43 | FAILED internal/service/order_service_test.go::test_payment_validation - UI locator or wait condition is unstable,FALSE,test_script_issue
RCA_00597,GitLab CI,NodeJS,deploy,Build Failure,SyntaxError,SyntaxError: invalid syntax near 'return',src/utils/priceCalculator.js line 19,ERROR collecting tests/orderService.test.js::test_deploy_health - syntax error in source file | additional context: retry attempted; cache restored; environment variables loaded; exit code 1,deploy | Build Failure | SyntaxError | SyntaxError: invalid syntax near 'return' | src/utils/priceCalculator.js line 19 | ERROR collecting tests/orderService.test.js::test_deploy_health - syntax error in source file | additional context: retry attempted; cache restored; environment variables loaded; exit code 1,FALSE,test_script_issue
RCA_01482,Jenkins,Python,test,Permission Error,ModuleNotFoundError,ModuleNotFoundError: No module named 'serde',tests/test_calculator.py line 35,ImportError while importing test module because dependency serde is missing,test | Permission Error | ModuleNotFoundError | ModuleNotFoundError: No module named 'serde' | tests/test_calculator.py line 35 | ImportError while importing test module because dependency serde is missing,FALSE,dependency_issue
RCA_00282,GitLab CI,Go,test,Resource Exhaustion,ModuleNotFoundError,ModuleNotFoundError: No module named 'spring-core',internal/service/order_service_test.go line 113,ImportError while importing test module because dependency spring-core is missing,test | Resource Exhaustion | ModuleNotFoundError | ModuleNotFoundError: No module named 'spring-core' | internal/service/order_service_test.go line 113 | ImportError while importing test module because dependency spring-core is missing,FALSE,dependency_issue
RCA_00729,CircleCI,Rust,test,Permission Error,DeploymentError,DeploymentError: health check failed after deployment,deploy/health_check.py line 21,Service did not become healthy after deployment | additional context: retry attempted; cache restored; environment variables loaded; exit code 1,test | Permission Error | DeploymentError | DeploymentError: health check failed after deployment | deploy/health_check.py line 21 | Service did not become healthy after deployment | additional context: retry attempted; cache restored; environment variables loaded; exit code 1,FALSE,deployment_issue
RCA_00191,Jenkins,C++,test,Resource Exhaustion,TimeoutError,Job exceeded maximum execution time of 600 seconds,runner/workflow.py line 126,Workflow timed out during test execution | additional context: retry attempted; cache restored; environment variables loaded; exit code 1,test | Resource Exhaustion | TimeoutError | Job exceeded maximum execution time of 600 seconds | runner/workflow.py line 126 | Workflow timed out during test execution | additional context: retry attempted; cache restored; environment variables loaded; exit code 1,FALSE,infrastructure_resource_issue
RCA_00171,CircleCI,Java,build,Timeout,ConnectionTimeout,ConnectionTimeout: request timed out after 60 seconds,external_api_client.py line 58,External service call timed out while running src/test/java/com/demo/UserServiceTest.java::test_calculate_total,build | Timeout | ConnectionTimeout | ConnectionTimeout: request timed out after 60 seconds | external_api_client.py line 58 | External service call timed out while running src/test/java/com/demo/UserServiceTest.java::test_calculate_total,FALSE,network_issue
RCA_00837,GitHub Actions,Go,test,Build Failure,FileNotFoundError,FileNotFoundError: config/test_config.json not found,app/config.py line 40,Configuration file path does not exist in CI environment,test | Build Failure | FileNotFoundError | FileNotFoundError: config/test_config.json not found | app/config.py line 40 | Configuration file path does not exist in CI environment,TRUE,environment_config_issue
RCA_00781,GitHub Actions,Go,build,Build Failure,NameError,NameError: name 'respnse' is not defined,internal/service/user_service.go line 76 in apply_discount,FAILED internal/service/user_service_test.go::test_apply_discount - undefined variable raised from application code,build | Build Failure | NameError | NameError: name 'respnse' is not defined | internal/service/user_service.go line 76 in apply_discount | FAILED internal/service/user_service_test.go::test_apply_discount - undefined variable raised from application code,FALSE,application_defect
RCA_00054,GitHub Actions,Java,build,Dependency Error,DependencyResolutionError,Could not resolve dependency 'gin-gonic>=2.0.0',package_manager.py line 47,Dependency resolver failed during install step | additional context: retry attempted; cache restored; environment variables loaded; exit code 1,build | Dependency Error | DependencyResolutionError | Could not resolve dependency 'gin-gonic>=2.0.0' | package_manager.py line 47 | Dependency resolver failed during install step | additional context: retry attempted; cache restored; environment variables loaded; exit code 1,FALSE,dependency_issue
RCA_01201,Azure DevOps,Python,test,Build Failure,TypeError,TypeError: unsupported operand type(s) for +: 'int' and 'str',app/order_service.py line 132 in validate_payment,FAILED tests/test_calculator.py::test_create_user - type mismatch in business logic,test | Build Failure | TypeError | TypeError: unsupported operand type(s) for +: 'int' and 'str' | app/order_service.py line 132 in validate_payment | FAILED tests/test_calculator.py::test_create_user - type mismatch in business logic,FALSE,environment_config_issue
RCA_00132,Azure DevOps,Go,deploy,Build Failure,TimeoutError,TimeoutError: waiting for element '#checkout-confirm' exceeded 10 seconds,internal/service/user_service_test.go line 121,FAILED internal/service/user_service_test.go::test_apply_discount - UI locator or wait condition is unstable | additional context: retry attempted; cache restored; environment variables loaded; exit code 1,deploy | Build Failure | TimeoutError | TimeoutError: waiting for element '#checkout-confirm' exceeded 10 seconds | internal/service/user_service_test.go line 121 | FAILED internal/service/user_service_test.go::test_apply_discount - UI locator or wait condition is unstable | additional context: retry attempted; cache restored; environment variables loaded; exit code 1,TRUE,test_script_issue
RCA_00286,GitLab CI,Go,deploy,Network Error,NameError,NameError: name 'usr_id' is not defined,cmd/api/main.go line 42 in validate_payment,FAILED internal/service/order_service_test.go::test_apply_discount - undefined variable raised from application code,deploy | Network Error | NameError | NameError: name 'usr_id' is not defined | cmd/api/main.go line 42 in validate_payment | FAILED internal/service/order_service_test.go::test_apply_discount - undefined variable raised from application code,TRUE,test_script_issue
RCA_01270,Azure DevOps,C++,build,Timeout,TypeError,TypeError: unsupported operand type(s) for +: 'int' and 'str',src/user_service.cpp line 67 in calculate_total,FAILED tests/test_user_service.cpp::test_process_order - type mismatch in business logic,build | Timeout | TypeError | TypeError: unsupported operand type(s) for +: 'int' and 'str' | src/user_service.cpp line 67 in calculate_total | FAILED tests/test_user_service.cpp::test_process_order - type mismatch in business logic,TRUE,application_defect
RCA_00405,GitHub Actions,Rust,deploy,Network Error,ImagePullBackOff,ImagePullBackOff: failed to pull image 'demo-api:latest',kubernetes/deploy.yaml line 122,Deployment failed because container image could not be pulled | additional context: retry attempted; cache restored; environment variables loaded; exit code 1,deploy | Network Error | ImagePullBackOff | ImagePullBackOff: failed to pull image 'demo-api:latest' | kubernetes/deploy.yaml line 122 | Deployment failed because container image could not be pulled | additional context: retry attempted; cache restored; environment variables loaded; exit code 1,TRUE,deployment_issue
RCA_00183,Jenkins,Python,build,Permission Error,NameError,NameError: name 'quanity' is not defined,app/user_service.py line 109 in process_order,FAILED tests/test_payment_service.py::test_deploy_health - undefined variable raised from application code,build | Permission Error | NameError | NameError: name 'quanity' is not defined | app/user_service.py line 109 in process_order | FAILED tests/test_payment_service.py::test_deploy_health - undefined variable raised from application code,TRUE,application_defect
RCA_01113,GitLab CI,Rust,test,Network Error,DependencyResolutionError,Could not resolve dependency 'serde>=2.0.0',package_manager.py line 51,Dependency resolver failed during install step,test | Network Error | DependencyResolutionError | Could not resolve dependency 'serde>=2.0.0' | package_manager.py line 51 | Dependency resolver failed during install step,TRUE,environment_config_issue
RCA_01293,Azure DevOps,NodeJS,deploy,Security Scan Failure,HTTPError,HTTPError: 503 Service Unavailable from upstream service,external_api_client.py line 18,External API returned 503 during tests/priceCalculator.test.js::test_deploy_health,deploy | Security Scan Failure | HTTPError | HTTPError: 503 Service Unavailable from upstream service | external_api_client.py line 18 | External API returned 503 during tests/priceCalculator.test.js::test_deploy_health,FALSE,deployment_issue
RCA_00293,Jenkins,C++,deploy,Dependency Error,FileNotFoundError,FileNotFoundError: config/test_config.json not found,app/config.py line 41,Configuration file path does not exist in CI environment | additional context: retry attempted; cache restored; environment variables loaded; exit code 1,deploy | Dependency Error | FileNotFoundError | FileNotFoundError: config/test_config.json not found | app/config.py line 41 | Configuration file path does not exist in CI environment | additional context: retry attempted; cache restored; environment variables loaded; exit code 1,FALSE,environment_config_issue
RCA_00194,CircleCI,Java,deploy,Build Failure,FileNotFoundError,FileNotFoundError: config/test_config.json not found,app/config.py line 74,Configuration file path does not exist in CI environment,deploy | Build Failure | FileNotFoundError | FileNotFoundError: config/test_config.json not found | app/config.py line 74 | Configuration file path does not exist in CI environment,TRUE,environment_config_issue
RCA_00067,GitHub Actions,C++,test,Test Failure,KeyError,KeyError: 'DATABASE_URL',app/config.py line 85 in load_config,Missing environment variable in CI runner,test | Test Failure | KeyError | KeyError: 'DATABASE_URL' | app/config.py line 85 in load_config | Missing environment variable in CI runner,TRUE,environment_config_issue
RCA_00022,GitHub Actions,NodeJS,test,Build Failure,FileNotFoundError,FileNotFoundError: config/test_config.json not found,app/config.py line 129,Configuration file path does not exist in CI environment,test | Build Failure | FileNotFoundError | FileNotFoundError: config/test_config.json not found | app/config.py line 129 | Configuration file path does not exist in CI environment,FALSE,environment_config_issue
RCA_01185,GitHub Actions,Java,deploy,Deployment Failure,NameError,NameError: name 'quanity' is not defined,src/main/java/com/demo/UserService.java line 78 in calculate_total,FAILED src/test/java/com/demo/UserServiceTest.java::test_calculate_total - undefined variable raised from application code,deploy | Deployment Failure | NameError | NameError: name 'quanity' is not defined | src/main/java/com/demo/UserService.java line 78 in calculate_total | FAILED src/test/java/com/demo/UserServiceTest.java::test_calculate_total - undefined variable raised from application code,TRUE,application_defect
RCA_01009,GitHub Actions,NodeJS,test,Security Scan Failure,AssertionError,AssertionError: assert 180 == 190,tests/orderService.test.js line 47,FAILED tests/orderService.test.js::test_apply_discount - expected value in test appears outdated | additional context: retry attempted; cache restored; environment variables loaded; exit code 1,test | Security Scan Failure | AssertionError | AssertionError: assert 180 == 190 | tests/orderService.test.js line 47 | FAILED tests/orderService.test.js::test_apply_discount - expected value in test appears outdated | additional context: retry attempted; cache restored; environment variables loaded; exit code 1,TRUE,test_script_issue
RCA_00302,Azure DevOps,C++,deploy,Resource Exhaustion,DNSResolutionError,Temporary failure in name resolution for host 'api.example.com',urllib3/connection.py line 109,Max retries exceeded because DNS resolution failed | additional context: retry attempted; cache restored; environment variables loaded; exit code 1,deploy | Resource Exhaustion | DNSResolutionError | Temporary failure in name resolution for host 'api.example.com' | urllib3/connection.py line 109 | Max retries exceeded because DNS resolution failed | additional context: retry attempted; cache restored; environment variables loaded; exit code 1,TRUE,network_issue
RCA_01110,GitHub Actions,C++,deploy,Timeout,KeyError,KeyError: 'API_TOKEN',app/config.py line 130 in load_config,Missing environment variable in CI runner,deploy | Timeout | KeyError | KeyError: 'API_TOKEN' | app/config.py line 130 in load_config | Missing environment variable in CI runner,TRUE,environment_config_issue
RCA_01181,GitLab CI,NodeJS,build,Permission Error,HTTPError,HTTPError: 503 Service Unavailable from upstream service,external_api_client.py line 89,External API returned 503 during tests/userController.test.js::test_apply_discount,build | Permission Error | HTTPError | HTTPError: 503 Service Unavailable from upstream service | external_api_client.py line 89 | External API returned 503 during tests/userController.test.js::test_apply_discount,FALSE,deployment_issue
RCA_00550,CircleCI,NodeJS,build,Permission Error,DeploymentError,DeploymentError: health check failed after deployment,deploy/health_check.py line 98,Service did not become healthy after deployment,build | Permission Error | DeploymentError | DeploymentError: health check failed after deployment | deploy/health_check.py line 98 | Service did not become healthy after deployment,TRUE,deployment_issue
RCA_00916,Jenkins,Python,deploy,Permission Error,VersionConflict,Version conflict: required requests==2.0.0 but installed requests==1.4.0,dependency_check.py line 21,Dependency version mismatch in CI environment,deploy | Permission Error | VersionConflict | Version conflict: required requests==2.0.0 but installed requests==1.4.0 | dependency_check.py line 21 | Dependency version mismatch in CI environment,FALSE,dependency_issue
RCA_00207,Jenkins,Python,deploy,Build Failure,AssertionError,AssertionError: assert 180 == 190,tests/test_order_service.py line 116,FAILED tests/test_order_service.py::test_create_user - expected value in test appears outdated,deploy | Build Failure | AssertionError | AssertionError: assert 180 == 190 | tests/test_order_service.py line 116 | FAILED tests/test_order_service.py::test_create_user - expected value in test appears outdated,TRUE,test_script_issue
RCA_00111,GitLab CI,NodeJS,test,Configuration Error,FileNotFoundError,FileNotFoundError: config/test_config.json not found,app/config.py line 92,Configuration file path does not exist in CI environment,test | Configuration Error | FileNotFoundError | FileNotFoundError: config/test_config.json not found | app/config.py line 92 | Configuration file path does not exist in CI environment,FALSE,environment_config_issue
RCA_00748,GitHub Actions,C++,deploy,Dependency Error,DependencyResolutionError,Could not resolve dependency 'pytest>=2.0.0',package_manager.py line 33,Dependency resolver failed during install step,deploy | Dependency Error | DependencyResolutionError | Could not resolve dependency 'pytest>=2.0.0' | package_manager.py line 33 | Dependency resolver failed during install step,FALSE,dependency_issue
RCA_01124,Azure DevOps,C++,deploy,Build Failure,FileNotFoundError,FileNotFoundError: config/test_config.json not found,app/config.py line 129,Configuration file path does not exist in CI environment | additional context: retry attempted; cache restored; environment variables loaded; exit code 1,deploy | Build Failure | FileNotFoundError | FileNotFoundError: config/test_config.json not found | app/config.py line 129 | Configuration file path does not exist in CI environment | additional context: retry attempted; cache restored; environment variables loaded; exit code 1,FALSE,environment_config_issue
RCA_01117,Azure DevOps,C++,build,Deployment Failure,ConnectionTimeout,ConnectionTimeout: request timed out after 30 seconds,external_api_client.py line 123,External service call timed out while running tests/test_order_service.cpp::test_payment_validation,build | Deployment Failure | ConnectionTimeout | ConnectionTimeout: request timed out after 30 seconds | external_api_client.py line 123 | External service call timed out while running tests/test_order_service.cpp::test_payment_validation,TRUE,network_issue
RCA_01271,CircleCI,Python,deploy,Resource Exhaustion,VersionConflict,Version conflict: required spring-core==2.0.0 but installed spring-core==1.4.0,dependency_check.py line 67,Dependency version mismatch in CI environment,deploy | Resource Exhaustion | VersionConflict | Version conflict: required spring-core==2.0.0 but installed spring-core==1.4.0 | dependency_check.py line 67 | Dependency version mismatch in CI environment,TRUE,dependency_issue
RCA_01368,CircleCI,Java,build,Deployment Failure,AssertionError,AssertionError: assert 180 == 190,src/test/java/com/demo/UserServiceTest.java line 135,FAILED src/test/java/com/demo/UserServiceTest.java::test_create_user - expected value in test appears outdated,build | Deployment Failure | AssertionError | AssertionError: assert 180 == 190 | src/test/java/com/demo/UserServiceTest.java line 135 | FAILED src/test/java/com/demo/UserServiceTest.java::test_create_user - expected value in test appears outdated,TRUE,application_defect
RCA_01051,CircleCI,NodeJS,build,Permission Error,TypeError,TypeError: unsupported operand type(s) for +: 'int' and 'str',src/routes/api.js line 105 in create_user,FAILED tests/orderService.test.js::test_deploy_health - type mismatch in business logic,build | Permission Error | TypeError | TypeError: unsupported operand type(s) for +: 'int' and 'str' | src/routes/api.js line 105 in create_user | FAILED tests/orderService.test.js::test_deploy_health - type mismatch in business logic,FALSE,application_defect
RCA_00083,Jenkins,Go,test,Security Scan Failure,DNSResolutionError,Temporary failure in name resolution for host 'internal-api.company.local',urllib3/connection.py line 129,Max retries exceeded because DNS resolution failed,test | Security Scan Failure | DNSResolutionError | Temporary failure in name resolution for host 'internal-api.company.local' | urllib3/connection.py line 129 | Max retries exceeded because DNS resolution failed,FALSE,network_issue
RCA_01132,Jenkins,C++,build,Timeout,DependencyResolutionError,Could not resolve dependency 'fastapi>=2.0.0',package_manager.py line 93,Dependency resolver failed during install step,build | Timeout | DependencyResolutionError | Could not resolve dependency 'fastapi>=2.0.0' | package_manager.py line 93 | Dependency resolver failed during install step,TRUE,application_defect
RCA_00456,GitLab CI,C++,test,Configuration Error,ConnectionTimeout,ConnectionTimeout: request timed out after 60 seconds,external_api_client.py line 34,External service call timed out while running tests/test_user_service.cpp::test_process_order,test | Configuration Error | ConnectionTimeout | ConnectionTimeout: request timed out after 60 seconds | external_api_client.py line 34 | External service call timed out while running tests/test_user_service.cpp::test_process_order,TRUE,network_issue
RCA_01404,Jenkins,Go,deploy,Timeout,VersionConflict,Version conflict: required junit==2.0.0 but installed junit==1.4.0,dependency_check.py line 66,Dependency version mismatch in CI environment,deploy | Timeout | VersionConflict | Version conflict: required junit==2.0.0 but installed junit==1.4.0 | dependency_check.py line 66 | Dependency version mismatch in CI environment,TRUE,dependency_issue
RCA_01109,CircleCI,C++,deploy,Timeout,TimeoutError,Job exceeded maximum execution time of 600 seconds,runner/workflow.py line 105,Workflow timed out during test execution,deploy | Timeout | TimeoutError | Job exceeded maximum execution time of 600 seconds | runner/workflow.py line 105 | Workflow timed out during test execution,FALSE,infrastructure_resource_issue
RCA_00996,Azure DevOps,Java,deploy,Resource Exhaustion,TypeError,TypeError: unsupported operand type(s) for +: 'int' and 'str',src/main/java/com/demo/UserService.java line 85 in apply_discount,FAILED src/test/java/com/demo/UserServiceTest.java::test_calculate_total - type mismatch in business logic | additional context: retry attempted; cache restored; environment variables loaded; exit code 1,deploy | Resource Exhaustion | TypeError | TypeError: unsupported operand type(s) for +: 'int' and 'str' | src/main/java/com/demo/UserService.java line 85 in apply_discount | FAILED src/test/java/com/demo/UserServiceTest.java::test_calculate_total - type mismatch in business logic | additional context: retry attempted; cache restored; environment variables loaded; exit code 1,TRUE,environment_config_issue
RCA_00129,CircleCI,C++,build,Network Error,DNSResolutionError,Temporary failure in name resolution for host 'auth.service.local',urllib3/connection.py line 138,Max retries exceeded because DNS resolution failed,build | Network Error | DNSResolutionError | Temporary failure in name resolution for host 'auth.service.local' | urllib3/connection.py line 138 | Max retries exceeded because DNS resolution failed,TRUE,network_issue
RCA_00215,GitLab CI,NodeJS,deploy,Dependency Error,HTTPError,HTTPError: 503 Service Unavailable from upstream service,external_api_client.py line 126,External API returned 503 during tests/userController.test.js::test_apply_discount,deploy | Dependency Error | HTTPError | HTTPError: 503 Service Unavailable from upstream service | external_api_client.py line 126 | External API returned 503 during tests/userController.test.js::test_apply_discount,FALSE,network_issue
RCA_00210,GitHub Actions,C++,build,Configuration Error,DependencyResolutionError,Could not resolve dependency 'junit>=2.0.0',package_manager.py line 115,Dependency resolver failed during install step,build | Configuration Error | DependencyResolutionError | Could not resolve dependency 'junit>=2.0.0' | package_manager.py line 115 | Dependency resolver failed during install step,FALSE,dependency_issue
RCA_00424,GitLab CI,NodeJS,test,Resource Exhaustion,ModuleNotFoundError,ModuleNotFoundError: No module named 'numpy',tests/userController.test.js line 7,ImportError while importing test module because dependency numpy is missing,test | Resource Exhaustion | ModuleNotFoundError | ModuleNotFoundError: No module named 'numpy' | tests/userController.test.js line 7 | ImportError while importing test module because dependency numpy is missing,FALSE,dependency_issue
RCA_01156,Jenkins,Rust,build,Security Scan Failure,PermissionError,PermissionError: cannot write to reports/output.json,app/report.py line 35,CI runner cannot write to report output directory,build | Security Scan Failure | PermissionError | PermissionError: cannot write to reports/output.json | app/report.py line 35 | CI runner cannot write to report output directory,FALSE,environment_config_issue
RCA_00792,Jenkins,Go,deploy,Test Failure,FixtureError,fixture 'sample_user' not found,internal/service/order_service_test.go line 73,ERROR at setup of internal/service/order_service_test.go::test_calculate_total - missing test fixture,deploy | Test Failure | FixtureError | fixture 'sample_user' not found | internal/service/order_service_test.go line 73 | ERROR at setup of internal/service/order_service_test.go::test_calculate_total - missing test fixture,TRUE,test_script_issue
RCA_01032,CircleCI,NodeJS,deploy,Network Error,FixtureError,fixture 'sample_user' not found,tests/orderService.test.js line 86,ERROR at setup of tests/orderService.test.js::test_create_user - missing test fixture | additional context: retry attempted; cache restored; environment variables loaded; exit code 1,deploy | Network Error | FixtureError | fixture 'sample_user' not found | tests/orderService.test.js line 86 | ERROR at setup of tests/orderService.test.js::test_create_user - missing test fixture | additional context: retry attempted; cache restored; environment variables loaded; exit code 1,TRUE,test_script_issue
RCA_00842,Jenkins,Go,test,Build Failure,NameError,NameError: name 'quanity' is not defined,internal/service/user_service.go line 123 in get_user_profile,FAILED internal/service/user_service_test.go::test_payment_validation - undefined variable raised from application code | additional context: retry attempted; cache restored; environment variables loaded; exit code 1,test | Build Failure | NameError | NameError: name 'quanity' is not defined | internal/service/user_service.go line 123 in get_user_profile | FAILED internal/service/user_service_test.go::test_payment_validation - undefined variable raised from application code | additional context: retry attempted; cache restored; environment variables loaded; exit code 1,TRUE,application_defect
RCA_00589,CircleCI,Rust,deploy,Dependency Error,DependencyResolutionError,Could not resolve dependency 'lodash>=2.0.0',package_manager.py line 116,Dependency resolver failed during install step,deploy | Dependency Error | DependencyResolutionError | Could not resolve dependency 'lodash>=2.0.0' | package_manager.py line 116 | Dependency resolver failed during install step,TRUE,dependency_issue
RCA_01450,Azure DevOps,NodeJS,test,Resource Exhaustion,PermissionError,PermissionError: cannot write to reports/output.json,app/report.py line 130,CI runner cannot write to report output directory,test | Resource Exhaustion | PermissionError | PermissionError: cannot write to reports/output.json | app/report.py line 130 | CI runner cannot write to report output directory,FALSE,environment_config_issue
RCA_01010,CircleCI,Java,test,Test Failure,NameError,NameError: name 'config_pth' is not defined,src/main/java/com/demo/PaymentService.java line 138 in create_user,FAILED src/test/java/com/demo/UserServiceTest.java::test_process_order - undefined variable raised from application code,test | Test Failure | NameError | NameError: name 'config_pth' is not defined | src/main/java/com/demo/PaymentService.java line 138 in create_user | FAILED src/test/java/com/demo/UserServiceTest.java::test_process_order - undefined variable raised from application code,TRUE,application_defect
RCA_01301,Jenkins,Rust,build,Configuration Error,TimeoutError,Job exceeded maximum execution time of 600 seconds,runner/workflow.py line 136,Workflow timed out during test execution | additional context: retry attempted; cache restored; environment variables loaded; exit code 1,build | Configuration Error | TimeoutError | Job exceeded maximum execution time of 600 seconds | runner/workflow.py line 136 | Workflow timed out during test execution | additional context: retry attempted; cache restored; environment variables loaded; exit code 1,TRUE,infrastructure_resource_issue
RCA_01068,GitLab CI,NodeJS,build,Deployment Failure,TypeError,TypeError: unsupported operand type(s) for +: 'int' and 'str',src/routes/api.js line 98 in get_user_profile,FAILED tests/userController.test.js::test_calculate_total - type mismatch in business logic,build | Deployment Failure | TypeError | TypeError: unsupported operand type(s) for +: 'int' and 'str' | src/routes/api.js line 98 in get_user_profile | FAILED tests/userController.test.js::test_calculate_total - type mismatch in business logic,TRUE,test_script_issue
RCA_00747,Jenkins,NodeJS,test,Resource Exhaustion,HTTPError,HTTPError: 503 Service Unavailable from upstream service,external_api_client.py line 38,External API returned 503 during tests/priceCalculator.test.js::test_calculate_total,test | Resource Exhaustion | HTTPError | HTTPError: 503 Service Unavailable from upstream service | external_api_client.py line 38 | External API returned 503 during tests/priceCalculator.test.js::test_calculate_total,FALSE,network_issue
RCA_00048,Jenkins,Go,deploy,Dependency Error,PermissionError,PermissionError: cannot write to reports/output.json,app/report.py line 62,CI runner cannot write to report output directory,deploy | Dependency Error | PermissionError | PermissionError: cannot write to reports/output.json | app/report.py line 62 | CI runner cannot write to report output directory,TRUE,environment_config_issue
RCA_00519,GitHub Actions,Rust,build,Network Error,VersionConflict,Version conflict: required requests==2.0.0 but installed requests==1.4.0,dependency_check.py line 102,Dependency version mismatch in CI environment,build | Network Error | VersionConflict | Version conflict: required requests==2.0.0 but installed requests==1.4.0 | dependency_check.py line 102 | Dependency version mismatch in CI environment,FALSE,dependency_issue
RCA_00532,Jenkins,Python,build,Security Scan Failure,PermissionError,PermissionError: cannot write to reports/output.json,app/report.py line 140,CI runner cannot write to report output directory,build | Security Scan Failure | PermissionError | PermissionError: cannot write to reports/output.json | app/report.py line 140 | CI runner cannot write to report output directory,TRUE,environment_config_issue
RCA_00297,Azure DevOps,Java,test,Test Failure,ConnectionTimeout,ConnectionTimeout: request timed out after 30 seconds,external_api_client.py line 72,External service call timed out while running src/test/java/com/demo/UserServiceTest.java::test_apply_discount,test | Test Failure | ConnectionTimeout | ConnectionTimeout: request timed out after 30 seconds | external_api_client.py line 72 | External service call timed out while running src/test/java/com/demo/UserServiceTest.java::test_apply_discount,FALSE,network_issue
RCA_00902,GitLab CI,Go,test,Dependency Error,FileNotFoundError,FileNotFoundError: config/test_config.json not found,app/config.py line 44,Configuration file path does not exist in CI environment,test | Dependency Error | FileNotFoundError | FileNotFoundError: config/test_config.json not found | app/config.py line 44 | Configuration file path does not exist in CI environment,TRUE,environment_config_issue
RCA_00203,GitHub Actions,Java,build,Test Failure,MigrationError,Database migration failed: column 'status' already exists,migrations/2026_update.sql line 140,Deployment failed during database migration,build | Test Failure | MigrationError | Database migration failed: column 'status' already exists | migrations/2026_update.sql line 140 | Deployment failed during database migration,FALSE,deployment_issue
RCA_00603,Azure DevOps,Python,build,Permission Error,VersionConflict,Version conflict: required junit==2.0.0 but installed junit==1.4.0,dependency_check.py line 84,Dependency version mismatch in CI environment,build | Permission Error | VersionConflict | Version conflict: required junit==2.0.0 but installed junit==1.4.0 | dependency_check.py line 84 | Dependency version mismatch in CI environment,TRUE,dependency_issue
RCA_00536,Jenkins,Python,test,Deployment Failure,VersionConflict,Version conflict: required fastapi==2.0.0 but installed fastapi==1.4.0,dependency_check.py line 31,Dependency version mismatch in CI environment,test | Deployment Failure | VersionConflict | Version conflict: required fastapi==2.0.0 but installed fastapi==1.4.0 | dependency_check.py line 31 | Dependency version mismatch in CI environment,TRUE,dependency_issue
RCA_00258,Jenkins,Python,test,Network Error,SecretDetected,Secret scanning detected possible credential in 'app/user_service.py',security/scanner.py line 131,Secret detected by repository scan policy,test | Network Error | SecretDetected | Secret scanning detected possible credential in 'app/user_service.py' | security/scanner.py line 131 | Secret detected by repository scan policy,FALSE,security_policy_issue
RCA_00583,CircleCI,Java,build,Dependency Error,HTTPError,HTTPError: 503 Service Unavailable from upstream service,external_api_client.py line 127,External API returned 503 during src/test/java/com/demo/UserServiceTest.java::test_calculate_total | additional context: retry attempted; cache restored; environment variables loaded; exit code 1,build | Dependency Error | HTTPError | HTTPError: 503 Service Unavailable from upstream service | external_api_client.py line 127 | External API returned 503 during src/test/java/com/demo/UserServiceTest.java::test_calculate_total | additional context: retry attempted; cache restored; environment variables loaded; exit code 1,TRUE,network_issue
RCA_01374,CircleCI,Python,test,Build Failure,DNSResolutionError,Temporary failure in name resolution for host 'auth.service.local',urllib3/connection.py line 120,Max retries exceeded because DNS resolution failed,test | Build Failure | DNSResolutionError | Temporary failure in name resolution for host 'auth.service.local' | urllib3/connection.py line 120 | Max retries exceeded because DNS resolution failed,FALSE,network_issue
RCA_01098,GitLab CI,Rust,test,Deployment Failure,ModuleNotFoundError,ModuleNotFoundError: No module named 'requests',tests/order_service_test.rs line 15,ImportError while importing test module because dependency requests is missing,test | Deployment Failure | ModuleNotFoundError | ModuleNotFoundError: No module named 'requests' | tests/order_service_test.rs line 15 | ImportError while importing test module because dependency requests is missing,FALSE,dependency_issue
RCA_01091,Jenkins,Rust,deploy,Permission Error,MemoryError,MemoryError: process killed because memory limit was exceeded,runner/executor.py line 7,CI job exceeded memory limit during test execution,deploy | Permission Error | MemoryError | MemoryError: process killed because memory limit was exceeded | runner/executor.py line 7 | CI job exceeded memory limit during test execution,TRUE,infrastructure_resource_issue
RCA_00453,CircleCI,Java,test,Dependency Error,NameError,NameError: name 'usr_id' is not defined,src/main/java/com/demo/UserService.java line 61 in calculate_total,FAILED src/test/java/com/demo/OrderServiceTest.java::test_payment_validation - undefined variable raised from application code | additional context: retry attempted; cache restored; environment variables loaded; exit code 1,test | Dependency Error | NameError | NameError: name 'usr_id' is not defined | src/main/java/com/demo/UserService.java line 61 in calculate_total | FAILED src/test/java/com/demo/OrderServiceTest.java::test_payment_validation - undefined variable raised from application code | additional context: retry attempted; cache restored; environment variables loaded; exit code 1,FALSE,application_defect
RCA_00419,Azure DevOps,Python,test,Deployment Failure,ConnectionTimeout,ConnectionTimeout: request timed out after 10 seconds,external_api_client.py line 80,External service call timed out while running tests/test_order_service.py::test_api_response,test | Deployment Failure | ConnectionTimeout | ConnectionTimeout: request timed out after 10 seconds | external_api_client.py line 80 | External service call timed out while running tests/test_order_service.py::test_api_response,FALSE,network_issue
RCA_00436,GitHub Actions,Go,build,Timeout,AssertionError,AssertionError: assert 180 == 190,internal/service/user_service_test.go line 138,FAILED internal/service/user_service_test.go::test_process_order - expected value in test appears outdated | additional context: retry attempted; cache restored; environment variables loaded; exit code 1,build | Timeout | AssertionError | AssertionError: assert 180 == 190 | internal/service/user_service_test.go line 138 | FAILED internal/service/user_service_test.go::test_process_order - expected value in test appears outdated | additional context: retry attempted; cache restored; environment variables loaded; exit code 1,FALSE,application_defect
RCA_01233,Jenkins,Rust,test,Configuration Error,VersionConflict,Version conflict: required junit==2.0.0 but installed junit==1.4.0,dependency_check.py line 73,Dependency version mismatch in CI environment,test | Configuration Error | VersionConflict | Version conflict: required junit==2.0.0 but installed junit==1.4.0 | dependency_check.py line 73 | Dependency version mismatch in CI environment,FALSE,dependency_issue
RCA_00828,Jenkins,C++,test,Security Scan Failure,NameError,NameError: name 'usr_id' is not defined,src/user_service.cpp line 94 in process_order,FAILED tests/test_order_service.cpp::test_create_user - undefined variable raised from application code | additional context: retry attempted; cache restored; environment variables loaded; exit code 1,test | Security Scan Failure | NameError | NameError: name 'usr_id' is not defined | src/user_service.cpp line 94 in process_order | FAILED tests/test_order_service.cpp::test_create_user - undefined variable raised from application code | additional context: retry attempted; cache restored; environment variables loaded; exit code 1,FALSE,application_defect
RCA_00395,GitLab CI,Java,deploy,Timeout,AssertionError,AssertionError: expected status 200 but got 500,src/main/java/com/demo/UserService.java line 83 in get_user_profile,FAILED src/test/java/com/demo/UserServiceTest.java::test_create_user - application returned internal server error,deploy | Timeout | AssertionError | AssertionError: expected status 200 but got 500 | src/main/java/com/demo/UserService.java line 83 in get_user_profile | FAILED src/test/java/com/demo/UserServiceTest.java::test_create_user - application returned internal server error,TRUE,application_defect
RCA_01037,Jenkins,Go,test,Deployment Failure,SyntaxError,SyntaxError: invalid syntax near 'return',internal/service/order_service.go line 118,ERROR collecting internal/service/order_service_test.go::test_api_response - syntax error in source file,test | Deployment Failure | SyntaxError | SyntaxError: invalid syntax near 'return' | internal/service/order_service.go line 118 | ERROR collecting internal/service/order_service_test.go::test_api_response - syntax error in source file,FALSE,application_defect
RCA_00682,GitLab CI,Java,test,Permission Error,NameError,NameError: name 'config_pth' is not defined,src/main/java/com/demo/PaymentService.java line 68 in calculate_total,FAILED src/test/java/com/demo/UserServiceTest.java::test_create_user - undefined variable raised from application code,test | Permission Error | NameError | NameError: name 'config_pth' is not defined | src/main/java/com/demo/PaymentService.java line 68 in calculate_total | FAILED src/test/java/com/demo/UserServiceTest.java::test_create_user - undefined variable raised from application code,FALSE,application_defect
RCA_00840,GitLab CI,NodeJS,build,Resource Exhaustion,FileNotFoundError,FileNotFoundError: config/test_config.json not found,app/config.py line 96,Configuration file path does not exist in CI environment,build | Resource Exhaustion | FileNotFoundError | FileNotFoundError: config/test_config.json not found | app/config.py line 96 | Configuration file path does not exist in CI environment,FALSE,environment_config_issue
RCA_01153,GitHub Actions,NodeJS,build,Configuration Error,ModuleNotFoundError,ModuleNotFoundError: No module named 'junit',tests/priceCalculator.test.js line 33,ImportError while importing test module because dependency junit is missing,build | Configuration Error | ModuleNotFoundError | ModuleNotFoundError: No module named 'junit' | tests/priceCalculator.test.js line 33 | ImportError while importing test module because dependency junit is missing,FALSE,dependency_issue
RCA_00409,Jenkins,NodeJS,test,Permission Error,MemoryError,MemoryError: process killed because memory limit was exceeded,runner/executor.py line 78,CI job exceeded memory limit during test execution,test | Permission Error | MemoryError | MemoryError: process killed because memory limit was exceeded | runner/executor.py line 78 | CI job exceeded memory limit during test execution,FALSE,deployment_issue
RCA_00432,Jenkins,Java,build,Deployment Failure,PermissionError,PermissionError: cannot write to reports/output.json,app/report.py line 101,CI runner cannot write to report output directory,build | Deployment Failure | PermissionError | PermissionError: cannot write to reports/output.json | app/report.py line 101 | CI runner cannot write to report output directory,FALSE,dependency_issue
RCA_00765,GitHub Actions,Java,deploy,Test Failure,TypeError,TypeError: unsupported operand type(s) for +: 'int' and 'str',src/main/java/com/demo/OrderService.java line 79 in get_user_profile,FAILED src/test/java/com/demo/OrderServiceTest.java::test_create_user - type mismatch in business logic,deploy | Test Failure | TypeError | TypeError: unsupported operand type(s) for +: 'int' and 'str' | src/main/java/com/demo/OrderService.java line 79 in get_user_profile | FAILED src/test/java/com/demo/OrderServiceTest.java::test_create_user - type mismatch in business logic,TRUE,test_script_issue
RCA_00923,CircleCI,NodeJS,deploy,Timeout,AssertionError,AssertionError: expected status 200 but got 500,src/routes/api.js line 137 in validate_payment,FAILED tests/userController.test.js::test_calculate_total - application returned internal server error,deploy | Timeout | AssertionError | AssertionError: expected status 200 but got 500 | src/routes/api.js line 137 in validate_payment | FAILED tests/userController.test.js::test_calculate_total - application returned internal server error,TRUE,application_defect
RCA_00053,Azure DevOps,Go,deploy,Permission Error,SyntaxError,SyntaxError: invalid syntax near 'return',internal/service/user_service.go line 122,ERROR collecting internal/service/user_service_test.go::test_process_order - syntax error in source file,deploy | Permission Error | SyntaxError | SyntaxError: invalid syntax near 'return' | internal/service/user_service.go line 122 | ERROR collecting internal/service/user_service_test.go::test_process_order - syntax error in source file,TRUE,application_defect
RCA_01426,CircleCI,C++,build,Permission Error,DependencyResolutionError,Could not resolve dependency 'spring-core>=2.0.0',package_manager.py line 94,Dependency resolver failed during install step,build | Permission Error | DependencyResolutionError | Could not resolve dependency 'spring-core>=2.0.0' | package_manager.py line 94 | Dependency resolver failed during install step,FALSE,dependency_issue
RCA_01403,CircleCI,Python,deploy,Configuration Error,TypeError,TypeError: unsupported operand type(s) for +: 'int' and 'str',app/order_service.py line 117 in create_user,FAILED tests/test_calculator.py::test_create_user - type mismatch in business logic,deploy | Configuration Error | TypeError | TypeError: unsupported operand type(s) for +: 'int' and 'str' | app/order_service.py line 117 in create_user | FAILED tests/test_calculator.py::test_create_user - type mismatch in business logic,TRUE,application_defect
RCA_01344,GitLab CI,Python,test,Permission Error,TimeoutError,TimeoutError: waiting for element 'button.save' exceeded 10 seconds,tests/test_user_service.py line 71,FAILED tests/test_user_service.py::test_api_response - UI locator or wait condition is unstable,test | Permission Error | TimeoutError | TimeoutError: waiting for element 'button.save' exceeded 10 seconds | tests/test_user_service.py line 71 | FAILED tests/test_user_service.py::test_api_response - UI locator or wait condition is unstable,FALSE,environment_config_issue
RCA_00429,Azure DevOps,Go,deploy,Dependency Error,DNSResolutionError,Temporary failure in name resolution for host 'internal-api.company.local',urllib3/connection.py line 40,Max retries exceeded because DNS resolution failed,deploy | Dependency Error | DNSResolutionError | Temporary failure in name resolution for host 'internal-api.company.local' | urllib3/connection.py line 40 | Max retries exceeded because DNS resolution failed,TRUE,network_issue
RCA_00217,CircleCI,Rust,build,Configuration Error,TimeoutError,TimeoutError: waiting for element 'button.save' exceeded 10 seconds,tests/user_service_test.rs line 97,FAILED tests/user_service_test.rs::test_process_order - UI locator or wait condition is unstable,build | Configuration Error | TimeoutError | TimeoutError: waiting for element 'button.save' exceeded 10 seconds | tests/user_service_test.rs line 97 | FAILED tests/user_service_test.rs::test_process_order - UI locator or wait condition is unstable,TRUE,environment_config_issue
RCA_00688,GitLab CI,Python,deploy,Deployment Failure,NameError,NameError: name 'quanity' is not defined,app/user_service.py line 133 in validate_payment,FAILED tests/test_order_service.py::test_create_user - undefined variable raised from application code,deploy | Deployment Failure | NameError | NameError: name 'quanity' is not defined | app/user_service.py line 133 in validate_payment | FAILED tests/test_order_service.py::test_create_user - undefined variable raised from application code,FALSE,application_defect
RCA_00575,Jenkins,Rust,test,Resource Exhaustion,NameError,NameError: name 'respnse' is not defined,src/order_service.rs line 67 in apply_discount,FAILED tests/user_service_test.rs::test_deploy_health - undefined variable raised from application code | additional context: retry attempted; cache restored; environment variables loaded; exit code 1,test | Resource Exhaustion | NameError | NameError: name 'respnse' is not defined | src/order_service.rs line 67 in apply_discount | FAILED tests/user_service_test.rs::test_deploy_health - undefined variable raised from application code | additional context: retry attempted; cache restored; environment variables loaded; exit code 1,FALSE,application_defect
RCA_00437,GitHub Actions,Java,test,Timeout,DNSResolutionError,Temporary failure in name resolution for host 'api.example.com',urllib3/connection.py line 41,Max retries exceeded because DNS resolution failed,test | Timeout | DNSResolutionError | Temporary failure in name resolution for host 'api.example.com' | urllib3/connection.py line 41 | Max retries exceeded because DNS resolution failed,FALSE,network_issue
RCA_00571,GitLab CI,Rust,test,Timeout,DependencyResolutionError,Could not resolve dependency 'serde>=2.0.0',package_manager.py line 104,Dependency resolver failed during install step,test | Timeout | DependencyResolutionError | Could not resolve dependency 'serde>=2.0.0' | package_manager.py line 104 | Dependency resolver failed during install step,FALSE,environment_config_issue
RCA_01435,Azure DevOps,Rust,test,Security Scan Failure,PermissionError,PermissionError: cannot write to reports/output.json,app/report.py line 57,CI runner cannot write to report output directory | additional context: retry attempted; cache restored; environment variables loaded; exit code 1,test | Security Scan Failure | PermissionError | PermissionError: cannot write to reports/output.json | app/report.py line 57 | CI runner cannot write to report output directory | additional context: retry attempted; cache restored; environment variables loaded; exit code 1,FALSE,environment_config_issue
RCA_00723,CircleCI,Go,deploy,Security Scan Failure,FileNotFoundError,FileNotFoundError: config/test_config.json not found,app/config.py line 104,Configuration file path does not exist in CI environment,deploy | Security Scan Failure | FileNotFoundError | FileNotFoundError: config/test_config.json not found | app/config.py line 104 | Configuration file path does not exist in CI environment,FALSE,environment_config_issue
RCA_00797,Azure DevOps,C++,build,Deployment Failure,HTTPError,HTTPError: 503 Service Unavailable from upstream service,external_api_client.py line 95,External API returned 503 during tests/test_user_service.cpp::test_calculate_total,build | Deployment Failure | HTTPError | HTTPError: 503 Service Unavailable from upstream service | external_api_client.py line 95 | External API returned 503 during tests/test_user_service.cpp::test_calculate_total,FALSE,infrastructure_resource_issue
RCA_00870,Jenkins,Go,test,Resource Exhaustion,DNSResolutionError,Temporary failure in name resolution for host 'internal-api.company.local',urllib3/connection.py line 76,Max retries exceeded because DNS resolution failed,test | Resource Exhaustion | DNSResolutionError | Temporary failure in name resolution for host 'internal-api.company.local' | urllib3/connection.py line 76 | Max retries exceeded because DNS resolution failed,TRUE,network_issue
RCA_01370,Azure DevOps,C++,test,Resource Exhaustion,DependencyResolutionError,Could not resolve dependency 'spring-core>=2.0.0',package_manager.py line 84,Dependency resolver failed during install step,test | Resource Exhaustion | DependencyResolutionError | Could not resolve dependency 'spring-core>=2.0.0' | package_manager.py line 84 | Dependency resolver failed during install step,TRUE,dependency_issue
RCA_00927,Jenkins,Rust,test,Security Scan Failure,ConnectionTimeout,ConnectionTimeout: request timed out after 30 seconds,external_api_client.py line 40,External service call timed out while running tests/user_service_test.rs::test_payment_validation,test | Security Scan Failure | ConnectionTimeout | ConnectionTimeout: request timed out after 30 seconds | external_api_client.py line 40 | External service call timed out while running tests/user_service_test.rs::test_payment_validation,TRUE,network_issue
RCA_00660,CircleCI,Rust,build,Timeout,SASTFinding,SAST found SQL injection risk in function 'create_user',src/config.rs line 114,Static analysis found security issue,build | Timeout | SASTFinding | SAST found SQL injection risk in function 'create_user' | src/config.rs line 114 | Static analysis found security issue,FALSE,security_policy_issue
RCA_00886,GitLab CI,C++,test,Configuration Error,ModuleNotFoundError,ModuleNotFoundError: No module named 'requests',tests/test_user_service.cpp line 93,ImportError while importing test module because dependency requests is missing,test | Configuration Error | ModuleNotFoundError | ModuleNotFoundError: No module named 'requests' | tests/test_user_service.cpp line 93 | ImportError while importing test module because dependency requests is missing,TRUE,dependency_issue
RCA_00984,GitHub Actions,Rust,test,Deployment Failure,NameError,NameError: name 'paylod' is not defined,src/config.rs line 68 in validate_payment,FAILED tests/order_service_test.rs::test_create_user - undefined variable raised from application code,test | Deployment Failure | NameError | NameError: name 'paylod' is not defined | src/config.rs line 68 in validate_payment | FAILED tests/order_service_test.rs::test_create_user - undefined variable raised from application code,FALSE,application_defect
RCA_00050,Jenkins,NodeJS,deploy,Dependency Error,SyntaxError,SyntaxError: invalid syntax near 'return',src/routes/api.js line 103,ERROR collecting tests/priceCalculator.test.js::test_deploy_health - syntax error in source file,deploy | Dependency Error | SyntaxError | SyntaxError: invalid syntax near 'return' | src/routes/api.js line 103 | ERROR collecting tests/priceCalculator.test.js::test_deploy_health - syntax error in source file,TRUE,application_defect
RCA_00895,GitLab CI,Java,test,Configuration Error,TypeError,TypeError: unsupported operand type(s) for +: 'int' and 'str',src/main/java/com/demo/UserService.java line 8 in process_order,FAILED src/test/java/com/demo/UserServiceTest.java::test_process_order - type mismatch in business logic | additional context: retry attempted; cache restored; environment variables loaded; exit code 1,test | Configuration Error | TypeError | TypeError: unsupported operand type(s) for +: 'int' and 'str' | src/main/java/com/demo/UserService.java line 8 in process_order | FAILED src/test/java/com/demo/UserServiceTest.java::test_process_order - type mismatch in business logic | additional context: retry attempted; cache restored; environment variables loaded; exit code 1,FALSE,application_defect
RCA_01244,GitLab CI,Java,build,Permission Error,OSError,OSError: [Errno 28] No space left on device,runner/cache.py line 13,Disk full while restoring cache or building image,build | Permission Error | OSError | OSError: [Errno 28] No space left on device | runner/cache.py line 13 | Disk full while restoring cache or building image,FALSE,infrastructure_resource_issue
RCA_00633,Jenkins,Rust,build,Timeout,NameError,NameError: name 'respnse' is not defined,src/config.rs line 119 in validate_payment,FAILED tests/user_service_test.rs::test_api_response - undefined variable raised from application code,build | Timeout | NameError | NameError: name 'respnse' is not defined | src/config.rs line 119 in validate_payment | FAILED tests/user_service_test.rs::test_api_response - undefined variable raised from application code,TRUE,test_script_issue
RCA_01058,Azure DevOps,Go,build,Security Scan Failure,MemoryError,MemoryError: process killed because memory limit was exceeded,runner/executor.py line 42,CI job exceeded memory limit during test execution,build | Security Scan Failure | MemoryError | MemoryError: process killed because memory limit was exceeded | runner/executor.py line 42 | CI job exceeded memory limit during test execution,TRUE,infrastructure_resource_issue
RCA_00299,GitHub Actions,Go,deploy,Deployment Failure,ConnectionTimeout,ConnectionTimeout: request timed out after 30 seconds,external_api_client.py line 90,External service call timed out while running internal/service/order_service_test.go::test_payment_validation | additional context: retry attempted; cache restored; environment variables loaded; exit code 1,deploy | Deployment Failure | ConnectionTimeout | ConnectionTimeout: request timed out after 30 seconds | external_api_client.py line 90 | External service call timed out while running internal/service/order_service_test.go::test_payment_validation | additional context: retry attempted; cache restored; environment variables loaded; exit code 1,FALSE,network_issue
RCA_00482,GitLab CI,Rust,test,Permission Error,NameError,NameError: name 'total_amunt' is not defined,src/order_service.rs line 6 in validate_payment,FAILED tests/user_service_test.rs::test_create_user - undefined variable raised from application code | additional context: retry attempted; cache restored; environment variables loaded; exit code 1,test | Permission Error | NameError | NameError: name 'total_amunt' is not defined | src/order_service.rs line 6 in validate_payment | FAILED tests/user_service_test.rs::test_create_user - undefined variable raised from application code | additional context: retry attempted; cache restored; environment variables loaded; exit code 1,TRUE,application_defect
RCA_00771,Jenkins,Go,deploy,Timeout,MemoryError,MemoryError: process killed because memory limit was exceeded,runner/executor.py line 105,CI job exceeded memory limit during test execution,deploy | Timeout | MemoryError | MemoryError: process killed because memory limit was exceeded | runner/executor.py line 105 | CI job exceeded memory limit during test execution,FALSE,infrastructure_resource_issue
RCA_01265,Azure DevOps,Java,deploy,Configuration Error,ModuleNotFoundError,ModuleNotFoundError: No module named 'spring-core',src/test/java/com/demo/OrderServiceTest.java line 61,ImportError while importing test module because dependency spring-core is missing,deploy | Configuration Error | ModuleNotFoundError | ModuleNotFoundError: No module named 'spring-core' | src/test/java/com/demo/OrderServiceTest.java line 61 | ImportError while importing test module because dependency spring-core is missing,TRUE,dependency_issue
RCA_01064,GitLab CI,C++,deploy,Network Error,FileNotFoundError,FileNotFoundError: config/test_config.json not found,app/config.py line 41,Configuration file path does not exist in CI environment,deploy | Network Error | FileNotFoundError | FileNotFoundError: config/test_config.json not found | app/config.py line 41 | Configuration file path does not exist in CI environment,FALSE,environment_config_issue
RCA_00806,CircleCI,Java,build,Configuration Error,ConnectionTimeout,ConnectionTimeout: request timed out after 60 seconds,external_api_client.py line 48,External service call timed out while running src/test/java/com/demo/UserServiceTest.java::test_process_order | additional context: retry attempted; cache restored; environment variables loaded; exit code 1,build | Configuration Error | ConnectionTimeout | ConnectionTimeout: request timed out after 60 seconds | external_api_client.py line 48 | External service call timed out while running src/test/java/com/demo/UserServiceTest.java::test_process_order | additional context: retry attempted; cache restored; environment variables loaded; exit code 1,TRUE,network_issue
RCA_01016,GitLab CI,Java,deploy,Configuration Error,PermissionError,PermissionError: cannot write to reports/output.json,app/report.py line 16,CI runner cannot write to report output directory,deploy | Configuration Error | PermissionError | PermissionError: cannot write to reports/output.json | app/report.py line 16 | CI runner cannot write to report output directory,TRUE,environment_config_issue
RCA_00727,Azure DevOps,C++,deploy,Dependency Error,ImportError,ImportError: cannot import name 'validate_payments' from application module,tests/test_order_service.cpp line 20,ERROR collecting tests/test_order_service.cpp::test_apply_discount - test imports old function name,deploy | Dependency Error | ImportError | ImportError: cannot import name 'validate_payments' from application module | tests/test_order_service.cpp line 20 | ERROR collecting tests/test_order_service.cpp::test_apply_discount - test imports old function name,FALSE,test_script_issue
RCA_00147,GitLab CI,NodeJS,test,Dependency Error,FileNotFoundError,FileNotFoundError: config/test_config.json not found,app/config.py line 27,Configuration file path does not exist in CI environment,test | Dependency Error | FileNotFoundError | FileNotFoundError: config/test_config.json not found | app/config.py line 27 | Configuration file path does not exist in CI environment,FALSE,environment_config_issue
RCA_00764,Jenkins,C++,test,Resource Exhaustion,AssertionError,AssertionError: expected status 200 but got 500,src/main.cpp line 113 in validate_payment,FAILED tests/test_user_service.cpp::test_process_order - application returned internal server error,test | Resource Exhaustion | AssertionError | AssertionError: expected status 200 but got 500 | src/main.cpp line 113 in validate_payment | FAILED tests/test_user_service.cpp::test_process_order - application returned internal server error,TRUE,application_defect
RCA_01052,Jenkins,Java,build,Deployment Failure,DeploymentError,DeploymentError: health check failed after deployment,deploy/health_check.py line 36,Service did not become healthy after deployment,build | Deployment Failure | DeploymentError | DeploymentError: health check failed after deployment | deploy/health_check.py line 36 | Service did not become healthy after deployment,TRUE,infrastructure_resource_issue
RCA_01393,CircleCI,Java,build,Test Failure,ImportError,ImportError: cannot import name 'get_user_profiles' from application module,src/test/java/com/demo/OrderServiceTest.java line 93,ERROR collecting src/test/java/com/demo/OrderServiceTest.java::test_create_user - test imports old function name,build | Test Failure | ImportError | ImportError: cannot import name 'get_user_profiles' from application module | src/test/java/com/demo/OrderServiceTest.java line 93 | ERROR collecting src/test/java/com/demo/OrderServiceTest.java::test_create_user - test imports old function name,FALSE,test_script_issue
RCA_00376,GitLab CI,Java,deploy,Configuration Error,SyntaxError,SyntaxError: invalid syntax near 'return',src/main/java/com/demo/UserService.java line 42,ERROR collecting src/test/java/com/demo/UserServiceTest.java::test_api_response - syntax error in source file,deploy | Configuration Error | SyntaxError | SyntaxError: invalid syntax near 'return' | src/main/java/com/demo/UserService.java line 42 | ERROR collecting src/test/java/com/demo/UserServiceTest.java::test_api_response - syntax error in source file,TRUE,application_defect
RCA_00327,GitHub Actions,NodeJS,test,Configuration Error,KeyError,KeyError: 'SECRET_KEY',app/config.py line 43 in load_config,Missing environment variable in CI runner,test | Configuration Error | KeyError | KeyError: 'SECRET_KEY' | app/config.py line 43 in load_config | Missing environment variable in CI runner,FALSE,environment_config_issue
RCA_01199,CircleCI,Python,test,Timeout,VersionConflict,Version conflict: required lodash==2.0.0 but installed lodash==1.4.0,dependency_check.py line 100,Dependency version mismatch in CI environment,test | Timeout | VersionConflict | Version conflict: required lodash==2.0.0 but installed lodash==1.4.0 | dependency_check.py line 100 | Dependency version mismatch in CI environment,FALSE,dependency_issue
RCA_01334,GitHub Actions,NodeJS,test,Resource Exhaustion,OSError,OSError: [Errno 28] No space left on device,runner/cache.py line 97,Disk full while restoring cache or building image,test | Resource Exhaustion | OSError | OSError: [Errno 28] No space left on device | runner/cache.py line 97 | Disk full while restoring cache or building image,TRUE,infrastructure_resource_issue
RCA_00222,Azure DevOps,Java,deploy,Security Scan Failure,ImagePullBackOff,ImagePullBackOff: failed to pull image 'registry.internal/order-api:1.2.0',kubernetes/deploy.yaml line 34,Deployment failed because container image could not be pulled,deploy | Security Scan Failure | ImagePullBackOff | ImagePullBackOff: failed to pull image 'registry.internal/order-api:1.2.0' | kubernetes/deploy.yaml line 34 | Deployment failed because container image could not be pulled,TRUE,infrastructure_resource_issue
RCA_00230,Jenkins,C++,build,Dependency Error,TypeError,TypeError: unsupported operand type(s) for +: 'int' and 'str',src/user_service.cpp line 95 in process_order,FAILED tests/test_user_service.cpp::test_apply_discount - type mismatch in business logic,build | Dependency Error | TypeError | TypeError: unsupported operand type(s) for +: 'int' and 'str' | src/user_service.cpp line 95 in process_order | FAILED tests/test_user_service.cpp::test_apply_discount - type mismatch in business logic,TRUE,environment_config_issue
RCA_00309,Jenkins,NodeJS,deploy,Build Failure,AssertionError,AssertionError: assert 180 == 190,tests/orderService.test.js line 81,FAILED tests/orderService.test.js::test_calculate_total - expected value in test appears outdated,deploy | Build Failure | AssertionError | AssertionError: assert 180 == 190 | tests/orderService.test.js line 81 | FAILED tests/orderService.test.js::test_calculate_total - expected value in test appears outdated,TRUE,environment_config_issue
RCA_00108,Jenkins,Java,test,Security Scan Failure,AssertionError,AssertionError: assert 180 == 190,src/test/java/com/demo/OrderServiceTest.java line 67,FAILED src/test/java/com/demo/OrderServiceTest.java::test_payment_validation - expected value in test appears outdated | additional context: retry attempted; cache restored; environment variables loaded; exit code 1,test | Security Scan Failure | AssertionError | AssertionError: assert 180 == 190 | src/test/java/com/demo/OrderServiceTest.java line 67 | FAILED src/test/java/com/demo/OrderServiceTest.java::test_payment_validation - expected value in test appears outdated | additional context: retry attempted; cache restored; environment variables loaded; exit code 1,FALSE,test_script_issue
RCA_01382,CircleCI,C++,deploy,Timeout,ConnectionTimeout,ConnectionTimeout: request timed out after 60 seconds,external_api_client.py line 127,External service call timed out while running tests/test_order_service.cpp::test_create_user,deploy | Timeout | ConnectionTimeout | ConnectionTimeout: request timed out after 60 seconds | external_api_client.py line 127 | External service call timed out while running tests/test_order_service.cpp::test_create_user,FALSE,network_issue
RCA_00212,Jenkins,Go,build,Configuration Error,FixtureError,fixture 'sample_user' not found,internal/service/user_service_test.go line 20,ERROR at setup of internal/service/user_service_test.go::test_deploy_health - missing test fixture,build | Configuration Error | FixtureError | fixture 'sample_user' not found | internal/service/user_service_test.go line 20 | ERROR at setup of internal/service/user_service_test.go::test_deploy_health - missing test fixture,FALSE,test_script_issue
RCA_00986,GitLab CI,C++,test,Security Scan Failure,AssertionError,AssertionError: expected status 200 but got 500,src/user_service.cpp line 57 in calculate_total,FAILED tests/test_order_service.cpp::test_calculate_total - application returned internal server error,test | Security Scan Failure | AssertionError | AssertionError: expected status 200 but got 500 | src/user_service.cpp line 57 in calculate_total | FAILED tests/test_order_service.cpp::test_calculate_total - application returned internal server error,FALSE,application_defect
RCA_00167,CircleCI,NodeJS,deploy,Security Scan Failure,AssertionError,AssertionError: assert 180 == 190,tests/priceCalculator.test.js line 80,FAILED tests/priceCalculator.test.js::test_payment_validation - expected value in test appears outdated,deploy | Security Scan Failure | AssertionError | AssertionError: assert 180 == 190 | tests/priceCalculator.test.js line 80 | FAILED tests/priceCalculator.test.js::test_payment_validation - expected value in test appears outdated,FALSE,test_script_issue
RCA_00800,GitHub Actions,Go,deploy,Network Error,PermissionError,PermissionError: cannot write to reports/output.json,app/report.py line 111,CI runner cannot write to report output directory,deploy | Network Error | PermissionError | PermissionError: cannot write to reports/output.json | app/report.py line 111 | CI runner cannot write to report output directory,FALSE,environment_config_issue
RCA_01119,Azure DevOps,Rust,build,Configuration Error,SecretDetected,Secret scanning detected possible credential in 'src/order_service.rs',security/scanner.py line 21,Secret detected by repository scan policy,build | Configuration Error | SecretDetected | Secret scanning detected possible credential in 'src/order_service.rs' | security/scanner.py line 21 | Secret detected by repository scan policy,TRUE,dependency_issue
RCA_00998,CircleCI,Rust,build,Dependency Error,AssertionError,AssertionError: expected status 200 but got 500,src/user_service.rs line 21 in validate_payment,FAILED tests/user_service_test.rs::test_deploy_health - application returned internal server error,build | Dependency Error | AssertionError | AssertionError: expected status 200 but got 500 | src/user_service.rs line 21 in validate_payment | FAILED tests/user_service_test.rs::test_deploy_health - application returned internal server error,FALSE,application_defect
RCA_00922,Jenkins,Rust,test,Deployment Failure,ImportError,ImportError: cannot import name 'validate_payments' from application module,tests/user_service_test.rs line 38,ERROR collecting tests/user_service_test.rs::test_deploy_health - test imports old function name,test | Deployment Failure | ImportError | ImportError: cannot import name 'validate_payments' from application module | tests/user_service_test.rs line 38 | ERROR collecting tests/user_service_test.rs::test_deploy_health - test imports old function name,FALSE,test_script_issue
RCA_00655,GitHub Actions,Rust,test,Resource Exhaustion,AssertionError,AssertionError: assert 180 == 190,tests/order_service_test.rs line 33,FAILED tests/order_service_test.rs::test_api_response - expected value in test appears outdated | additional context: retry attempted; cache restored; environment variables loaded; exit code 1,test | Resource Exhaustion | AssertionError | AssertionError: assert 180 == 190 | tests/order_service_test.rs line 33 | FAILED tests/order_service_test.rs::test_api_response - expected value in test appears outdated | additional context: retry attempted; cache restored; environment variables loaded; exit code 1,FALSE,test_script_issue
RCA_00175,GitHub Actions,C++,test,Dependency Error,AssertionError,AssertionError: expected status 200 but got 500,src/user_service.cpp line 115 in process_order,FAILED tests/test_user_service.cpp::test_api_response - application returned internal server error,test | Dependency Error | AssertionError | AssertionError: expected status 200 but got 500 | src/user_service.cpp line 115 in process_order | FAILED tests/test_user_service.cpp::test_api_response - application returned internal server error,TRUE,application_defect
RCA_01122,Jenkins,Rust,deploy,Test Failure,ImportError,ImportError: cannot import name 'calculate_totals' from application module,tests/user_service_test.rs line 77,ERROR collecting tests/user_service_test.rs::test_api_response - test imports old function name,deploy | Test Failure | ImportError | ImportError: cannot import name 'calculate_totals' from application module | tests/user_service_test.rs line 77 | ERROR collecting tests/user_service_test.rs::test_api_response - test imports old function name,TRUE,test_script_issue
RCA_01322,CircleCI,Java,deploy,Permission Error,HTTPError,HTTPError: 503 Service Unavailable from upstream service,external_api_client.py line 137,External API returned 503 during src/test/java/com/demo/UserServiceTest.java::test_create_user,deploy | Permission Error | HTTPError | HTTPError: 503 Service Unavailable from upstream service | external_api_client.py line 137 | External API returned 503 during src/test/java/com/demo/UserServiceTest.java::test_create_user,FALSE,infrastructure_resource_issue
RCA_01349,GitLab CI,C++,deploy,Permission Error,SyntaxError,SyntaxError: invalid syntax near 'return',src/main.cpp line 21,ERROR collecting tests/test_user_service.cpp::test_payment_validation - syntax error in source file,deploy | Permission Error | SyntaxError | SyntaxError: invalid syntax near 'return' | src/main.cpp line 21 | ERROR collecting tests/test_user_service.cpp::test_payment_validation - syntax error in source file,FALSE,application_defect
RCA_01307,Jenkins,Java,test,Security Scan Failure,PermissionError,PermissionError: cannot write to reports/output.json,app/report.py line 51,CI runner cannot write to report output directory,test | Security Scan Failure | PermissionError | PermissionError: cannot write to reports/output.json | app/report.py line 51 | CI runner cannot write to report output directory,TRUE,environment_config_issue
RCA_00736,CircleCI,Rust,deploy,Security Scan Failure,DependencyResolutionError,Could not resolve dependency 'requests>=2.0.0',package_manager.py line 9,Dependency resolver failed during install step,deploy | Security Scan Failure | DependencyResolutionError | Could not resolve dependency 'requests>=2.0.0' | package_manager.py line 9 | Dependency resolver failed during install step,FALSE,dependency_issue
RCA_00091,GitHub Actions,Java,test,Network Error,TypeError,TypeError: unsupported operand type(s) for +: 'int' and 'str',src/main/java/com/demo/UserService.java line 5 in validate_payment,FAILED src/test/java/com/demo/OrderServiceTest.java::test_apply_discount - type mismatch in business logic,test | Network Error | TypeError | TypeError: unsupported operand type(s) for +: 'int' and 'str' | src/main/java/com/demo/UserService.java line 5 in validate_payment | FAILED src/test/java/com/demo/OrderServiceTest.java::test_apply_discount - type mismatch in business logic,TRUE,application_defect
RCA_01282,Azure DevOps,NodeJS,build,Permission Error,TimeoutError,Job exceeded maximum execution time of 600 seconds,runner/workflow.py line 63,Workflow timed out during test execution | additional context: retry attempted; cache restored; environment variables loaded; exit code 1,build | Permission Error | TimeoutError | Job exceeded maximum execution time of 600 seconds | runner/workflow.py line 63 | Workflow timed out during test execution | additional context: retry attempted; cache restored; environment variables loaded; exit code 1,TRUE,network_issue
RCA_00637,Jenkins,Rust,test,Build Failure,HTTPError,HTTPError: 503 Service Unavailable from upstream service,external_api_client.py line 39,External API returned 503 during tests/order_service_test.rs::test_apply_discount,test | Build Failure | HTTPError | HTTPError: 503 Service Unavailable from upstream service | external_api_client.py line 39 | External API returned 503 during tests/order_service_test.rs::test_apply_discount,TRUE,environment_config_issue
RCA_01458,GitHub Actions,Rust,deploy,Network Error,ImportError,ImportError: cannot import name 'process_orders' from application module,tests/order_service_test.rs line 5,ERROR collecting tests/order_service_test.rs::test_apply_discount - test imports old function name,deploy | Network Error | ImportError | ImportError: cannot import name 'process_orders' from application module | tests/order_service_test.rs line 5 | ERROR collecting tests/order_service_test.rs::test_apply_discount - test imports old function name,TRUE,test_script_issue
RCA_01487,Jenkins,Go,build,Dependency Error,OSError,OSError: [Errno 28] No space left on device,runner/cache.py line 94,Disk full while restoring cache or building image,build | Dependency Error | OSError | OSError: [Errno 28] No space left on device | runner/cache.py line 94 | Disk full while restoring cache or building image,TRUE,network_issue
RCA_00635,Jenkins,Java,build,Resource Exhaustion,VersionConflict,Version conflict: required gin-gonic==2.0.0 but installed gin-gonic==1.4.0,dependency_check.py line 107,Dependency version mismatch in CI environment,build | Resource Exhaustion | VersionConflict | Version conflict: required gin-gonic==2.0.0 but installed gin-gonic==1.4.0 | dependency_check.py line 107 | Dependency version mismatch in CI environment,FALSE,dependency_issue
RCA_01283,CircleCI,Python,build,Resource Exhaustion,HTTPError,HTTPError: 503 Service Unavailable from upstream service,external_api_client.py line 83,External API returned 503 during tests/test_payment_service.py::test_apply_discount,build | Resource Exhaustion | HTTPError | HTTPError: 503 Service Unavailable from upstream service | external_api_client.py line 83 | External API returned 503 during tests/test_payment_service.py::test_apply_discount,TRUE,network_issue
RCA_01190,GitLab CI,C++,test,Security Scan Failure,NameError,NameError: name 'total_amunt' is not defined,src/main.cpp line 89 in calculate_total,FAILED tests/test_user_service.cpp::test_apply_discount - undefined variable raised from application code | additional context: retry attempted; cache restored; environment variables loaded; exit code 1,test | Security Scan Failure | NameError | NameError: name 'total_amunt' is not defined | src/main.cpp line 89 in calculate_total | FAILED tests/test_user_service.cpp::test_apply_discount - undefined variable raised from application code | additional context: retry attempted; cache restored; environment variables loaded; exit code 1,TRUE,application_defect
RCA_00237,GitLab CI,C++,deploy,Resource Exhaustion,MigrationError,Database migration failed: column 'status' already exists,migrations/2026_update.sql line 90,Deployment failed during database migration,deploy | Resource Exhaustion | MigrationError | Database migration failed: column 'status' already exists | migrations/2026_update.sql line 90 | Deployment failed during database migration,TRUE,deployment_issue
RCA_00929,GitLab CI,Rust,deploy,Network Error,OSError,OSError: [Errno 28] No space left on device,runner/cache.py line 91,Disk full while restoring cache or building image,deploy | Network Error | OSError | OSError: [Errno 28] No space left on device | runner/cache.py line 91 | Disk full while restoring cache or building image,TRUE,infrastructure_resource_issue
RCA_01262,Jenkins,C++,test,Build Failure,TimeoutError,Job exceeded maximum execution time of 600 seconds,runner/workflow.py line 84,Workflow timed out during test execution,test | Build Failure | TimeoutError | Job exceeded maximum execution time of 600 seconds | runner/workflow.py line 84 | Workflow timed out during test execution,TRUE,test_script_issue
RCA_00992,Jenkins,Python,test,Permission Error,ConnectionTimeout,ConnectionTimeout: request timed out after 10 seconds,external_api_client.py line 8,External service call timed out while running tests/test_calculator.py::test_create_user,test | Permission Error | ConnectionTimeout | ConnectionTimeout: request timed out after 10 seconds | external_api_client.py line 8 | External service call timed out while running tests/test_calculator.py::test_create_user,FALSE,network_issue
RCA_00529,Jenkins,Python,build,Security Scan Failure,FixtureError,fixture 'sample_user' not found,tests/test_payment_service.py line 130,ERROR at setup of tests/test_payment_service.py::test_payment_validation - missing test fixture | additional context: retry attempted; cache restored; environment variables loaded; exit code 1,build | Security Scan Failure | FixtureError | fixture 'sample_user' not found | tests/test_payment_service.py line 130 | ERROR at setup of tests/test_payment_service.py::test_payment_validation - missing test fixture | additional context: retry attempted; cache restored; environment variables loaded; exit code 1,TRUE,test_script_issue
RCA_00607,GitLab CI,Python,test,Deployment Failure,KeyError,KeyError: 'SECRET_KEY',app/config.py line 138 in load_config,Missing environment variable in CI runner,test | Deployment Failure | KeyError | KeyError: 'SECRET_KEY' | app/config.py line 138 in load_config | Missing environment variable in CI runner,TRUE,application_defect
RCA_00473,CircleCI,Python,deploy,Test Failure,SyntaxError,SyntaxError: invalid syntax near 'return',app/calculator.py line 132,ERROR collecting tests/test_order_service.py::test_create_user - syntax error in source file,deploy | Test Failure | SyntaxError | SyntaxError: invalid syntax near 'return' | app/calculator.py line 132 | ERROR collecting tests/test_order_service.py::test_create_user - syntax error in source file,FALSE,application_defect
RCA_01220,CircleCI,Python,build,Resource Exhaustion,PermissionError,PermissionError: cannot write to reports/output.json,app/report.py line 73,CI runner cannot write to report output directory | additional context: retry attempted; cache restored; environment variables loaded; exit code 1,build | Resource Exhaustion | PermissionError | PermissionError: cannot write to reports/output.json | app/report.py line 73 | CI runner cannot write to report output directory | additional context: retry attempted; cache restored; environment variables loaded; exit code 1,TRUE,environment_config_issue
RCA_00225,GitHub Actions,Java,build,Resource Exhaustion,NameError,NameError: name 'respnse' is not defined,src/main/java/com/demo/PaymentService.java line 109 in process_order,FAILED src/test/java/com/demo/OrderServiceTest.java::test_api_response - undefined variable raised from application code,build | Resource Exhaustion | NameError | NameError: name 'respnse' is not defined | src/main/java/com/demo/PaymentService.java line 109 in process_order | FAILED src/test/java/com/demo/OrderServiceTest.java::test_api_response - undefined variable raised from application code,FALSE,application_defect
RCA_01164,GitHub Actions,Rust,test,Resource Exhaustion,OSError,OSError: [Errno 28] No space left on device,runner/cache.py line 67,Disk full while restoring cache or building image,test | Resource Exhaustion | OSError | OSError: [Errno 28] No space left on device | runner/cache.py line 67 | Disk full while restoring cache or building image,TRUE,infrastructure_resource_issue
RCA_00606,Jenkins,Java,deploy,Test Failure,VersionConflict,Version conflict: required fastapi==2.0.0 but installed fastapi==1.4.0,dependency_check.py line 134,Dependency version mismatch in CI environment,deploy | Test Failure | VersionConflict | Version conflict: required fastapi==2.0.0 but installed fastapi==1.4.0 | dependency_check.py line 134 | Dependency version mismatch in CI environment,FALSE,dependency_issue
RCA_00520,CircleCI,Rust,test,Resource Exhaustion,VersionConflict,Version conflict: required serde==2.0.0 but installed serde==1.4.0,dependency_check.py line 13,Dependency version mismatch in CI environment,test | Resource Exhaustion | VersionConflict | Version conflict: required serde==2.0.0 but installed serde==1.4.0 | dependency_check.py line 13 | Dependency version mismatch in CI environment,FALSE,dependency_issue
RCA_01035,Jenkins,Go,test,Timeout,FixtureError,fixture 'sample_user' not found,internal/service/user_service_test.go line 90,ERROR at setup of internal/service/user_service_test.go::test_process_order - missing test fixture | additional context: retry attempted; cache restored; environment variables loaded; exit code 1,test | Timeout | FixtureError | fixture 'sample_user' not found | internal/service/user_service_test.go line 90 | ERROR at setup of internal/service/user_service_test.go::test_process_order - missing test fixture | additional context: retry attempted; cache restored; environment variables loaded; exit code 1,TRUE,test_script_issue
RCA_01429,GitHub Actions,NodeJS,deploy,Permission Error,TimeoutError,Job exceeded maximum execution time of 600 seconds,runner/workflow.py line 106,Workflow timed out during test execution,deploy | Permission Error | TimeoutError | Job exceeded maximum execution time of 600 seconds | runner/workflow.py line 106 | Workflow timed out during test execution,FALSE,infrastructure_resource_issue
RCA_00040,GitLab CI,Java,build,Network Error,AssertionError,AssertionError: expected status 200 but got 500,src/main/java/com/demo/OrderService.java line 9 in process_order,FAILED src/test/java/com/demo/UserServiceTest.java::test_deploy_health - application returned internal server error,build | Network Error | AssertionError | AssertionError: expected status 200 but got 500 | src/main/java/com/demo/OrderService.java line 9 in process_order | FAILED src/test/java/com/demo/UserServiceTest.java::test_deploy_health - application returned internal server error,TRUE,application_defect
RCA_00620,Jenkins,Rust,build,Configuration Error,ConnectionTimeout,ConnectionTimeout: request timed out after 10 seconds,external_api_client.py line 5,External service call timed out while running tests/user_service_test.rs::test_payment_validation,build | Configuration Error | ConnectionTimeout | ConnectionTimeout: request timed out after 10 seconds | external_api_client.py line 5 | External service call timed out while running tests/user_service_test.rs::test_payment_validation,TRUE,network_issue
RCA_00391,Azure DevOps,Rust,deploy,Timeout,KeyError,KeyError: 'DATABASE_URL',app/config.py line 123 in load_config,Missing environment variable in CI runner,deploy | Timeout | KeyError | KeyError: 'DATABASE_URL' | app/config.py line 123 in load_config | Missing environment variable in CI runner,TRUE,environment_config_issue
RCA_00540,Azure DevOps,Python,build,Configuration Error,KeyError,KeyError: 'DATABASE_URL',app/config.py line 71 in load_config,Missing environment variable in CI runner,build | Configuration Error | KeyError | KeyError: 'DATABASE_URL' | app/config.py line 71 in load_config | Missing environment variable in CI runner,FALSE,environment_config_issue
RCA_00342,CircleCI,C++,deploy,Resource Exhaustion,ModuleNotFoundError,ModuleNotFoundError: No module named 'pytest',tests/test_user_service.cpp line 84,ImportError while importing test module because dependency pytest is missing | additional context: retry attempted; cache restored; environment variables loaded; exit code 1,deploy | Resource Exhaustion | ModuleNotFoundError | ModuleNotFoundError: No module named 'pytest' | tests/test_user_service.cpp line 84 | ImportError while importing test module because dependency pytest is missing | additional context: retry attempted; cache restored; environment variables loaded; exit code 1,TRUE,dependency_issue
RCA_00570,CircleCI,Python,build,Security Scan Failure,FixtureError,fixture 'sample_user' not found,tests/test_calculator.py line 92,ERROR at setup of tests/test_calculator.py::test_apply_discount - missing test fixture,build | Security Scan Failure | FixtureError | fixture 'sample_user' not found | tests/test_calculator.py line 92 | ERROR at setup of tests/test_calculator.py::test_apply_discount - missing test fixture,TRUE,test_script_issue
RCA_00826,CircleCI,C++,test,Build Failure,ModuleNotFoundError,ModuleNotFoundError: No module named 'gin-gonic',tests/test_order_service.cpp line 7,ImportError while importing test module because dependency gin-gonic is missing,test | Build Failure | ModuleNotFoundError | ModuleNotFoundError: No module named 'gin-gonic' | tests/test_order_service.cpp line 7 | ImportError while importing test module because dependency gin-gonic is missing,TRUE,dependency_issue
RCA_00263,GitLab CI,Java,build,Resource Exhaustion,AssertionError,AssertionError: expected status 200 but got 500,src/main/java/com/demo/UserService.java line 121 in apply_discount,FAILED src/test/java/com/demo/UserServiceTest.java::test_create_user - application returned internal server error,build | Resource Exhaustion | AssertionError | AssertionError: expected status 200 but got 500 | src/main/java/com/demo/UserService.java line 121 in apply_discount | FAILED src/test/java/com/demo/UserServiceTest.java::test_create_user - application returned internal server error,TRUE,application_defect
RCA_01126,GitLab CI,Rust,deploy,Build Failure,OSError,OSError: [Errno 28] No space left on device,runner/cache.py line 68,Disk full while restoring cache or building image,deploy | Build Failure | OSError | OSError: [Errno 28] No space left on device | runner/cache.py line 68 | Disk full while restoring cache or building image,FALSE,infrastructure_resource_issue
RCA_00569,Azure DevOps,Python,build,Timeout,TimeoutError,TimeoutError: waiting for element '.user-row' exceeded 10 seconds,tests/test_calculator.py line 79,FAILED tests/test_calculator.py::test_create_user - UI locator or wait condition is unstable,build | Timeout | TimeoutError | TimeoutError: waiting for element '.user-row' exceeded 10 seconds | tests/test_calculator.py line 79 | FAILED tests/test_calculator.py::test_create_user - UI locator or wait condition is unstable,FALSE,test_script_issue
RCA_01457,Azure DevOps,Python,deploy,Test Failure,SyntaxError,SyntaxError: invalid syntax near 'return',app/payment_service.py line 137,ERROR collecting tests/test_payment_service.py::test_api_response - syntax error in source file,deploy | Test Failure | SyntaxError | SyntaxError: invalid syntax near 'return' | app/payment_service.py line 137 | ERROR collecting tests/test_payment_service.py::test_api_response - syntax error in source file,FALSE,application_defect
RCA_01133,Jenkins,Python,deploy,Resource Exhaustion,VersionConflict,Version conflict: required gin-gonic==2.0.0 but installed gin-gonic==1.4.0,dependency_check.py line 54,Dependency version mismatch in CI environment,deploy | Resource Exhaustion | VersionConflict | Version conflict: required gin-gonic==2.0.0 but installed gin-gonic==1.4.0 | dependency_check.py line 54 | Dependency version mismatch in CI environment,FALSE,dependency_issue
RCA_00079,Azure DevOps,Java,test,Permission Error,ModuleNotFoundError,ModuleNotFoundError: No module named 'requests',src/test/java/com/demo/OrderServiceTest.java line 119,ImportError while importing test module because dependency requests is missing,test | Permission Error | ModuleNotFoundError | ModuleNotFoundError: No module named 'requests' | src/test/java/com/demo/OrderServiceTest.java line 119 | ImportError while importing test module because dependency requests is missing,TRUE,dependency_issue
RCA_00369,Jenkins,Rust,deploy,Deployment Failure,AssertionError,AssertionError: assert 180 == 190,tests/user_service_test.rs line 96,FAILED tests/user_service_test.rs::test_api_response - expected value in test appears outdated,deploy | Deployment Failure | AssertionError | AssertionError: assert 180 == 190 | tests/user_service_test.rs line 96 | FAILED tests/user_service_test.rs::test_api_response - expected value in test appears outdated,FALSE,test_script_issue
RCA_00398,GitLab CI,NodeJS,test,Permission Error,KeyError,KeyError: 'SECRET_KEY',app/config.py line 140 in load_config,Missing environment variable in CI runner,test | Permission Error | KeyError | KeyError: 'SECRET_KEY' | app/config.py line 140 in load_config | Missing environment variable in CI runner,FALSE,environment_config_issue
RCA_00090,GitHub Actions,NodeJS,test,Deployment Failure,AssertionError,AssertionError: expected status 200 but got 500,src/services/orderService.js line 63 in calculate_total,FAILED tests/priceCalculator.test.js::test_payment_validation - application returned internal server error,test | Deployment Failure | AssertionError | AssertionError: expected status 200 but got 500 | src/services/orderService.js line 63 in calculate_total | FAILED tests/priceCalculator.test.js::test_payment_validation - application returned internal server error,TRUE,application_defect
RCA_00644,GitLab CI,Rust,deploy,Security Scan Failure,MemoryError,MemoryError: process killed because memory limit was exceeded,runner/executor.py line 21,CI job exceeded memory limit during test execution,deploy | Security Scan Failure | MemoryError | MemoryError: process killed because memory limit was exceeded | runner/executor.py line 21 | CI job exceeded memory limit during test execution,FALSE,network_issue
RCA_00117,GitHub Actions,Rust,test,Network Error,ModuleNotFoundError,ModuleNotFoundError: No module named 'spring-core',tests/order_service_test.rs line 133,ImportError while importing test module because dependency spring-core is missing | additional context: retry attempted; cache restored; environment variables loaded; exit code 1,test | Network Error | ModuleNotFoundError | ModuleNotFoundError: No module named 'spring-core' | tests/order_service_test.rs line 133 | ImportError while importing test module because dependency spring-core is missing | additional context: retry attempted; cache restored; environment variables loaded; exit code 1,FALSE,dependency_issue
RCA_00385,GitLab CI,NodeJS,build,Network Error,MemoryError,MemoryError: process killed because memory limit was exceeded,runner/executor.py line 130,CI job exceeded memory limit during test execution,build | Network Error | MemoryError | MemoryError: process killed because memory limit was exceeded | runner/executor.py line 130 | CI job exceeded memory limit during test execution,FALSE,infrastructure_resource_issue
RCA_00613,GitHub Actions,Go,build,Resource Exhaustion,ConnectionTimeout,ConnectionTimeout: request timed out after 60 seconds,external_api_client.py line 136,External service call timed out while running internal/service/user_service_test.go::test_calculate_total,build | Resource Exhaustion | ConnectionTimeout | ConnectionTimeout: request timed out after 60 seconds | external_api_client.py line 136 | External service call timed out while running internal/service/user_service_test.go::test_calculate_total,TRUE,network_issue
RCA_00754,Azure DevOps,Java,deploy,Test Failure,KeyError,KeyError: 'API_TOKEN',app/config.py line 65 in load_config,Missing environment variable in CI runner,deploy | Test Failure | KeyError | KeyError: 'API_TOKEN' | app/config.py line 65 in load_config | Missing environment variable in CI runner,TRUE,environment_config_issue
RCA_00997,Jenkins,Rust,build,Network Error,NameError,NameError: name 'respnse' is not defined,src/config.rs line 117 in process_order,FAILED tests/order_service_test.rs::test_payment_validation - undefined variable raised from application code,build | Network Error | NameError | NameError: name 'respnse' is not defined | src/config.rs line 117 in process_order | FAILED tests/order_service_test.rs::test_payment_validation - undefined variable raised from application code,TRUE,application_defect
RCA_01338,Jenkins,NodeJS,build,Configuration Error,TimeoutError,Job exceeded maximum execution time of 600 seconds,runner/workflow.py line 140,Workflow timed out during test execution,build | Configuration Error | TimeoutError | Job exceeded maximum execution time of 600 seconds | runner/workflow.py line 140 | Workflow timed out during test execution,FALSE,test_script_issue
RCA_00856,CircleCI,C++,test,Test Failure,SyntaxError,SyntaxError: invalid syntax near 'return',src/user_service.cpp line 81,ERROR collecting tests/test_order_service.cpp::test_api_response - syntax error in source file,test | Test Failure | SyntaxError | SyntaxError: invalid syntax near 'return' | src/user_service.cpp line 81 | ERROR collecting tests/test_order_service.cpp::test_api_response - syntax error in source file,TRUE,application_defect
RCA_00264,GitLab CI,Go,build,Test Failure,VersionConflict,Version conflict: required requests==2.0.0 but installed requests==1.4.0,dependency_check.py line 37,Dependency version mismatch in CI environment,build | Test Failure | VersionConflict | Version conflict: required requests==2.0.0 but installed requests==1.4.0 | dependency_check.py line 37 | Dependency version mismatch in CI environment,TRUE,dependency_issue
RCA_00839,Jenkins,NodeJS,test,Resource Exhaustion,FixtureError,fixture 'sample_user' not found,tests/orderService.test.js line 44,ERROR at setup of tests/orderService.test.js::test_deploy_health - missing test fixture,test | Resource Exhaustion | FixtureError | fixture 'sample_user' not found | tests/orderService.test.js line 44 | ERROR at setup of tests/orderService.test.js::test_deploy_health - missing test fixture,FALSE,test_script_issue
RCA_00031,GitLab CI,NodeJS,deploy,Network Error,TypeError,TypeError: unsupported operand type(s) for +: 'int' and 'str',src/routes/api.js line 128 in validate_payment,FAILED tests/orderService.test.js::test_payment_validation - type mismatch in business logic,deploy | Network Error | TypeError | TypeError: unsupported operand type(s) for +: 'int' and 'str' | src/routes/api.js line 128 in validate_payment | FAILED tests/orderService.test.js::test_payment_validation - type mismatch in business logic,TRUE,application_defect
RCA_01269,GitHub Actions,Python,test,Permission Error,TimeoutError,TimeoutError: waiting for element '#submit-button' exceeded 10 seconds,tests/test_user_service.py line 68,FAILED tests/test_user_service.py::test_apply_discount - UI locator or wait condition is unstable,test | Permission Error | TimeoutError | TimeoutError: waiting for element '#submit-button' exceeded 10 seconds | tests/test_user_service.py line 68 | FAILED tests/test_user_service.py::test_apply_discount - UI locator or wait condition is unstable,FALSE,test_script_issue
RCA_00628,GitLab CI,Go,test,Configuration Error,MemoryError,MemoryError: process killed because memory limit was exceeded,runner/executor.py line 45,CI job exceeded memory limit during test execution,test | Configuration Error | MemoryError | MemoryError: process killed because memory limit was exceeded | runner/executor.py line 45 | CI job exceeded memory limit during test execution,FALSE,infrastructure_resource_issue
RCA_00694,GitHub Actions,C++,build,Security Scan Failure,TypeError,TypeError: unsupported operand type(s) for +: 'int' and 'str',src/user_service.cpp line 96 in apply_discount,FAILED tests/test_order_service.cpp::test_calculate_total - type mismatch in business logic,build | Security Scan Failure | TypeError | TypeError: unsupported operand type(s) for +: 'int' and 'str' | src/user_service.cpp line 96 in apply_discount | FAILED tests/test_order_service.cpp::test_calculate_total - type mismatch in business logic,FALSE,application_defect
RCA_00234,GitLab CI,C++,deploy,Security Scan Failure,AssertionError,AssertionError: assert 180 == 190,tests/test_user_service.cpp line 21,FAILED tests/test_user_service.cpp::test_apply_discount - expected value in test appears outdated,deploy | Security Scan Failure | AssertionError | AssertionError: assert 180 == 190 | tests/test_user_service.cpp line 21 | FAILED tests/test_user_service.cpp::test_apply_discount - expected value in test appears outdated,FALSE,test_script_issue
RCA_01375,CircleCI,Python,test,Test Failure,NameError,NameError: name 'usr_id' is not defined,app/user_service.py line 5 in create_user,FAILED tests/test_payment_service.py::test_payment_validation - undefined variable raised from application code,test | Test Failure | NameError | NameError: name 'usr_id' is not defined | app/user_service.py line 5 in create_user | FAILED tests/test_payment_service.py::test_payment_validation - undefined variable raised from application code,FALSE,application_defect
RCA_00001,Azure DevOps,Go,build,Build Failure,DependencyResolutionError,Could not resolve dependency 'serde>=2.0.0',package_manager.py line 7,Dependency resolver failed during install step,build | Build Failure | DependencyResolutionError | Could not resolve dependency 'serde>=2.0.0' | package_manager.py line 7 | Dependency resolver failed during install step,FALSE,dependency_issue
RCA_00675,GitHub Actions,C++,test,Network Error,PermissionError,PermissionError: cannot write to reports/output.json,app/report.py line 101,CI runner cannot write to report output directory,test | Network Error | PermissionError | PermissionError: cannot write to reports/output.json | app/report.py line 101 | CI runner cannot write to report output directory,FALSE,environment_config_issue
RCA_00152,GitLab CI,Go,build,Permission Error,PermissionError,PermissionError: cannot write to reports/output.json,app/report.py line 91,CI runner cannot write to report output directory,build | Permission Error | PermissionError | PermissionError: cannot write to reports/output.json | app/report.py line 91 | CI runner cannot write to report output directory,TRUE,environment_config_issue
RCA_00503,Azure DevOps,NodeJS,build,Security Scan Failure,TypeError,TypeError: unsupported operand type(s) for +: 'int' and 'str',src/utils/priceCalculator.js line 115 in create_user,FAILED tests/orderService.test.js::test_api_response - type mismatch in business logic | additional context: retry attempted; cache restored; environment variables loaded; exit code 1,build | Security Scan Failure | TypeError | TypeError: unsupported operand type(s) for +: 'int' and 'str' | src/utils/priceCalculator.js line 115 in create_user | FAILED tests/orderService.test.js::test_api_response - type mismatch in business logic | additional context: retry attempted; cache restored; environment variables loaded; exit code 1,TRUE,application_defect
RCA_00402,GitHub Actions,Python,test,Network Error,SecretDetected,Secret scanning detected possible credential in 'app/user_service.py',security/scanner.py line 53,Secret detected by repository scan policy,test | Network Error | SecretDetected | Secret scanning detected possible credential in 'app/user_service.py' | security/scanner.py line 53 | Secret detected by repository scan policy,TRUE,security_policy_issue
RCA_01182,Jenkins,Rust,deploy,Security Scan Failure,AssertionError,AssertionError: assert 180 == 190,tests/user_service_test.rs line 97,FAILED tests/user_service_test.rs::test_process_order - expected value in test appears outdated | additional context: retry attempted; cache restored; environment variables loaded; exit code 1,deploy | Security Scan Failure | AssertionError | AssertionError: assert 180 == 190 | tests/user_service_test.rs line 97 | FAILED tests/user_service_test.rs::test_process_order - expected value in test appears outdated | additional context: retry attempted; cache restored; environment variables loaded; exit code 1,TRUE,test_script_issue
RCA_00170,Jenkins,Go,build,Security Scan Failure,FileNotFoundError,FileNotFoundError: config/test_config.json not found,app/config.py line 131,Configuration file path does not exist in CI environment,build | Security Scan Failure | FileNotFoundError | FileNotFoundError: config/test_config.json not found | app/config.py line 131 | Configuration file path does not exist in CI environment,TRUE,environment_config_issue
RCA_00943,GitHub Actions,NodeJS,build,Permission Error,SyntaxError,SyntaxError: invalid syntax near 'return',src/utils/priceCalculator.js line 71,ERROR collecting tests/orderService.test.js::test_apply_discount - syntax error in source file,build | Permission Error | SyntaxError | SyntaxError: invalid syntax near 'return' | src/utils/priceCalculator.js line 71 | ERROR collecting tests/orderService.test.js::test_apply_discount - syntax error in source file,FALSE,application_defect
RCA_00807,CircleCI,C++,deploy,Build Failure,MemoryError,MemoryError: process killed because memory limit was exceeded,runner/executor.py line 122,CI job exceeded memory limit during test execution,deploy | Build Failure | MemoryError | MemoryError: process killed because memory limit was exceeded | runner/executor.py line 122 | CI job exceeded memory limit during test execution,FALSE,infrastructure_resource_issue
RCA_00795,GitLab CI,Go,build,Permission Error,HTTPError,HTTPError: 503 Service Unavailable from upstream service,external_api_client.py line 35,External API returned 503 during internal/service/order_service_test.go::test_calculate_total,build | Permission Error | HTTPError | HTTPError: 503 Service Unavailable from upstream service | external_api_client.py line 35 | External API returned 503 during internal/service/order_service_test.go::test_calculate_total,FALSE,network_issue
RCA_00587,Jenkins,Rust,build,Build Failure,AssertionError,AssertionError: expected status 200 but got 500,src/order_service.rs line 44 in get_user_profile,FAILED tests/order_service_test.rs::test_apply_discount - application returned internal server error,build | Build Failure | AssertionError | AssertionError: expected status 200 but got 500 | src/order_service.rs line 44 in get_user_profile | FAILED tests/order_service_test.rs::test_apply_discount - application returned internal server error,FALSE,application_defect
RCA_00995,CircleCI,Go,deploy,Permission Error,OSError,OSError: [Errno 28] No space left on device,runner/cache.py line 63,Disk full while restoring cache or building image,deploy | Permission Error | OSError | OSError: [Errno 28] No space left on device | runner/cache.py line 63 | Disk full while restoring cache or building image,FALSE,infrastructure_resource_issue
RCA_01392,CircleCI,C++,build,Configuration Error,AssertionError,AssertionError: expected status 200 but got 500,src/order_service.cpp line 135 in validate_payment,FAILED tests/test_order_service.cpp::test_payment_validation - application returned internal server error,build | Configuration Error | AssertionError | AssertionError: expected status 200 but got 500 | src/order_service.cpp line 135 in validate_payment | FAILED tests/test_order_service.cpp::test_payment_validation - application returned internal server error,FALSE,environment_config_issue
RCA_01169,GitLab CI,Rust,test,Permission Error,DNSResolutionError,Temporary failure in name resolution for host 'api.example.com',urllib3/connection.py line 15,Max retries exceeded because DNS resolution failed,test | Permission Error | DNSResolutionError | Temporary failure in name resolution for host 'api.example.com' | urllib3/connection.py line 15 | Max retries exceeded because DNS resolution failed,FALSE,network_issue
RCA_00815,Jenkins,Go,build,Dependency Error,AssertionError,AssertionError: assert 180 == 190,internal/service/order_service_test.go line 80,FAILED internal/service/order_service_test.go::test_process_order - expected value in test appears outdated | additional context: retry attempted; cache restored; environment variables loaded; exit code 1,build | Dependency Error | AssertionError | AssertionError: assert 180 == 190 | internal/service/order_service_test.go line 80 | FAILED internal/service/order_service_test.go::test_process_order - expected value in test appears outdated | additional context: retry attempted; cache restored; environment variables loaded; exit code 1,FALSE,test_script_issue
RCA_00968,Jenkins,C++,deploy,Security Scan Failure,FileNotFoundError,FileNotFoundError: config/test_config.json not found,app/config.py line 26,Configuration file path does not exist in CI environment,deploy | Security Scan Failure | FileNotFoundError | FileNotFoundError: config/test_config.json not found | app/config.py line 26 | Configuration file path does not exist in CI environment,TRUE,environment_config_issue
RCA_01285,GitLab CI,C++,test,Network Error,HTTPError,HTTPError: 503 Service Unavailable from upstream service,external_api_client.py line 27,External API returned 503 during tests/test_order_service.cpp::test_api_response | additional context: retry attempted; cache restored; environment variables loaded; exit code 1,test | Network Error | HTTPError | HTTPError: 503 Service Unavailable from upstream service | external_api_client.py line 27 | External API returned 503 during tests/test_order_service.cpp::test_api_response | additional context: retry attempted; cache restored; environment variables loaded; exit code 1,TRUE,network_issue
RCA_00746,GitLab CI,Python,deploy,Configuration Error,FileNotFoundError,FileNotFoundError: config/test_config.json not found,app/config.py line 124,Configuration file path does not exist in CI environment,deploy | Configuration Error | FileNotFoundError | FileNotFoundError: config/test_config.json not found | app/config.py line 124 | Configuration file path does not exist in CI environment,FALSE,application_defect
RCA_00253,GitLab CI,Python,deploy,Test Failure,PermissionError,PermissionError: cannot write to reports/output.json,app/report.py line 133,CI runner cannot write to report output directory | additional context: retry attempted; cache restored; environment variables loaded; exit code 1,deploy | Test Failure | PermissionError | PermissionError: cannot write to reports/output.json | app/report.py line 133 | CI runner cannot write to report output directory | additional context: retry attempted; cache restored; environment variables loaded; exit code 1,TRUE,application_defect
RCA_00884,GitLab CI,Rust,build,Resource Exhaustion,HTTPError,HTTPError: 503 Service Unavailable from upstream service,external_api_client.py line 54,External API returned 503 during tests/user_service_test.rs::test_create_user,build | Resource Exhaustion | HTTPError | HTTPError: 503 Service Unavailable from upstream service | external_api_client.py line 54 | External API returned 503 during tests/user_service_test.rs::test_create_user,FALSE,network_issue
RCA_01021,GitLab CI,Java,deploy,Dependency Error,SecurityScanError,High severity vulnerability found in package 'serde',security/scanner.py line 69,Security scan failed due to vulnerable dependency | additional context: retry attempted; cache restored; environment variables loaded; exit code 1,deploy | Dependency Error | SecurityScanError | High severity vulnerability found in package 'serde' | security/scanner.py line 69 | Security scan failed due to vulnerable dependency | additional context: retry attempted; cache restored; environment variables loaded; exit code 1,FALSE,security_policy_issue
RCA_01247,Jenkins,Rust,test,Permission Error,DependencyResolutionError,Could not resolve dependency 'requests>=2.0.0',package_manager.py line 44,Dependency resolver failed during install step | additional context: retry attempted; cache restored; environment variables loaded; exit code 1,test | Permission Error | DependencyResolutionError | Could not resolve dependency 'requests>=2.0.0' | package_manager.py line 44 | Dependency resolver failed during install step | additional context: retry attempted; cache restored; environment variables loaded; exit code 1,FALSE,dependency_issue
RCA_00062,CircleCI,Java,test,Security Scan Failure,AssertionError,AssertionError: assert 180 == 190,src/test/java/com/demo/OrderServiceTest.java line 96,FAILED src/test/java/com/demo/OrderServiceTest.java::test_payment_validation - expected value in test appears outdated,test | Security Scan Failure | AssertionError | AssertionError: assert 180 == 190 | src/test/java/com/demo/OrderServiceTest.java line 96 | FAILED src/test/java/com/demo/OrderServiceTest.java::test_payment_validation - expected value in test appears outdated,FALSE,test_script_issue
RCA_00370,Azure DevOps,C++,deploy,Dependency Error,SyntaxError,SyntaxError: invalid syntax near 'return',src/user_service.cpp line 40,ERROR collecting tests/test_user_service.cpp::test_api_response - syntax error in source file,deploy | Dependency Error | SyntaxError | SyntaxError: invalid syntax near 'return' | src/user_service.cpp line 40 | ERROR collecting tests/test_user_service.cpp::test_api_response - syntax error in source file,TRUE,application_defect
RCA_00875,GitLab CI,NodeJS,build,Deployment Failure,AssertionError,AssertionError: expected status 200 but got 500,src/controllers/userController.js line 58 in process_order,FAILED tests/userController.test.js::test_payment_validation - application returned internal server error,build | Deployment Failure | AssertionError | AssertionError: expected status 200 but got 500 | src/controllers/userController.js line 58 in process_order | FAILED tests/userController.test.js::test_payment_validation - application returned internal server error,TRUE,environment_config_issue
RCA_01221,Azure DevOps,Python,deploy,Build Failure,SyntaxError,SyntaxError: invalid syntax near 'return',app/payment_service.py line 117,ERROR collecting tests/test_calculator.py::test_create_user - syntax error in source file,deploy | Build Failure | SyntaxError | SyntaxError: invalid syntax near 'return' | app/payment_service.py line 117 | ERROR collecting tests/test_calculator.py::test_create_user - syntax error in source file,TRUE,application_defect
RCA_00443,GitHub Actions,Rust,test,Test Failure,FileNotFoundError,FileNotFoundError: config/test_config.json not found,app/config.py line 36,Configuration file path does not exist in CI environment,test | Test Failure | FileNotFoundError | FileNotFoundError: config/test_config.json not found | app/config.py line 36 | Configuration file path does not exist in CI environment,FALSE,environment_config_issue
RCA_00558,CircleCI,Python,test,Timeout,FixtureError,fixture 'sample_user' not found,tests/test_order_service.py line 109,ERROR at setup of tests/test_order_service.py::test_api_response - missing test fixture,test | Timeout | FixtureError | fixture 'sample_user' not found | tests/test_order_service.py line 109 | ERROR at setup of tests/test_order_service.py::test_api_response - missing test fixture,TRUE,test_script_issue
RCA_01089,CircleCI,NodeJS,test,Timeout,ImportError,ImportError: cannot import name 'apply_discounts' from application module,tests/userController.test.js line 37,ERROR collecting tests/userController.test.js::test_payment_validation - test imports old function name,test | Timeout | ImportError | ImportError: cannot import name 'apply_discounts' from application module | tests/userController.test.js line 37 | ERROR collecting tests/userController.test.js::test_payment_validation - test imports old function name,FALSE,test_script_issue
RCA_00779,GitLab CI,Python,test,Dependency Error,TimeoutError,TimeoutError: waiting for element 'input[name=email]' exceeded 10 seconds,tests/test_user_service.py line 34,FAILED tests/test_user_service.py::test_deploy_health - UI locator or wait condition is unstable | additional context: retry attempted; cache restored; environment variables loaded; exit code 1,test | Dependency Error | TimeoutError | TimeoutError: waiting for element 'input[name=email]' exceeded 10 seconds | tests/test_user_service.py line 34 | FAILED tests/test_user_service.py::test_deploy_health - UI locator or wait condition is unstable | additional context: retry attempted; cache restored; environment variables loaded; exit code 1,FALSE,test_script_issue
RCA_00969,Azure DevOps,Rust,build,Dependency Error,KeyError,KeyError: 'API_TOKEN',app/config.py line 110 in load_config,Missing environment variable in CI runner,build | Dependency Error | KeyError | KeyError: 'API_TOKEN' | app/config.py line 110 in load_config | Missing environment variable in CI runner,TRUE,environment_config_issue
RCA_00227,GitLab CI,NodeJS,deploy,Security Scan Failure,TimeoutError,Job exceeded maximum execution time of 600 seconds,runner/workflow.py line 29,Workflow timed out during test execution,deploy | Security Scan Failure | TimeoutError | Job exceeded maximum execution time of 600 seconds | runner/workflow.py line 29 | Workflow timed out during test execution,TRUE,deployment_issue
RCA_00305,GitHub Actions,Java,test,Network Error,ImportError,ImportError: cannot import name 'process_orders' from application module,src/test/java/com/demo/UserServiceTest.java line 137,ERROR collecting src/test/java/com/demo/UserServiceTest.java::test_create_user - test imports old function name,test | Network Error | ImportError | ImportError: cannot import name 'process_orders' from application module | src/test/java/com/demo/UserServiceTest.java line 137 | ERROR collecting src/test/java/com/demo/UserServiceTest.java::test_create_user - test imports old function name,FALSE,test_script_issue
RCA_00023,GitHub Actions,Python,test,Dependency Error,MemoryError,MemoryError: process killed because memory limit was exceeded,runner/executor.py line 15,CI job exceeded memory limit during test execution,test | Dependency Error | MemoryError | MemoryError: process killed because memory limit was exceeded | runner/executor.py line 15 | CI job exceeded memory limit during test execution,FALSE,infrastructure_resource_issue
RCA_00987,GitLab CI,NodeJS,test,Timeout,MigrationError,Database migration failed: column 'status' already exists,migrations/2026_update.sql line 101,Deployment failed during database migration,test | Timeout | MigrationError | Database migration failed: column 'status' already exists | migrations/2026_update.sql line 101 | Deployment failed during database migration,FALSE,deployment_issue
RCA_00919,GitHub Actions,Java,build,Deployment Failure,ImportError,ImportError: cannot import name 'apply_discounts' from application module,src/test/java/com/demo/OrderServiceTest.java line 53,ERROR collecting src/test/java/com/demo/OrderServiceTest.java::test_process_order - test imports old function name,build | Deployment Failure | ImportError | ImportError: cannot import name 'apply_discounts' from application module | src/test/java/com/demo/OrderServiceTest.java line 53 | ERROR collecting src/test/java/com/demo/OrderServiceTest.java::test_process_order - test imports old function name,TRUE,test_script_issue
RCA_00863,CircleCI,Java,build,Dependency Error,ModuleNotFoundError,ModuleNotFoundError: No module named 'numpy',src/test/java/com/demo/UserServiceTest.java line 140,ImportError while importing test module because dependency numpy is missing,build | Dependency Error | ModuleNotFoundError | ModuleNotFoundError: No module named 'numpy' | src/test/java/com/demo/UserServiceTest.java line 140 | ImportError while importing test module because dependency numpy is missing,FALSE,dependency_issue
RCA_01140,CircleCI,Rust,build,Permission Error,AssertionError,AssertionError: assert 180 == 190,tests/order_service_test.rs line 7,FAILED tests/order_service_test.rs::test_create_user - expected value in test appears outdated | additional context: retry attempted; cache restored; environment variables loaded; exit code 1,build | Permission Error | AssertionError | AssertionError: assert 180 == 190 | tests/order_service_test.rs line 7 | FAILED tests/order_service_test.rs::test_create_user - expected value in test appears outdated | additional context: retry attempted; cache restored; environment variables loaded; exit code 1,FALSE,application_defect
RCA_01123,GitHub Actions,Java,test,Security Scan Failure,TypeError,TypeError: unsupported operand type(s) for +: 'int' and 'str',src/main/java/com/demo/PaymentService.java line 74 in apply_discount,FAILED src/test/java/com/demo/UserServiceTest.java::test_create_user - type mismatch in business logic,test | Security Scan Failure | TypeError | TypeError: unsupported operand type(s) for +: 'int' and 'str' | src/main/java/com/demo/PaymentService.java line 74 in apply_discount | FAILED src/test/java/com/demo/UserServiceTest.java::test_create_user - type mismatch in business logic,FALSE,application_defect
RCA_00373,CircleCI,Go,build,Security Scan Failure,FixtureError,fixture 'sample_user' not found,internal/service/order_service_test.go line 43,ERROR at setup of internal/service/order_service_test.go::test_process_order - missing test fixture,build | Security Scan Failure | FixtureError | fixture 'sample_user' not found | internal/service/order_service_test.go line 43 | ERROR at setup of internal/service/order_service_test.go::test_process_order - missing test fixture,FALSE,test_script_issue
RCA_00761,GitLab CI,Java,test,Security Scan Failure,AssertionError,AssertionError: expected status 200 but got 500,src/main/java/com/demo/PaymentService.java line 43 in apply_discount,FAILED src/test/java/com/demo/OrderServiceTest.java::test_create_user - application returned internal server error,test | Security Scan Failure | AssertionError | AssertionError: expected status 200 but got 500 | src/main/java/com/demo/PaymentService.java line 43 in apply_discount | FAILED src/test/java/com/demo/OrderServiceTest.java::test_create_user - application returned internal server error,TRUE,dependency_issue
RCA_01026,Jenkins,NodeJS,build,Deployment Failure,FileNotFoundError,FileNotFoundError: config/test_config.json not found,app/config.py line 86,Configuration file path does not exist in CI environment,build | Deployment Failure | FileNotFoundError | FileNotFoundError: config/test_config.json not found | app/config.py line 86 | Configuration file path does not exist in CI environment,FALSE,environment_config_issue
RCA_00803,GitLab CI,Python,test,Permission Error,HTTPError,HTTPError: 503 Service Unavailable from upstream service,external_api_client.py line 12,External API returned 503 during tests/test_user_service.py::test_api_response,test | Permission Error | HTTPError | HTTPError: 503 Service Unavailable from upstream service | external_api_client.py line 12 | External API returned 503 during tests/test_user_service.py::test_api_response,FALSE,network_issue
RCA_00036,Jenkins,NodeJS,deploy,Build Failure,ImportError,ImportError: cannot import name 'get_user_profiles' from application module,tests/orderService.test.js line 138,ERROR collecting tests/orderService.test.js::test_calculate_total - test imports old function name,deploy | Build Failure | ImportError | ImportError: cannot import name 'get_user_profiles' from application module | tests/orderService.test.js line 138 | ERROR collecting tests/orderService.test.js::test_calculate_total - test imports old function name,FALSE,test_script_issue
RCA_00427,CircleCI,Rust,build,Security Scan Failure,TimeoutError,TimeoutError: waiting for element 'input[name=email]' exceeded 10 seconds,tests/order_service_test.rs line 84,FAILED tests/order_service_test.rs::test_create_user - UI locator or wait condition is unstable | additional context: retry attempted; cache restored; environment variables loaded; exit code 1,build | Security Scan Failure | TimeoutError | TimeoutError: waiting for element 'input[name=email]' exceeded 10 seconds | tests/order_service_test.rs line 84 | FAILED tests/order_service_test.rs::test_create_user - UI locator or wait condition is unstable | additional context: retry attempted; cache restored; environment variables loaded; exit code 1,FALSE,application_defect
RCA_00710,Azure DevOps,Rust,deploy,Network Error,ConnectionTimeout,ConnectionTimeout: request timed out after 30 seconds,external_api_client.py line 71,External service call timed out while running tests/user_service_test.rs::test_create_user,deploy | Network Error | ConnectionTimeout | ConnectionTimeout: request timed out after 30 seconds | external_api_client.py line 71 | External service call timed out while running tests/user_service_test.rs::test_create_user,TRUE,network_issue
RCA_00380,Jenkins,NodeJS,build,Build Failure,PermissionError,PermissionError: cannot write to reports/output.json,app/report.py line 61,CI runner cannot write to report output directory | additional context: retry attempted; cache restored; environment variables loaded; exit code 1,build | Build Failure | PermissionError | PermissionError: cannot write to reports/output.json | app/report.py line 61 | CI runner cannot write to report output directory | additional context: retry attempted; cache restored; environment variables loaded; exit code 1,FALSE,environment_config_issue
RCA_01061,Azure DevOps,C++,build,Resource Exhaustion,DeploymentError,DeploymentError: health check failed after deployment,deploy/health_check.py line 12,Service did not become healthy after deployment | additional context: retry attempted; cache restored; environment variables loaded; exit code 1,build | Resource Exhaustion | DeploymentError | DeploymentError: health check failed after deployment | deploy/health_check.py line 12 | Service did not become healthy after deployment | additional context: retry attempted; cache restored; environment variables loaded; exit code 1,FALSE,deployment_issue
RCA_00137,GitHub Actions,NodeJS,test,Configuration Error,VersionConflict,Version conflict: required pytest==2.0.0 but installed pytest==1.4.0,dependency_check.py line 15,Dependency version mismatch in CI environment,test | Configuration Error | VersionConflict | Version conflict: required pytest==2.0.0 but installed pytest==1.4.0 | dependency_check.py line 15 | Dependency version mismatch in CI environment,FALSE,dependency_issue
RCA_00501,CircleCI,NodeJS,build,Permission Error,ModuleNotFoundError,ModuleNotFoundError: No module named 'serde',tests/orderService.test.js line 39,ImportError while importing test module because dependency serde is missing,build | Permission Error | ModuleNotFoundError | ModuleNotFoundError: No module named 'serde' | tests/orderService.test.js line 39 | ImportError while importing test module because dependency serde is missing,TRUE,dependency_issue
RCA_01176,Azure DevOps,Rust,test,Deployment Failure,TimeoutError,Job exceeded maximum execution time of 600 seconds,runner/workflow.py line 92,Workflow timed out during test execution | additional context: retry attempted; cache restored; environment variables loaded; exit code 1,test | Deployment Failure | TimeoutError | Job exceeded maximum execution time of 600 seconds | runner/workflow.py line 92 | Workflow timed out during test execution | additional context: retry attempted; cache restored; environment variables loaded; exit code 1,TRUE,infrastructure_resource_issue
RCA_01486,Jenkins,Go,deploy,Configuration Error,FixtureError,fixture 'sample_user' not found,internal/service/order_service_test.go line 25,ERROR at setup of internal/service/order_service_test.go::test_deploy_health - missing test fixture,deploy | Configuration Error | FixtureError | fixture 'sample_user' not found | internal/service/order_service_test.go line 25 | ERROR at setup of internal/service/order_service_test.go::test_deploy_health - missing test fixture,FALSE,test_script_issue
RCA_00390,CircleCI,Rust,deploy,Configuration Error,AssertionError,AssertionError: assert 180 == 190,tests/user_service_test.rs line 94,FAILED tests/user_service_test.rs::test_api_response - expected value in test appears outdated,deploy | Configuration Error | AssertionError | AssertionError: assert 180 == 190 | tests/user_service_test.rs line 94 | FAILED tests/user_service_test.rs::test_api_response - expected value in test appears outdated,TRUE,application_defect
RCA_01250,GitHub Actions,Python,test,Resource Exhaustion,OSError,OSError: [Errno 28] No space left on device,runner/cache.py line 21,Disk full while restoring cache or building image,test | Resource Exhaustion | OSError | OSError: [Errno 28] No space left on device | runner/cache.py line 21 | Disk full while restoring cache or building image,FALSE,test_script_issue
RCA_00740,GitHub Actions,Java,test,Resource Exhaustion,ConnectionTimeout,ConnectionTimeout: request timed out after 10 seconds,external_api_client.py line 17,External service call timed out while running src/test/java/com/demo/UserServiceTest.java::test_process_order,test | Resource Exhaustion | ConnectionTimeout | ConnectionTimeout: request timed out after 10 seconds | external_api_client.py line 17 | External service call timed out while running src/test/java/com/demo/UserServiceTest.java::test_process_order,TRUE,network_issue
RCA_00663,GitLab CI,Rust,deploy,Security Scan Failure,DependencyResolutionError,Could not resolve dependency 'lodash>=2.0.0',package_manager.py line 105,Dependency resolver failed during install step,deploy | Security Scan Failure | DependencyResolutionError | Could not resolve dependency 'lodash>=2.0.0' | package_manager.py line 105 | Dependency resolver failed during install step,FALSE,security_policy_issue
RCA_01101,GitLab CI,Go,build,Security Scan Failure,DNSResolutionError,Temporary failure in name resolution for host 'auth.service.local',urllib3/connection.py line 105,Max retries exceeded because DNS resolution failed,build | Security Scan Failure | DNSResolutionError | Temporary failure in name resolution for host 'auth.service.local' | urllib3/connection.py line 105 | Max retries exceeded because DNS resolution failed,FALSE,network_issue
RCA_01023,Azure DevOps,C++,build,Resource Exhaustion,AssertionError,AssertionError: assert 180 == 190,tests/test_user_service.cpp line 92,FAILED tests/test_user_service.cpp::test_create_user - expected value in test appears outdated,build | Resource Exhaustion | AssertionError | AssertionError: assert 180 == 190 | tests/test_user_service.cpp line 92 | FAILED tests/test_user_service.cpp::test_create_user - expected value in test appears outdated,TRUE,environment_config_issue
RCA_00352,Azure DevOps,Go,build,Security Scan Failure,AssertionError,AssertionError: assert 180 == 190,internal/service/user_service_test.go line 86,FAILED internal/service/user_service_test.go::test_apply_discount - expected value in test appears outdated,build | Security Scan Failure | AssertionError | AssertionError: assert 180 == 190 | internal/service/user_service_test.go line 86 | FAILED internal/service/user_service_test.go::test_apply_discount - expected value in test appears outdated,TRUE,test_script_issue
RCA_01408,GitHub Actions,NodeJS,build,Build Failure,PermissionError,PermissionError: cannot write to reports/output.json,app/report.py line 15,CI runner cannot write to report output directory,build | Build Failure | PermissionError | PermissionError: cannot write to reports/output.json | app/report.py line 15 | CI runner cannot write to report output directory,FALSE,environment_config_issue
RCA_00578,Azure DevOps,Go,deploy,Permission Error,ConnectionTimeout,ConnectionTimeout: request timed out after 10 seconds,external_api_client.py line 87,External service call timed out while running internal/service/order_service_test.go::test_process_order,deploy | Permission Error | ConnectionTimeout | ConnectionTimeout: request timed out after 10 seconds | external_api_client.py line 87 | External service call timed out while running internal/service/order_service_test.go::test_process_order,FALSE,network_issue
RCA_00310,GitLab CI,C++,build,Test Failure,ImagePullBackOff,ImagePullBackOff: failed to pull image 'demo-api:latest',kubernetes/deploy.yaml line 95,Deployment failed because container image could not be pulled,build | Test Failure | ImagePullBackOff | ImagePullBackOff: failed to pull image 'demo-api:latest' | kubernetes/deploy.yaml line 95 | Deployment failed because container image could not be pulled,TRUE,deployment_issue
RCA_01436,GitHub Actions,NodeJS,build,Deployment Failure,TimeoutError,TimeoutError: waiting for element 'button.save' exceeded 10 seconds,tests/userController.test.js line 8,FAILED tests/userController.test.js::test_process_order - UI locator or wait condition is unstable,build | Deployment Failure | TimeoutError | TimeoutError: waiting for element 'button.save' exceeded 10 seconds | tests/userController.test.js line 8 | FAILED tests/userController.test.js::test_process_order - UI locator or wait condition is unstable,FALSE,test_script_issue
RCA_01163,GitHub Actions,NodeJS,deploy,Resource Exhaustion,DependencyResolutionError,Could not resolve dependency 'serde>=2.0.0',package_manager.py line 7,Dependency resolver failed during install step,deploy | Resource Exhaustion | DependencyResolutionError | Could not resolve dependency 'serde>=2.0.0' | package_manager.py line 7 | Dependency resolver failed during install step,TRUE,dependency_issue
RCA_00278,Jenkins,Go,build,Network Error,HTTPError,HTTPError: 503 Service Unavailable from upstream service,external_api_client.py line 100,External API returned 503 during internal/service/order_service_test.go::test_api_response | additional context: retry attempted; cache restored; environment variables loaded; exit code 1,build | Network Error | HTTPError | HTTPError: 503 Service Unavailable from upstream service | external_api_client.py line 100 | External API returned 503 during internal/service/order_service_test.go::test_api_response | additional context: retry attempted; cache restored; environment variables loaded; exit code 1,FALSE,environment_config_issue
RCA_01444,CircleCI,C++,test,Network Error,DependencyResolutionError,Could not resolve dependency 'spring-core>=2.0.0',package_manager.py line 29,Dependency resolver failed during install step,test | Network Error | DependencyResolutionError | Could not resolve dependency 'spring-core>=2.0.0' | package_manager.py line 29 | Dependency resolver failed during install step,TRUE,dependency_issue
RCA_00311,GitHub Actions,NodeJS,test,Dependency Error,ConnectionTimeout,ConnectionTimeout: request timed out after 60 seconds,external_api_client.py line 31,External service call timed out while running tests/userController.test.js::test_create_user,test | Dependency Error | ConnectionTimeout | ConnectionTimeout: request timed out after 60 seconds | external_api_client.py line 31 | External service call timed out while running tests/userController.test.js::test_create_user,TRUE,network_issue
RCA_00944,GitLab CI,C++,deploy,Security Scan Failure,ModuleNotFoundError,ModuleNotFoundError: No module named 'numpy',tests/test_user_service.cpp line 123,ImportError while importing test module because dependency numpy is missing,deploy | Security Scan Failure | ModuleNotFoundError | ModuleNotFoundError: No module named 'numpy' | tests/test_user_service.cpp line 123 | ImportError while importing test module because dependency numpy is missing,TRUE,environment_config_issue
RCA_00964,Jenkins,C++,deploy,Permission Error,AssertionError,AssertionError: assert 180 == 190,tests/test_user_service.cpp line 93,FAILED tests/test_user_service.cpp::test_api_response - expected value in test appears outdated | additional context: retry attempted; cache restored; environment variables loaded; exit code 1,deploy | Permission Error | AssertionError | AssertionError: assert 180 == 190 | tests/test_user_service.cpp line 93 | FAILED tests/test_user_service.cpp::test_api_response - expected value in test appears outdated | additional context: retry attempted; cache restored; environment variables loaded; exit code 1,FALSE,test_script_issue
RCA_01466,GitHub Actions,Go,test,Permission Error,TimeoutError,Job exceeded maximum execution time of 600 seconds,runner/workflow.py line 120,Workflow timed out during test execution | additional context: retry attempted; cache restored; environment variables loaded; exit code 1,test | Permission Error | TimeoutError | Job exceeded maximum execution time of 600 seconds | runner/workflow.py line 120 | Workflow timed out during test execution | additional context: retry attempted; cache restored; environment variables loaded; exit code 1,TRUE,test_script_issue
RCA_01081,Azure DevOps,Python,test,Resource Exhaustion,DNSResolutionError,Temporary failure in name resolution for host 'internal-api.company.local',urllib3/connection.py line 96,Max retries exceeded because DNS resolution failed,test | Resource Exhaustion | DNSResolutionError | Temporary failure in name resolution for host 'internal-api.company.local' | urllib3/connection.py line 96 | Max retries exceeded because DNS resolution failed,TRUE,environment_config_issue
RCA_00911,GitHub Actions,Go,test,Resource Exhaustion,FileNotFoundError,FileNotFoundError: config/test_config.json not found,app/config.py line 18,Configuration file path does not exist in CI environment,test | Resource Exhaustion | FileNotFoundError | FileNotFoundError: config/test_config.json not found | app/config.py line 18 | Configuration file path does not exist in CI environment,TRUE,environment_config_issue
RCA_00999,Jenkins,Python,build,Permission Error,AssertionError,AssertionError: expected status 200 but got 500,app/order_service.py line 84 in process_order,FAILED tests/test_payment_service.py::test_create_user - application returned internal server error,build | Permission Error | AssertionError | AssertionError: expected status 200 but got 500 | app/order_service.py line 84 in process_order | FAILED tests/test_payment_service.py::test_create_user - application returned internal server error,FALSE,test_script_issue
RCA_01323,GitHub Actions,C++,test,Deployment Failure,NameError,NameError: name 'usr_id' is not defined,src/user_service.cpp line 54 in validate_payment,FAILED tests/test_order_service.cpp::test_apply_discount - undefined variable raised from application code,test | Deployment Failure | NameError | NameError: name 'usr_id' is not defined | src/user_service.cpp line 54 in validate_payment | FAILED tests/test_order_service.cpp::test_apply_discount - undefined variable raised from application code,TRUE,application_defect
RCA_01464,GitLab CI,Python,deploy,Security Scan Failure,KeyError,KeyError: 'SECRET_KEY',app/config.py line 134 in load_config,Missing environment variable in CI runner,deploy | Security Scan Failure | KeyError | KeyError: 'SECRET_KEY' | app/config.py line 134 in load_config | Missing environment variable in CI runner,TRUE,environment_config_issue
RCA_00330,Jenkins,C++,test,Test Failure,AssertionError,AssertionError: assert 180 == 190,tests/test_order_service.cpp line 109,FAILED tests/test_order_service.cpp::test_payment_validation - expected value in test appears outdated | additional context: retry attempted; cache restored; environment variables loaded; exit code 1,test | Test Failure | AssertionError | AssertionError: assert 180 == 190 | tests/test_order_service.cpp line 109 | FAILED tests/test_order_service.cpp::test_payment_validation - expected value in test appears outdated | additional context: retry attempted; cache restored; environment variables loaded; exit code 1,TRUE,test_script_issue
RCA_00738,GitHub Actions,NodeJS,deploy,Timeout,FixtureError,fixture 'sample_user' not found,tests/priceCalculator.test.js line 62,ERROR at setup of tests/priceCalculator.test.js::test_payment_validation - missing test fixture,deploy | Timeout | FixtureError | fixture 'sample_user' not found | tests/priceCalculator.test.js line 62 | ERROR at setup of tests/priceCalculator.test.js::test_payment_validation - missing test fixture,TRUE,test_script_issue
RCA_01321,GitLab CI,Go,test,Network Error,ImagePullBackOff,ImagePullBackOff: failed to pull image 'ghcr.io/org/payment-service:sha-1234',kubernetes/deploy.yaml line 80,Deployment failed because container image could not be pulled,test | Network Error | ImagePullBackOff | ImagePullBackOff: failed to pull image 'ghcr.io/org/payment-service:sha-1234' | kubernetes/deploy.yaml line 80 | Deployment failed because container image could not be pulled,FALSE,deployment_issue
RCA_00991,Azure DevOps,Python,test,Dependency Error,AssertionError,AssertionError: assert 180 == 190,tests/test_calculator.py line 59,FAILED tests/test_calculator.py::test_deploy_health - expected value in test appears outdated,test | Dependency Error | AssertionError | AssertionError: assert 180 == 190 | tests/test_calculator.py line 59 | FAILED tests/test_calculator.py::test_deploy_health - expected value in test appears outdated,FALSE,test_script_issue
RCA_01236,CircleCI,Java,deploy,Timeout,ConnectionTimeout,ConnectionTimeout: request timed out after 30 seconds,external_api_client.py line 70,External service call timed out while running src/test/java/com/demo/UserServiceTest.java::test_api_response,deploy | Timeout | ConnectionTimeout | ConnectionTimeout: request timed out after 30 seconds | external_api_client.py line 70 | External service call timed out while running src/test/java/com/demo/UserServiceTest.java::test_api_response,TRUE,network_issue
RCA_01228,CircleCI,Java,deploy,Resource Exhaustion,HTTPError,HTTPError: 503 Service Unavailable from upstream service,external_api_client.py line 138,External API returned 503 during src/test/java/com/demo/UserServiceTest.java::test_apply_discount,deploy | Resource Exhaustion | HTTPError | HTTPError: 503 Service Unavailable from upstream service | external_api_client.py line 138 | External API returned 503 during src/test/java/com/demo/UserServiceTest.java::test_apply_discount,TRUE,network_issue
RCA_01143,GitLab CI,NodeJS,deploy,Permission Error,ModuleNotFoundError,ModuleNotFoundError: No module named 'lodash',tests/orderService.test.js line 85,ImportError while importing test module because dependency lodash is missing,deploy | Permission Error | ModuleNotFoundError | ModuleNotFoundError: No module named 'lodash' | tests/orderService.test.js line 85 | ImportError while importing test module because dependency lodash is missing,TRUE,dependency_issue
RCA_00162,GitLab CI,C++,build,Dependency Error,DependencyResolutionError,Could not resolve dependency 'gin-gonic>=2.0.0',package_manager.py line 50,Dependency resolver failed during install step,build | Dependency Error | DependencyResolutionError | Could not resolve dependency 'gin-gonic>=2.0.0' | package_manager.py line 50 | Dependency resolver failed during install step,FALSE,environment_config_issue
RCA_00339,Jenkins,Java,test,Permission Error,VersionConflict,Version conflict: required fastapi==2.0.0 but installed fastapi==1.4.0,dependency_check.py line 100,Dependency version mismatch in CI environment,test | Permission Error | VersionConflict | Version conflict: required fastapi==2.0.0 but installed fastapi==1.4.0 | dependency_check.py line 100 | Dependency version mismatch in CI environment,FALSE,dependency_issue
RCA_00632,Jenkins,C++,test,Build Failure,SecretDetected,Secret scanning detected possible credential in 'src/order_service.cpp',security/scanner.py line 33,Secret detected by repository scan policy,test | Build Failure | SecretDetected | Secret scanning detected possible credential in 'src/order_service.cpp' | security/scanner.py line 33 | Secret detected by repository scan policy,TRUE,security_policy_issue
RCA_00714,GitHub Actions,Python,deploy,Network Error,DNSResolutionError,Temporary failure in name resolution for host 'pypi.org',urllib3/connection.py line 5,Max retries exceeded because DNS resolution failed | additional context: retry attempted; cache restored; environment variables loaded; exit code 1,deploy | Network Error | DNSResolutionError | Temporary failure in name resolution for host 'pypi.org' | urllib3/connection.py line 5 | Max retries exceeded because DNS resolution failed | additional context: retry attempted; cache restored; environment variables loaded; exit code 1,FALSE,environment_config_issue
RCA_00434,GitHub Actions,Rust,build,Deployment Failure,SASTFinding,SAST found SQL injection risk in function 'calculate_total',src/config.rs line 41,Static analysis found security issue,build | Deployment Failure | SASTFinding | SAST found SQL injection risk in function 'calculate_total' | src/config.rs line 41 | Static analysis found security issue,TRUE,security_policy_issue
RCA_00134,CircleCI,Python,build,Permission Error,AssertionError,AssertionError: expected status 200 but got 500,app/calculator.py line 103 in get_user_profile,FAILED tests/test_calculator.py::test_create_user - application returned internal server error,build | Permission Error | AssertionError | AssertionError: expected status 200 but got 500 | app/calculator.py line 103 in get_user_profile | FAILED tests/test_calculator.py::test_create_user - application returned internal server error,FALSE,environment_config_issue
RCA_00845,GitLab CI,Go,build,Resource Exhaustion,DNSResolutionError,Temporary failure in name resolution for host 'auth.service.local',urllib3/connection.py line 98,Max retries exceeded because DNS resolution failed | additional context: retry attempted; cache restored; environment variables loaded; exit code 1,build | Resource Exhaustion | DNSResolutionError | Temporary failure in name resolution for host 'auth.service.local' | urllib3/connection.py line 98 | Max retries exceeded because DNS resolution failed | additional context: retry attempted; cache restored; environment variables loaded; exit code 1,FALSE,network_issue
RCA_00980,GitHub Actions,Rust,test,Configuration Error,ModuleNotFoundError,ModuleNotFoundError: No module named 'junit',tests/order_service_test.rs line 12,ImportError while importing test module because dependency junit is missing,test | Configuration Error | ModuleNotFoundError | ModuleNotFoundError: No module named 'junit' | tests/order_service_test.rs line 12 | ImportError while importing test module because dependency junit is missing,FALSE,dependency_issue
RCA_00948,Azure DevOps,C++,test,Permission Error,MigrationError,Database migration failed: column 'status' already exists,migrations/2026_update.sql line 89,Deployment failed during database migration | additional context: retry attempted; cache restored; environment variables loaded; exit code 1,test | Permission Error | MigrationError | Database migration failed: column 'status' already exists | migrations/2026_update.sql line 89 | Deployment failed during database migration | additional context: retry attempted; cache restored; environment variables loaded; exit code 1,FALSE,deployment_issue
RCA_00936,Azure DevOps,NodeJS,test,Security Scan Failure,DependencyResolutionError,Could not resolve dependency 'serde>=2.0.0',package_manager.py line 103,Dependency resolver failed during install step,test | Security Scan Failure | DependencyResolutionError | Could not resolve dependency 'serde>=2.0.0' | package_manager.py line 103 | Dependency resolver failed during install step,FALSE,dependency_issue
RCA_00846,CircleCI,Java,build,Deployment Failure,DNSResolutionError,Temporary failure in name resolution for host 'api.example.com',urllib3/connection.py line 77,Max retries exceeded because DNS resolution failed,build | Deployment Failure | DNSResolutionError | Temporary failure in name resolution for host 'api.example.com' | urllib3/connection.py line 77 | Max retries exceeded because DNS resolution failed,FALSE,network_issue
RCA_01255,GitHub Actions,Go,deploy,Dependency Error,NameError,NameError: name 'config_pth' is not defined,internal/config/config.go line 35 in validate_payment,FAILED internal/service/user_service_test.go::test_payment_validation - undefined variable raised from application code | additional context: retry attempted; cache restored; environment variables loaded; exit code 1,deploy | Dependency Error | NameError | NameError: name 'config_pth' is not defined | internal/config/config.go line 35 in validate_payment | FAILED internal/service/user_service_test.go::test_payment_validation - undefined variable raised from application code | additional context: retry attempted; cache restored; environment variables loaded; exit code 1,FALSE,application_defect
RCA_01330,Jenkins,Go,deploy,Timeout,AssertionError,AssertionError: expected status 200 but got 500,internal/config/config.go line 32 in validate_payment,FAILED internal/service/order_service_test.go::test_deploy_health - application returned internal server error,deploy | Timeout | AssertionError | AssertionError: expected status 200 but got 500 | internal/config/config.go line 32 in validate_payment | FAILED internal/service/order_service_test.go::test_deploy_health - application returned internal server error,TRUE,application_defect
RCA_00679,Azure DevOps,Rust,deploy,Network Error,FileNotFoundError,FileNotFoundError: config/test_config.json not found,app/config.py line 11,Configuration file path does not exist in CI environment,deploy | Network Error | FileNotFoundError | FileNotFoundError: config/test_config.json not found | app/config.py line 11 | Configuration file path does not exist in CI environment,FALSE,environment_config_issue
RCA_00477,Jenkins,Python,test,Timeout,DNSResolutionError,Temporary failure in name resolution for host 'pypi.org',urllib3/connection.py line 90,Max retries exceeded because DNS resolution failed,test | Timeout | DNSResolutionError | Temporary failure in name resolution for host 'pypi.org' | urllib3/connection.py line 90 | Max retries exceeded because DNS resolution failed,FALSE,network_issue
RCA_00639,Jenkins,Java,deploy,Permission Error,MigrationError,Database migration failed: column 'status' already exists,migrations/2026_update.sql line 96,Deployment failed during database migration | additional context: retry attempted; cache restored; environment variables loaded; exit code 1,deploy | Permission Error | MigrationError | Database migration failed: column 'status' already exists | migrations/2026_update.sql line 96 | Deployment failed during database migration | additional context: retry attempted; cache restored; environment variables loaded; exit code 1,TRUE,infrastructure_resource_issue
RCA_00481,Jenkins,Rust,build,Network Error,FileNotFoundError,FileNotFoundError: config/test_config.json not found,app/config.py line 20,Configuration file path does not exist in CI environment,build | Network Error | FileNotFoundError | FileNotFoundError: config/test_config.json not found | app/config.py line 20 | Configuration file path does not exist in CI environment,TRUE,deployment_issue
RCA_01387,Jenkins,Java,deploy,Test Failure,AssertionError,AssertionError: expected status 200 but got 500,src/main/java/com/demo/OrderService.java line 8 in process_order,FAILED src/test/java/com/demo/OrderServiceTest.java::test_calculate_total - application returned internal server error,deploy | Test Failure | AssertionError | AssertionError: expected status 200 but got 500 | src/main/java/com/demo/OrderService.java line 8 in process_order | FAILED src/test/java/com/demo/OrderServiceTest.java::test_calculate_total - application returned internal server error,TRUE,application_defect
RCA_00275,CircleCI,Go,build,Configuration Error,TimeoutError,TimeoutError: waiting for element '#checkout-confirm' exceeded 10 seconds,internal/service/order_service_test.go line 19,FAILED internal/service/order_service_test.go::test_payment_validation - UI locator or wait condition is unstable,build | Configuration Error | TimeoutError | TimeoutError: waiting for element '#checkout-confirm' exceeded 10 seconds | internal/service/order_service_test.go line 19 | FAILED internal/service/order_service_test.go::test_payment_validation - UI locator or wait condition is unstable,FALSE,test_script_issue
RCA_01020,CircleCI,Python,build,Network Error,ImagePullBackOff,ImagePullBackOff: failed to pull image 'ghcr.io/org/payment-service:sha-1234',kubernetes/deploy.yaml line 112,Deployment failed because container image could not be pulled,build | Network Error | ImagePullBackOff | ImagePullBackOff: failed to pull image 'ghcr.io/org/payment-service:sha-1234' | kubernetes/deploy.yaml line 112 | Deployment failed because container image could not be pulled,FALSE,deployment_issue
RCA_00592,CircleCI,Go,test,Timeout,OSError,OSError: [Errno 28] No space left on device,runner/cache.py line 24,Disk full while restoring cache or building image,test | Timeout | OSError | OSError: [Errno 28] No space left on device | runner/cache.py line 24 | Disk full while restoring cache or building image,FALSE,infrastructure_resource_issue
RCA_01067,GitHub Actions,C++,build,Resource Exhaustion,PermissionError,PermissionError: cannot write to reports/output.json,app/report.py line 21,CI runner cannot write to report output directory | additional context: retry attempted; cache restored; environment variables loaded; exit code 1,build | Resource Exhaustion | PermissionError | PermissionError: cannot write to reports/output.json | app/report.py line 21 | CI runner cannot write to report output directory | additional context: retry attempted; cache restored; environment variables loaded; exit code 1,FALSE,deployment_issue
RCA_00548,GitLab CI,Rust,build,Resource Exhaustion,OSError,OSError: [Errno 28] No space left on device,runner/cache.py line 123,Disk full while restoring cache or building image,build | Resource Exhaustion | OSError | OSError: [Errno 28] No space left on device | runner/cache.py line 123 | Disk full while restoring cache or building image,TRUE,infrastructure_resource_issue
RCA_00338,CircleCI,Java,deploy,Deployment Failure,KeyError,KeyError: 'API_TOKEN',app/config.py line 53 in load_config,Missing environment variable in CI runner,deploy | Deployment Failure | KeyError | KeyError: 'API_TOKEN' | app/config.py line 53 in load_config | Missing environment variable in CI runner,TRUE,deployment_issue
RCA_00076,Azure DevOps,C++,deploy,Dependency Error,TimeoutError,Job exceeded maximum execution time of 600 seconds,runner/workflow.py line 65,Workflow timed out during test execution,deploy | Dependency Error | TimeoutError | Job exceeded maximum execution time of 600 seconds | runner/workflow.py line 65 | Workflow timed out during test execution,TRUE,infrastructure_resource_issue
RCA_01319,GitLab CI,Python,deploy,Build Failure,DNSResolutionError,Temporary failure in name resolution for host 'pypi.org',urllib3/connection.py line 53,Max retries exceeded because DNS resolution failed,deploy | Build Failure | DNSResolutionError | Temporary failure in name resolution for host 'pypi.org' | urllib3/connection.py line 53 | Max retries exceeded because DNS resolution failed,FALSE,network_issue
RCA_00954,GitHub Actions,C++,test,Timeout,NameError,NameError: name 'quanity' is not defined,src/config.cpp line 85 in process_order,FAILED tests/test_user_service.cpp::test_api_response - undefined variable raised from application code,test | Timeout | NameError | NameError: name 'quanity' is not defined | src/config.cpp line 85 in process_order | FAILED tests/test_user_service.cpp::test_api_response - undefined variable raised from application code,TRUE,application_defect
RCA_00116,CircleCI,Python,build,Deployment Failure,FixtureError,fixture 'sample_user' not found,tests/test_payment_service.py line 12,ERROR at setup of tests/test_payment_service.py::test_apply_discount - missing test fixture | additional context: retry attempted; cache restored; environment variables loaded; exit code 1,build | Deployment Failure | FixtureError | fixture 'sample_user' not found | tests/test_payment_service.py line 12 | ERROR at setup of tests/test_payment_service.py::test_apply_discount - missing test fixture | additional context: retry attempted; cache restored; environment variables loaded; exit code 1,TRUE,test_script_issue
RCA_00500,Azure DevOps,NodeJS,deploy,Resource Exhaustion,FileNotFoundError,FileNotFoundError: config/test_config.json not found,app/config.py line 51,Configuration file path does not exist in CI environment,deploy | Resource Exhaustion | FileNotFoundError | FileNotFoundError: config/test_config.json not found | app/config.py line 51 | Configuration file path does not exist in CI environment,FALSE,environment_config_issue
RCA_00457,GitLab CI,NodeJS,build,Network Error,ImportError,ImportError: cannot import name 'get_user_profiles' from application module,tests/userController.test.js line 129,ERROR collecting tests/userController.test.js::test_apply_discount - test imports old function name,build | Network Error | ImportError | ImportError: cannot import name 'get_user_profiles' from application module | tests/userController.test.js line 129 | ERROR collecting tests/userController.test.js::test_apply_discount - test imports old function name,TRUE,test_script_issue
RCA_00874,Azure DevOps,Go,test,Timeout,ModuleNotFoundError,ModuleNotFoundError: No module named 'gin-gonic',internal/service/order_service_test.go line 89,ImportError while importing test module because dependency gin-gonic is missing,test | Timeout | ModuleNotFoundError | ModuleNotFoundError: No module named 'gin-gonic' | internal/service/order_service_test.go line 89 | ImportError while importing test module because dependency gin-gonic is missing,TRUE,dependency_issue
RCA_00094,GitLab CI,NodeJS,test,Build Failure,SASTFinding,SAST found SQL injection risk in function 'process_order',src/services/orderService.js line 133,Static analysis found security issue,test | Build Failure | SASTFinding | SAST found SQL injection risk in function 'process_order' | src/services/orderService.js line 133 | Static analysis found security issue,FALSE,security_policy_issue
RCA_00925,Azure DevOps,C++,deploy,Resource Exhaustion,SyntaxError,SyntaxError: invalid syntax near 'return',src/user_service.cpp line 90,ERROR collecting tests/test_user_service.cpp::test_process_order - syntax error in source file | additional context: retry attempted; cache restored; environment variables loaded; exit code 1,deploy | Resource Exhaustion | SyntaxError | SyntaxError: invalid syntax near 'return' | src/user_service.cpp line 90 | ERROR collecting tests/test_user_service.cpp::test_process_order - syntax error in source file | additional context: retry attempted; cache restored; environment variables loaded; exit code 1,FALSE,application_defect
RCA_00019,Azure DevOps,Rust,deploy,Configuration Error,DNSResolutionError,Temporary failure in name resolution for host 'pypi.org',urllib3/connection.py line 59,Max retries exceeded because DNS resolution failed | additional context: retry attempted; cache restored; environment variables loaded; exit code 1,deploy | Configuration Error | DNSResolutionError | Temporary failure in name resolution for host 'pypi.org' | urllib3/connection.py line 59 | Max retries exceeded because DNS resolution failed | additional context: retry attempted; cache restored; environment variables loaded; exit code 1,TRUE,infrastructure_resource_issue
RCA_01092,GitHub Actions,C++,deploy,Build Failure,AssertionError,AssertionError: assert 180 == 190,tests/test_order_service.cpp line 104,FAILED tests/test_order_service.cpp::test_create_user - expected value in test appears outdated | additional context: retry attempted; cache restored; environment variables loaded; exit code 1,deploy | Build Failure | AssertionError | AssertionError: assert 180 == 190 | tests/test_order_service.cpp line 104 | FAILED tests/test_order_service.cpp::test_create_user - expected value in test appears outdated | additional context: retry attempted; cache restored; environment variables loaded; exit code 1,FALSE,test_script_issue
RCA_00851,Azure DevOps,Go,deploy,Network Error,ModuleNotFoundError,ModuleNotFoundError: No module named 'serde',internal/service/user_service_test.go line 124,ImportError while importing test module because dependency serde is missing | additional context: retry attempted; cache restored; environment variables loaded; exit code 1,deploy | Network Error | ModuleNotFoundError | ModuleNotFoundError: No module named 'serde' | internal/service/user_service_test.go line 124 | ImportError while importing test module because dependency serde is missing | additional context: retry attempted; cache restored; environment variables loaded; exit code 1,FALSE,dependency_issue
RCA_00576,Jenkins,Rust,build,Resource Exhaustion,HTTPError,HTTPError: 503 Service Unavailable from upstream service,external_api_client.py line 16,External API returned 503 during tests/order_service_test.rs::test_calculate_total,build | Resource Exhaustion | HTTPError | HTTPError: 503 Service Unavailable from upstream service | external_api_client.py line 16 | External API returned 503 during tests/order_service_test.rs::test_calculate_total,FALSE,network_issue
RCA_01085,GitLab CI,Go,test,Deployment Failure,OSError,OSError: [Errno 28] No space left on device,runner/cache.py line 4,Disk full while restoring cache or building image,test | Deployment Failure | OSError | OSError: [Errno 28] No space left on device | runner/cache.py line 4 | Disk full while restoring cache or building image,TRUE,deployment_issue
RCA_01038,GitLab CI,C++,build,Deployment Failure,HTTPError,HTTPError: 503 Service Unavailable from upstream service,external_api_client.py line 109,External API returned 503 during tests/test_order_service.cpp::test_calculate_total,build | Deployment Failure | HTTPError | HTTPError: 503 Service Unavailable from upstream service | external_api_client.py line 109 | External API returned 503 during tests/test_order_service.cpp::test_calculate_total,FALSE,network_issue
RCA_01488,GitHub Actions,Rust,deploy,Resource Exhaustion,OSError,OSError: [Errno 28] No space left on device,runner/cache.py line 125,Disk full while restoring cache or building image,deploy | Resource Exhaustion | OSError | OSError: [Errno 28] No space left on device | runner/cache.py line 125 | Disk full while restoring cache or building image,FALSE,infrastructure_resource_issue
RCA_00799,CircleCI,Rust,deploy,Build Failure,MigrationError,Database migration failed: column 'status' already exists,migrations/2026_update.sql line 16,Deployment failed during database migration | additional context: retry attempted; cache restored; environment variables loaded; exit code 1,deploy | Build Failure | MigrationError | Database migration failed: column 'status' already exists | migrations/2026_update.sql line 16 | Deployment failed during database migration | additional context: retry attempted; cache restored; environment variables loaded; exit code 1,FALSE,deployment_issue
RCA_00444,GitHub Actions,Go,deploy,Dependency Error,ImagePullBackOff,ImagePullBackOff: failed to pull image 'registry.internal/order-api:1.2.0',kubernetes/deploy.yaml line 19,Deployment failed because container image could not be pulled,deploy | Dependency Error | ImagePullBackOff | ImagePullBackOff: failed to pull image 'registry.internal/order-api:1.2.0' | kubernetes/deploy.yaml line 19 | Deployment failed because container image could not be pulled,TRUE,deployment_issue
RCA_00662,Azure DevOps,C++,build,Dependency Error,DNSResolutionError,Temporary failure in name resolution for host 'pypi.org',urllib3/connection.py line 18,Max retries exceeded because DNS resolution failed,build | Dependency Error | DNSResolutionError | Temporary failure in name resolution for host 'pypi.org' | urllib3/connection.py line 18 | Max retries exceeded because DNS resolution failed,FALSE,deployment_issue
RCA_00105,CircleCI,Python,build,Build Failure,KeyError,KeyError: 'API_TOKEN',app/config.py line 104 in load_config,Missing environment variable in CI runner,build | Build Failure | KeyError | KeyError: 'API_TOKEN' | app/config.py line 104 in load_config | Missing environment variable in CI runner,TRUE,dependency_issue
RCA_01082,GitHub Actions,Go,deploy,Permission Error,NameError,NameError: name 'paylod' is not defined,internal/config/config.go line 120 in apply_discount,FAILED internal/service/user_service_test.go::test_payment_validation - undefined variable raised from application code,deploy | Permission Error | NameError | NameError: name 'paylod' is not defined | internal/config/config.go line 120 in apply_discount | FAILED internal/service/user_service_test.go::test_payment_validation - undefined variable raised from application code,TRUE,application_defect
RCA_01142,CircleCI,Java,build,Dependency Error,TimeoutError,TimeoutError: waiting for element '.user-row' exceeded 10 seconds,src/test/java/com/demo/OrderServiceTest.java line 97,FAILED src/test/java/com/demo/OrderServiceTest.java::test_create_user - UI locator or wait condition is unstable,build | Dependency Error | TimeoutError | TimeoutError: waiting for element '.user-row' exceeded 10 seconds | src/test/java/com/demo/OrderServiceTest.java line 97 | FAILED src/test/java/com/demo/OrderServiceTest.java::test_create_user - UI locator or wait condition is unstable,FALSE,test_script_issue
RCA_01340,Azure DevOps,NodeJS,test,Dependency Error,PermissionError,PermissionError: cannot write to reports/output.json,app/report.py line 22,CI runner cannot write to report output directory,test | Dependency Error | PermissionError | PermissionError: cannot write to reports/output.json | app/report.py line 22 | CI runner cannot write to report output directory,TRUE,environment_config_issue
RCA_00239,Jenkins,C++,deploy,Security Scan Failure,MemoryError,MemoryError: process killed because memory limit was exceeded,runner/executor.py line 25,CI job exceeded memory limit during test execution,deploy | Security Scan Failure | MemoryError | MemoryError: process killed because memory limit was exceeded | runner/executor.py line 25 | CI job exceeded memory limit during test execution,TRUE,deployment_issue
RCA_01191,CircleCI,C++,test,Deployment Failure,KeyError,KeyError: 'APP_ENV',app/config.py line 108 in load_config,Missing environment variable in CI runner,test | Deployment Failure | KeyError | KeyError: 'APP_ENV' | app/config.py line 108 in load_config | Missing environment variable in CI runner,TRUE,dependency_issue
RCA_00693,GitHub Actions,NodeJS,deploy,Timeout,VersionConflict,Version conflict: required lodash==2.0.0 but installed lodash==1.4.0,dependency_check.py line 91,Dependency version mismatch in CI environment,deploy | Timeout | VersionConflict | Version conflict: required lodash==2.0.0 but installed lodash==1.4.0 | dependency_check.py line 91 | Dependency version mismatch in CI environment,FALSE,environment_config_issue
RCA_00695,Jenkins,C++,build,Configuration Error,AssertionError,AssertionError: expected status 200 but got 500,src/order_service.cpp line 51 in calculate_total,FAILED tests/test_order_service.cpp::test_api_response - application returned internal server error,build | Configuration Error | AssertionError | AssertionError: expected status 200 but got 500 | src/order_service.cpp line 51 in calculate_total | FAILED tests/test_order_service.cpp::test_api_response - application returned internal server error,FALSE,application_defect
RCA_01178,Jenkins,Rust,build,Test Failure,DNSResolutionError,Temporary failure in name resolution for host 'pypi.org',urllib3/connection.py line 125,Max retries exceeded because DNS resolution failed,build | Test Failure | DNSResolutionError | Temporary failure in name resolution for host 'pypi.org' | urllib3/connection.py line 125 | Max retries exceeded because DNS resolution failed,FALSE,network_issue
RCA_01390,Azure DevOps,Java,deploy,Security Scan Failure,VersionConflict,Version conflict: required spring-core==2.0.0 but installed spring-core==1.4.0,dependency_check.py line 139,Dependency version mismatch in CI environment,deploy | Security Scan Failure | VersionConflict | Version conflict: required spring-core==2.0.0 but installed spring-core==1.4.0 | dependency_check.py line 139 | Dependency version mismatch in CI environment,TRUE,dependency_issue
RCA_00824,GitLab CI,Python,test,Dependency Error,SyntaxError,SyntaxError: invalid syntax near 'return',app/config.py line 59,ERROR collecting tests/test_payment_service.py::test_apply_discount - syntax error in source file,test | Dependency Error | SyntaxError | SyntaxError: invalid syntax near 'return' | app/config.py line 59 | ERROR collecting tests/test_payment_service.py::test_apply_discount - syntax error in source file,TRUE,test_script_issue
RCA_00400,CircleCI,C++,test,Permission Error,AssertionError,AssertionError: assert 180 == 190,tests/test_order_service.cpp line 137,FAILED tests/test_order_service.cpp::test_api_response - expected value in test appears outdated,test | Permission Error | AssertionError | AssertionError: assert 180 == 190 | tests/test_order_service.cpp line 137 | FAILED tests/test_order_service.cpp::test_api_response - expected value in test appears outdated,FALSE,environment_config_issue
RCA_00163,GitLab CI,C++,test,Network Error,VersionConflict,Version conflict: required numpy==2.0.0 but installed numpy==1.4.0,dependency_check.py line 46,Dependency version mismatch in CI environment,test | Network Error | VersionConflict | Version conflict: required numpy==2.0.0 but installed numpy==1.4.0 | dependency_check.py line 46 | Dependency version mismatch in CI environment,TRUE,application_defect
RCA_01149,Azure DevOps,Rust,test,Security Scan Failure,TypeError,TypeError: unsupported operand type(s) for +: 'int' and 'str',src/user_service.rs line 108 in get_user_profile,FAILED tests/order_service_test.rs::test_process_order - type mismatch in business logic,test | Security Scan Failure | TypeError | TypeError: unsupported operand type(s) for +: 'int' and 'str' | src/user_service.rs line 108 in get_user_profile | FAILED tests/order_service_test.rs::test_process_order - type mismatch in business logic,TRUE,application_defect
RCA_00726,Azure DevOps,Python,build,Network Error,SyntaxError,SyntaxError: invalid syntax near 'return',app/order_service.py line 100,ERROR collecting tests/test_order_service.py::test_create_user - syntax error in source file,build | Network Error | SyntaxError | SyntaxError: invalid syntax near 'return' | app/order_service.py line 100 | ERROR collecting tests/test_order_service.py::test_create_user - syntax error in source file,TRUE,application_defect
RCA_01202,Jenkins,Go,deploy,Permission Error,ImagePullBackOff,ImagePullBackOff: failed to pull image 'registry.internal/order-api:1.2.0',kubernetes/deploy.yaml line 49,Deployment failed because container image could not be pulled,deploy | Permission Error | ImagePullBackOff | ImagePullBackOff: failed to pull image 'registry.internal/order-api:1.2.0' | kubernetes/deploy.yaml line 49 | Deployment failed because container image could not be pulled,FALSE,deployment_issue
RCA_01243,Azure DevOps,Python,test,Test Failure,AssertionError,AssertionError: expected status 200 but got 500,app/calculator.py line 109 in create_user,FAILED tests/test_payment_service.py::test_apply_discount - application returned internal server error,test | Test Failure | AssertionError | AssertionError: expected status 200 but got 500 | app/calculator.py line 109 in create_user | FAILED tests/test_payment_service.py::test_apply_discount - application returned internal server error,TRUE,application_defect
RCA_00676,GitLab CI,Python,deploy,Build Failure,KeyError,KeyError: 'SECRET_KEY',app/config.py line 10 in load_config,Missing environment variable in CI runner | additional context: retry attempted; cache restored; environment variables loaded; exit code 1,deploy | Build Failure | KeyError | KeyError: 'SECRET_KEY' | app/config.py line 10 in load_config | Missing environment variable in CI runner | additional context: retry attempted; cache restored; environment variables loaded; exit code 1,TRUE,environment_config_issue
RCA_01383,Azure DevOps,Java,test,Configuration Error,OSError,OSError: [Errno 28] No space left on device,runner/cache.py line 125,Disk full while restoring cache or building image | additional context: retry attempted; cache restored; environment variables loaded; exit code 1,test | Configuration Error | OSError | OSError: [Errno 28] No space left on device | runner/cache.py line 125 | Disk full while restoring cache or building image | additional context: retry attempted; cache restored; environment variables loaded; exit code 1,FALSE,infrastructure_resource_issue
RCA_00161,Jenkins,C++,test,Network Error,DNSResolutionError,Temporary failure in name resolution for host 'internal-api.company.local',urllib3/connection.py line 139,Max retries exceeded because DNS resolution failed,test | Network Error | DNSResolutionError | Temporary failure in name resolution for host 'internal-api.company.local' | urllib3/connection.py line 139 | Max retries exceeded because DNS resolution failed,FALSE,network_issue
RCA_01402,GitHub Actions,C++,test,Network Error,DeploymentError,DeploymentError: health check failed after deployment,deploy/health_check.py line 99,Service did not become healthy after deployment,test | Network Error | DeploymentError | DeploymentError: health check failed after deployment | deploy/health_check.py line 99 | Service did not become healthy after deployment,TRUE,deployment_issue
RCA_00677,CircleCI,Java,build,Resource Exhaustion,AssertionError,AssertionError: assert 180 == 190,src/test/java/com/demo/OrderServiceTest.java line 41,FAILED src/test/java/com/demo/OrderServiceTest.java::test_calculate_total - expected value in test appears outdated,build | Resource Exhaustion | AssertionError | AssertionError: assert 180 == 190 | src/test/java/com/demo/OrderServiceTest.java line 41 | FAILED src/test/java/com/demo/OrderServiceTest.java::test_calculate_total - expected value in test appears outdated,FALSE,test_script_issue
RCA_00179,Jenkins,Go,deploy,Permission Error,OSError,OSError: [Errno 28] No space left on device,runner/cache.py line 51,Disk full while restoring cache or building image,deploy | Permission Error | OSError | OSError: [Errno 28] No space left on device | runner/cache.py line 51 | Disk full while restoring cache or building image,TRUE,test_script_issue
RCA_00209,Jenkins,C++,test,Resource Exhaustion,KeyError,KeyError: 'APP_ENV',app/config.py line 92 in load_config,Missing environment variable in CI runner,test | Resource Exhaustion | KeyError | KeyError: 'APP_ENV' | app/config.py line 92 in load_config | Missing environment variable in CI runner,TRUE,environment_config_issue
RCA_01377,GitHub Actions,C++,test,Build Failure,NameError,NameError: name 'total_amunt' is not defined,src/main.cpp line 114 in process_order,FAILED tests/test_order_service.cpp::test_calculate_total - undefined variable raised from application code,test | Build Failure | NameError | NameError: name 'total_amunt' is not defined | src/main.cpp line 114 in process_order | FAILED tests/test_order_service.cpp::test_calculate_total - undefined variable raised from application code,TRUE,application_defect
RCA_00521,Azure DevOps,Go,deploy,Build Failure,ConnectionTimeout,ConnectionTimeout: request timed out after 30 seconds,external_api_client.py line 103,External service call timed out while running internal/service/user_service_test.go::test_calculate_total,deploy | Build Failure | ConnectionTimeout | ConnectionTimeout: request timed out after 30 seconds | external_api_client.py line 103 | External service call timed out while running internal/service/user_service_test.go::test_calculate_total,FALSE,network_issue
RCA_00086,GitLab CI,NodeJS,test,Build Failure,DNSResolutionError,Temporary failure in name resolution for host 'internal-api.company.local',urllib3/connection.py line 23,Max retries exceeded because DNS resolution failed,test | Build Failure | DNSResolutionError | Temporary failure in name resolution for host 'internal-api.company.local' | urllib3/connection.py line 23 | Max retries exceeded because DNS resolution failed,FALSE,deployment_issue
RCA_01112,GitLab CI,NodeJS,build,Deployment Failure,ConnectionTimeout,ConnectionTimeout: request timed out after 30 seconds,external_api_client.py line 21,External service call timed out while running tests/priceCalculator.test.js::test_apply_discount,build | Deployment Failure | ConnectionTimeout | ConnectionTimeout: request timed out after 30 seconds | external_api_client.py line 21 | External service call timed out while running tests/priceCalculator.test.js::test_apply_discount,TRUE,network_issue
RCA_00372,GitHub Actions,Go,deploy,Resource Exhaustion,VersionConflict,Version conflict: required spring-core==2.0.0 but installed spring-core==1.4.0,dependency_check.py line 30,Dependency version mismatch in CI environment | additional context: retry attempted; cache restored; environment variables loaded; exit code 1,deploy | Resource Exhaustion | VersionConflict | Version conflict: required spring-core==2.0.0 but installed spring-core==1.4.0 | dependency_check.py line 30 | Dependency version mismatch in CI environment | additional context: retry attempted; cache restored; environment variables loaded; exit code 1,TRUE,dependency_issue
RCA_01121,Jenkins,C++,test,Deployment Failure,KeyError,KeyError: 'GITHUB_TOKEN',app/config.py line 83 in load_config,Missing environment variable in CI runner | additional context: retry attempted; cache restored; environment variables loaded; exit code 1,test | Deployment Failure | KeyError | KeyError: 'GITHUB_TOKEN' | app/config.py line 83 in load_config | Missing environment variable in CI runner | additional context: retry attempted; cache restored; environment variables loaded; exit code 1,FALSE,environment_config_issue
RCA_01212,Jenkins,Python,test,Test Failure,SASTFinding,SAST found SQL injection risk in function 'apply_discount',app/user_service.py line 136,Static analysis found security issue | additional context: retry attempted; cache restored; environment variables loaded; exit code 1,test | Test Failure | SASTFinding | SAST found SQL injection risk in function 'apply_discount' | app/user_service.py line 136 | Static analysis found security issue | additional context: retry attempted; cache restored; environment variables loaded; exit code 1,FALSE,security_policy_issue
RCA_00657,Jenkins,Rust,test,Dependency Error,DeploymentError,DeploymentError: health check failed after deployment,deploy/health_check.py line 93,Service did not become healthy after deployment,test | Dependency Error | DeploymentError | DeploymentError: health check failed after deployment | deploy/health_check.py line 93 | Service did not become healthy after deployment,FALSE,deployment_issue
RCA_00786,GitHub Actions,C++,test,Configuration Error,VersionConflict,Version conflict: required spring-core==2.0.0 but installed spring-core==1.4.0,dependency_check.py line 9,Dependency version mismatch in CI environment,test | Configuration Error | VersionConflict | Version conflict: required spring-core==2.0.0 but installed spring-core==1.4.0 | dependency_check.py line 9 | Dependency version mismatch in CI environment,TRUE,dependency_issue
RCA_01260,GitHub Actions,Python,build,Deployment Failure,ModuleNotFoundError,ModuleNotFoundError: No module named 'lodash',tests/test_payment_service.py line 53,ImportError while importing test module because dependency lodash is missing,build | Deployment Failure | ModuleNotFoundError | ModuleNotFoundError: No module named 'lodash' | tests/test_payment_service.py line 53 | ImportError while importing test module because dependency lodash is missing,TRUE,dependency_issue
RCA_00514,CircleCI,Go,deploy,Resource Exhaustion,ImagePullBackOff,ImagePullBackOff: failed to pull image 'demo-api:latest',kubernetes/deploy.yaml line 44,Deployment failed because container image could not be pulled,deploy | Resource Exhaustion | ImagePullBackOff | ImagePullBackOff: failed to pull image 'demo-api:latest' | kubernetes/deploy.yaml line 44 | Deployment failed because container image could not be pulled,FALSE,deployment_issue
RCA_00270,GitHub Actions,C++,build,Network Error,ModuleNotFoundError,ModuleNotFoundError: No module named 'spring-core',tests/test_user_service.cpp line 50,ImportError while importing test module because dependency spring-core is missing,build | Network Error | ModuleNotFoundError | ModuleNotFoundError: No module named 'spring-core' | tests/test_user_service.cpp line 50 | ImportError while importing test module because dependency spring-core is missing,TRUE,dependency_issue
RCA_01386,GitHub Actions,Python,build,Configuration Error,KeyError,KeyError: 'API_TOKEN',app/config.py line 73 in load_config,Missing environment variable in CI runner | additional context: retry attempted; cache restored; environment variables loaded; exit code 1,build | Configuration Error | KeyError | KeyError: 'API_TOKEN' | app/config.py line 73 in load_config | Missing environment variable in CI runner | additional context: retry attempted; cache restored; environment variables loaded; exit code 1,FALSE,environment_config_issue
RCA_01357,GitHub Actions,Java,test,Configuration Error,DependencyResolutionError,Could not resolve dependency 'spring-core>=2.0.0',package_manager.py line 62,Dependency resolver failed during install step | additional context: retry attempted; cache restored; environment variables loaded; exit code 1,test | Configuration Error | DependencyResolutionError | Could not resolve dependency 'spring-core>=2.0.0' | package_manager.py line 62 | Dependency resolver failed during install step | additional context: retry attempted; cache restored; environment variables loaded; exit code 1,TRUE,dependency_issue
RCA_01192,Jenkins,Rust,build,Build Failure,ImportError,ImportError: cannot import name 'calculate_totals' from application module,tests/order_service_test.rs line 6,ERROR collecting tests/order_service_test.rs::test_payment_validation - test imports old function name,build | Build Failure | ImportError | ImportError: cannot import name 'calculate_totals' from application module | tests/order_service_test.rs line 6 | ERROR collecting tests/order_service_test.rs::test_payment_validation - test imports old function name,TRUE,test_script_issue
RCA_00817,GitLab CI,Rust,build,Test Failure,DeploymentError,DeploymentError: health check failed after deployment,deploy/health_check.py line 106,Service did not become healthy after deployment | additional context: retry attempted; cache restored; environment variables loaded; exit code 1,build | Test Failure | DeploymentError | DeploymentError: health check failed after deployment | deploy/health_check.py line 106 | Service did not become healthy after deployment | additional context: retry attempted; cache restored; environment variables loaded; exit code 1,FALSE,deployment_issue
RCA_01312,GitLab CI,C++,test,Permission Error,HTTPError,HTTPError: 503 Service Unavailable from upstream service,external_api_client.py line 119,External API returned 503 during tests/test_order_service.cpp::test_apply_discount,test | Permission Error | HTTPError | HTTPError: 503 Service Unavailable from upstream service | external_api_client.py line 119 | External API returned 503 during tests/test_order_service.cpp::test_apply_discount,TRUE,deployment_issue
RCA_00103,CircleCI,Rust,deploy,Resource Exhaustion,AssertionError,AssertionError: expected status 200 but got 500,src/main.rs line 12 in apply_discount,FAILED tests/user_service_test.rs::test_calculate_total - application returned internal server error,deploy | Resource Exhaustion | AssertionError | AssertionError: expected status 200 but got 500 | src/main.rs line 12 in apply_discount | FAILED tests/user_service_test.rs::test_calculate_total - application returned internal server error,FALSE,application_defect
RCA_01467,Azure DevOps,NodeJS,test,Permission Error,MigrationError,Database migration failed: column 'status' already exists,migrations/2026_update.sql line 11,Deployment failed during database migration,test | Permission Error | MigrationError | Database migration failed: column 'status' already exists | migrations/2026_update.sql line 11 | Deployment failed during database migration,FALSE,environment_config_issue
RCA_00958,Azure DevOps,C++,test,Configuration Error,MigrationError,Database migration failed: column 'status' already exists,migrations/2026_update.sql line 50,Deployment failed during database migration,test | Configuration Error | MigrationError | Database migration failed: column 'status' already exists | migrations/2026_update.sql line 50 | Deployment failed during database migration,TRUE,environment_config_issue
RCA_00100,Jenkins,Go,deploy,Test Failure,SyntaxError,SyntaxError: invalid syntax near 'return',internal/service/user_service.go line 106,ERROR collecting internal/service/user_service_test.go::test_deploy_health - syntax error in source file | additional context: retry attempted; cache restored; environment variables loaded; exit code 1,deploy | Test Failure | SyntaxError | SyntaxError: invalid syntax near 'return' | internal/service/user_service.go line 106 | ERROR collecting internal/service/user_service_test.go::test_deploy_health - syntax error in source file | additional context: retry attempted; cache restored; environment variables loaded; exit code 1,FALSE,application_defect
RCA_00506,GitHub Actions,Go,build,Test Failure,MigrationError,Database migration failed: column 'status' already exists,migrations/2026_update.sql line 19,Deployment failed during database migration,build | Test Failure | MigrationError | Database migration failed: column 'status' already exists | migrations/2026_update.sql line 19 | Deployment failed during database migration,TRUE,deployment_issue
RCA_00104,CircleCI,Go,build,Test Failure,NameError,NameError: name 'paylod' is not defined,internal/service/order_service.go line 103 in process_order,FAILED internal/service/user_service_test.go::test_process_order - undefined variable raised from application code,build | Test Failure | NameError | NameError: name 'paylod' is not defined | internal/service/order_service.go line 103 in process_order | FAILED internal/service/user_service_test.go::test_process_order - undefined variable raised from application code,TRUE,application_defect
RCA_01161,Azure DevOps,C++,build,Dependency Error,HTTPError,HTTPError: 503 Service Unavailable from upstream service,external_api_client.py line 27,External API returned 503 during tests/test_order_service.cpp::test_apply_discount,build | Dependency Error | HTTPError | HTTPError: 503 Service Unavailable from upstream service | external_api_client.py line 27 | External API returned 503 during tests/test_order_service.cpp::test_apply_discount,FALSE,network_issue
RCA_01179,GitLab CI,Python,deploy,Timeout,PermissionError,PermissionError: cannot write to reports/output.json,app/report.py line 36,CI runner cannot write to report output directory,deploy | Timeout | PermissionError | PermissionError: cannot write to reports/output.json | app/report.py line 36 | CI runner cannot write to report output directory,TRUE,environment_config_issue
RCA_00623,GitLab CI,Java,build,Build Failure,TypeError,TypeError: unsupported operand type(s) for +: 'int' and 'str',src/main/java/com/demo/OrderService.java line 81 in validate_payment,FAILED src/test/java/com/demo/OrderServiceTest.java::test_payment_validation - type mismatch in business logic | additional context: retry attempted; cache restored; environment variables loaded; exit code 1,build | Build Failure | TypeError | TypeError: unsupported operand type(s) for +: 'int' and 'str' | src/main/java/com/demo/OrderService.java line 81 in validate_payment | FAILED src/test/java/com/demo/OrderServiceTest.java::test_payment_validation - type mismatch in business logic | additional context: retry attempted; cache restored; environment variables loaded; exit code 1,FALSE,application_defect
RCA_00284,Jenkins,Go,test,Configuration Error,MigrationError,Database migration failed: column 'status' already exists,migrations/2026_update.sql line 128,Deployment failed during database migration,test | Configuration Error | MigrationError | Database migration failed: column 'status' already exists | migrations/2026_update.sql line 128 | Deployment failed during database migration,TRUE,deployment_issue
RCA_00485,GitHub Actions,Rust,deploy,Network Error,FixtureError,fixture 'sample_user' not found,tests/user_service_test.rs line 118,ERROR at setup of tests/user_service_test.rs::test_calculate_total - missing test fixture,deploy | Network Error | FixtureError | fixture 'sample_user' not found | tests/user_service_test.rs line 118 | ERROR at setup of tests/user_service_test.rs::test_calculate_total - missing test fixture,TRUE,test_script_issue
RCA_01194,GitLab CI,Python,deploy,Network Error,ConnectionTimeout,ConnectionTimeout: request timed out after 30 seconds,external_api_client.py line 35,External service call timed out while running tests/test_user_service.py::test_create_user,deploy | Network Error | ConnectionTimeout | ConnectionTimeout: request timed out after 30 seconds | external_api_client.py line 35 | External service call timed out while running tests/test_user_service.py::test_create_user,TRUE,network_issue
RCA_01001,Jenkins,C++,test,Timeout,SASTFinding,SAST found SQL injection risk in function 'apply_discount',src/user_service.cpp line 73,Static analysis found security issue,test | Timeout | SASTFinding | SAST found SQL injection risk in function 'apply_discount' | src/user_service.cpp line 73 | Static analysis found security issue,FALSE,security_policy_issue
RCA_00114,Jenkins,Rust,build,Security Scan Failure,VersionConflict,Version conflict: required serde==2.0.0 but installed serde==1.4.0,dependency_check.py line 44,Dependency version mismatch in CI environment,build | Security Scan Failure | VersionConflict | Version conflict: required serde==2.0.0 but installed serde==1.4.0 | dependency_check.py line 44 | Dependency version mismatch in CI environment,TRUE,application_defect
RCA_00697,Azure DevOps,Go,test,Build Failure,HTTPError,HTTPError: 503 Service Unavailable from upstream service,external_api_client.py line 93,External API returned 503 during internal/service/user_service_test.go::test_api_response,test | Build Failure | HTTPError | HTTPError: 503 Service Unavailable from upstream service | external_api_client.py line 93 | External API returned 503 during internal/service/user_service_test.go::test_api_response,TRUE,network_issue
RCA_01216,GitHub Actions,Go,deploy,Dependency Error,AssertionError,AssertionError: expected status 200 but got 500,internal/config/config.go line 106 in create_user,FAILED internal/service/order_service_test.go::test_api_response - application returned internal server error,deploy | Dependency Error | AssertionError | AssertionError: expected status 200 but got 500 | internal/config/config.go line 106 in create_user | FAILED internal/service/order_service_test.go::test_api_response - application returned internal server error,FALSE,application_defect
RCA_01013,Jenkins,Python,build,Security Scan Failure,ModuleNotFoundError,ModuleNotFoundError: No module named 'numpy',tests/test_user_service.py line 84,ImportError while importing test module because dependency numpy is missing,build | Security Scan Failure | ModuleNotFoundError | ModuleNotFoundError: No module named 'numpy' | tests/test_user_service.py line 84 | ImportError while importing test module because dependency numpy is missing,TRUE,environment_config_issue
RCA_00952,GitLab CI,C++,test,Permission Error,FileNotFoundError,FileNotFoundError: config/test_config.json not found,app/config.py line 140,Configuration file path does not exist in CI environment,test | Permission Error | FileNotFoundError | FileNotFoundError: config/test_config.json not found | app/config.py line 140 | Configuration file path does not exist in CI environment,FALSE,environment_config_issue
RCA_00189,GitLab CI,Go,test,Dependency Error,DependencyResolutionError,Could not resolve dependency 'serde>=2.0.0',package_manager.py line 78,Dependency resolver failed during install step,test | Dependency Error | DependencyResolutionError | Could not resolve dependency 'serde>=2.0.0' | package_manager.py line 78 | Dependency resolver failed during install step,TRUE,dependency_issue
RCA_00192,GitLab CI,Java,deploy,Timeout,ModuleNotFoundError,ModuleNotFoundError: No module named 'lodash',src/test/java/com/demo/UserServiceTest.java line 71,ImportError while importing test module because dependency lodash is missing,deploy | Timeout | ModuleNotFoundError | ModuleNotFoundError: No module named 'lodash' | src/test/java/com/demo/UserServiceTest.java line 71 | ImportError while importing test module because dependency lodash is missing,TRUE,dependency_issue
RCA_01324,GitLab CI,C++,test,Dependency Error,VersionConflict,Version conflict: required spring-core==2.0.0 but installed spring-core==1.4.0,dependency_check.py line 105,Dependency version mismatch in CI environment,test | Dependency Error | VersionConflict | Version conflict: required spring-core==2.0.0 but installed spring-core==1.4.0 | dependency_check.py line 105 | Dependency version mismatch in CI environment,FALSE,dependency_issue
RCA_00725,Azure DevOps,NodeJS,test,Permission Error,MigrationError,Database migration failed: column 'status' already exists,migrations/2026_update.sql line 108,Deployment failed during database migration,test | Permission Error | MigrationError | Database migration failed: column 'status' already exists | migrations/2026_update.sql line 108 | Deployment failed during database migration,FALSE,infrastructure_resource_issue
RCA_00249,Azure DevOps,Go,deploy,Resource Exhaustion,DNSResolutionError,Temporary failure in name resolution for host 'internal-api.company.local',urllib3/connection.py line 66,Max retries exceeded because DNS resolution failed | additional context: retry attempted; cache restored; environment variables loaded; exit code 1,deploy | Resource Exhaustion | DNSResolutionError | Temporary failure in name resolution for host 'internal-api.company.local' | urllib3/connection.py line 66 | Max retries exceeded because DNS resolution failed | additional context: retry attempted; cache restored; environment variables loaded; exit code 1,FALSE,network_issue
RCA_00962,CircleCI,C++,deploy,Configuration Error,VersionConflict,Version conflict: required lodash==2.0.0 but installed lodash==1.4.0,dependency_check.py line 125,Dependency version mismatch in CI environment,deploy | Configuration Error | VersionConflict | Version conflict: required lodash==2.0.0 but installed lodash==1.4.0 | dependency_check.py line 125 | Dependency version mismatch in CI environment,FALSE,dependency_issue
RCA_01354,Jenkins,NodeJS,build,Resource Exhaustion,NameError,NameError: name 'usr_id' is not defined,src/controllers/userController.js line 67 in create_user,FAILED tests/userController.test.js::test_create_user - undefined variable raised from application code,build | Resource Exhaustion | NameError | NameError: name 'usr_id' is not defined | src/controllers/userController.js line 67 in create_user | FAILED tests/userController.test.js::test_create_user - undefined variable raised from application code,TRUE,application_defect
RCA_00582,Azure DevOps,Java,deploy,Dependency Error,VersionConflict,Version conflict: required requests==2.0.0 but installed requests==1.4.0,dependency_check.py line 69,Dependency version mismatch in CI environment,deploy | Dependency Error | VersionConflict | Version conflict: required requests==2.0.0 but installed requests==1.4.0 | dependency_check.py line 69 | Dependency version mismatch in CI environment,FALSE,dependency_issue
RCA_00346,Jenkins,Python,build,Network Error,NameError,NameError: name 'total_amunt' is not defined,app/order_service.py line 124 in create_user,FAILED tests/test_payment_service.py::test_deploy_health - undefined variable raised from application code,build | Network Error | NameError | NameError: name 'total_amunt' is not defined | app/order_service.py line 124 in create_user | FAILED tests/test_payment_service.py::test_deploy_health - undefined variable raised from application code,FALSE,environment_config_issue
RCA_01297,Jenkins,NodeJS,test,Configuration Error,FixtureError,fixture 'sample_user' not found,tests/priceCalculator.test.js line 53,ERROR at setup of tests/priceCalculator.test.js::test_calculate_total - missing test fixture,test | Configuration Error | FixtureError | fixture 'sample_user' not found | tests/priceCalculator.test.js line 53 | ERROR at setup of tests/priceCalculator.test.js::test_calculate_total - missing test fixture,FALSE,application_defect
RCA_01432,Jenkins,Go,deploy,Network Error,VersionConflict,Version conflict: required fastapi==2.0.0 but installed fastapi==1.4.0,dependency_check.py line 67,Dependency version mismatch in CI environment,deploy | Network Error | VersionConflict | Version conflict: required fastapi==2.0.0 but installed fastapi==1.4.0 | dependency_check.py line 67 | Dependency version mismatch in CI environment,TRUE,dependency_issue
RCA_00196,Azure DevOps,Go,deploy,Test Failure,TypeError,TypeError: unsupported operand type(s) for +: 'int' and 'str',internal/service/user_service.go line 58 in process_order,FAILED internal/service/order_service_test.go::test_calculate_total - type mismatch in business logic,deploy | Test Failure | TypeError | TypeError: unsupported operand type(s) for +: 'int' and 'str' | internal/service/user_service.go line 58 in process_order | FAILED internal/service/order_service_test.go::test_calculate_total - type mismatch in business logic,FALSE,application_defect
RCA_01040,GitLab CI,Java,test,Dependency Error,KeyError,KeyError: 'SERVICE_URL',app/config.py line 93 in load_config,Missing environment variable in CI runner,test | Dependency Error | KeyError | KeyError: 'SERVICE_URL' | app/config.py line 93 in load_config | Missing environment variable in CI runner,FALSE,environment_config_issue
RCA_00683,CircleCI,Rust,test,Network Error,MigrationError,Database migration failed: column 'status' already exists,migrations/2026_update.sql line 50,Deployment failed during database migration,test | Network Error | MigrationError | Database migration failed: column 'status' already exists | migrations/2026_update.sql line 50 | Deployment failed during database migration,FALSE,deployment_issue
RCA_00645,Jenkins,Python,deploy,Deployment Failure,AssertionError,AssertionError: expected status 200 but got 500,app/config.py line 10 in validate_payment,FAILED tests/test_payment_service.py::test_create_user - application returned internal server error,deploy | Deployment Failure | AssertionError | AssertionError: expected status 200 but got 500 | app/config.py line 10 in validate_payment | FAILED tests/test_payment_service.py::test_create_user - application returned internal server error,FALSE,application_defect
RCA_00866,Jenkins,NodeJS,deploy,Resource Exhaustion,VersionConflict,Version conflict: required requests==2.0.0 but installed requests==1.4.0,dependency_check.py line 44,Dependency version mismatch in CI environment,deploy | Resource Exhaustion | VersionConflict | Version conflict: required requests==2.0.0 but installed requests==1.4.0 | dependency_check.py line 44 | Dependency version mismatch in CI environment,TRUE,dependency_issue
RCA_01173,GitHub Actions,Java,build,Dependency Error,DNSResolutionError,Temporary failure in name resolution for host 'pypi.org',urllib3/connection.py line 98,Max retries exceeded because DNS resolution failed,build | Dependency Error | DNSResolutionError | Temporary failure in name resolution for host 'pypi.org' | urllib3/connection.py line 98 | Max retries exceeded because DNS resolution failed,TRUE,network_issue
RCA_00201,Jenkins,Java,deploy,Build Failure,VersionConflict,Version conflict: required fastapi==2.0.0 but installed fastapi==1.4.0,dependency_check.py line 32,Dependency version mismatch in CI environment,deploy | Build Failure | VersionConflict | Version conflict: required fastapi==2.0.0 but installed fastapi==1.4.0 | dependency_check.py line 32 | Dependency version mismatch in CI environment,TRUE,dependency_issue
RCA_00820,GitLab CI,NodeJS,build,Configuration Error,AssertionError,AssertionError: assert 180 == 190,tests/priceCalculator.test.js line 52,FAILED tests/priceCalculator.test.js::test_apply_discount - expected value in test appears outdated,build | Configuration Error | AssertionError | AssertionError: assert 180 == 190 | tests/priceCalculator.test.js line 52 | FAILED tests/priceCalculator.test.js::test_apply_discount - expected value in test appears outdated,TRUE,application_defect
RCA_00960,GitLab CI,Go,build,Deployment Failure,ModuleNotFoundError,ModuleNotFoundError: No module named 'junit',internal/service/user_service_test.go line 45,ImportError while importing test module because dependency junit is missing,build | Deployment Failure | ModuleNotFoundError | ModuleNotFoundError: No module named 'junit' | internal/service/user_service_test.go line 45 | ImportError while importing test module because dependency junit is missing,FALSE,dependency_issue
RCA_00577,CircleCI,Java,build,Deployment Failure,HTTPError,HTTPError: 503 Service Unavailable from upstream service,external_api_client.py line 114,External API returned 503 during src/test/java/com/demo/UserServiceTest.java::test_deploy_health,build | Deployment Failure | HTTPError | HTTPError: 503 Service Unavailable from upstream service | external_api_client.py line 114 | External API returned 503 during src/test/java/com/demo/UserServiceTest.java::test_deploy_health,TRUE,network_issue
RCA_00095,CircleCI,Java,test,Test Failure,TimeoutError,TimeoutError: waiting for element '#checkout-confirm' exceeded 10 seconds,src/test/java/com/demo/UserServiceTest.java line 140,FAILED src/test/java/com/demo/UserServiceTest.java::test_api_response - UI locator or wait condition is unstable,test | Test Failure | TimeoutError | TimeoutError: waiting for element '#checkout-confirm' exceeded 10 seconds | src/test/java/com/demo/UserServiceTest.java line 140 | FAILED src/test/java/com/demo/UserServiceTest.java::test_api_response - UI locator or wait condition is unstable,TRUE,test_script_issue
RCA_00014,GitHub Actions,NodeJS,build,Test Failure,KeyError,KeyError: 'SERVICE_URL',app/config.py line 46 in load_config,Missing environment variable in CI runner,build | Test Failure | KeyError | KeyError: 'SERVICE_URL' | app/config.py line 46 in load_config | Missing environment variable in CI runner,TRUE,dependency_issue
RCA_01170,Jenkins,Rust,deploy,Configuration Error,ImportError,ImportError: cannot import name 'create_users' from application module,tests/order_service_test.rs line 51,ERROR collecting tests/order_service_test.rs::test_calculate_total - test imports old function name,deploy | Configuration Error | ImportError | ImportError: cannot import name 'create_users' from application module | tests/order_service_test.rs line 51 | ERROR collecting tests/order_service_test.rs::test_calculate_total - test imports old function name,FALSE,test_script_issue
RCA_00873,GitHub Actions,Rust,build,Security Scan Failure,SyntaxError,SyntaxError: invalid syntax near 'return',src/user_service.rs line 98,ERROR collecting tests/user_service_test.rs::test_process_order - syntax error in source file,build | Security Scan Failure | SyntaxError | SyntaxError: invalid syntax near 'return' | src/user_service.rs line 98 | ERROR collecting tests/user_service_test.rs::test_process_order - syntax error in source file,TRUE,application_defect
RCA_01209,Azure DevOps,C++,test,Deployment Failure,DeploymentError,DeploymentError: health check failed after deployment,deploy/health_check.py line 42,Service did not become healthy after deployment,test | Deployment Failure | DeploymentError | DeploymentError: health check failed after deployment | deploy/health_check.py line 42 | Service did not become healthy after deployment,TRUE,deployment_issue
RCA_00125,GitLab CI,Java,build,Timeout,KeyError,KeyError: 'SERVICE_URL',app/config.py line 11 in load_config,Missing environment variable in CI runner,build | Timeout | KeyError | KeyError: 'SERVICE_URL' | app/config.py line 11 in load_config | Missing environment variable in CI runner,FALSE,environment_config_issue
RCA_01139,GitHub Actions,NodeJS,test,Test Failure,MemoryError,MemoryError: process killed because memory limit was exceeded,runner/executor.py line 96,CI job exceeded memory limit during test execution,test | Test Failure | MemoryError | MemoryError: process killed because memory limit was exceeded | runner/executor.py line 96 | CI job exceeded memory limit during test execution,FALSE,infrastructure_resource_issue
RCA_00314,Jenkins,Go,deploy,Timeout,AssertionError,AssertionError: assert 180 == 190,internal/service/user_service_test.go line 47,FAILED internal/service/user_service_test.go::test_create_user - expected value in test appears outdated,deploy | Timeout | AssertionError | AssertionError: assert 180 == 190 | internal/service/user_service_test.go line 47 | FAILED internal/service/user_service_test.go::test_create_user - expected value in test appears outdated,TRUE,test_script_issue
RCA_01241,GitHub Actions,Rust,test,Permission Error,DNSResolutionError,Temporary failure in name resolution for host 'pypi.org',urllib3/connection.py line 15,Max retries exceeded because DNS resolution failed,test | Permission Error | DNSResolutionError | Temporary failure in name resolution for host 'pypi.org' | urllib3/connection.py line 15 | Max retries exceeded because DNS resolution failed,TRUE,network_issue
RCA_00265,GitLab CI,Rust,deploy,Permission Error,ModuleNotFoundError,ModuleNotFoundError: No module named 'junit',tests/order_service_test.rs line 47,ImportError while importing test module because dependency junit is missing | additional context: retry attempted; cache restored; environment variables loaded; exit code 1,deploy | Permission Error | ModuleNotFoundError | ModuleNotFoundError: No module named 'junit' | tests/order_service_test.rs line 47 | ImportError while importing test module because dependency junit is missing | additional context: retry attempted; cache restored; environment variables loaded; exit code 1,FALSE,dependency_issue
RCA_01281,GitHub Actions,NodeJS,test,Build Failure,NameError,NameError: name 'config_pth' is not defined,src/services/orderService.js line 31 in apply_discount,FAILED tests/priceCalculator.test.js::test_api_response - undefined variable raised from application code | additional context: retry attempted; cache restored; environment variables loaded; exit code 1,test | Build Failure | NameError | NameError: name 'config_pth' is not defined | src/services/orderService.js line 31 in apply_discount | FAILED tests/priceCalculator.test.js::test_api_response - undefined variable raised from application code | additional context: retry attempted; cache restored; environment variables loaded; exit code 1,TRUE,application_defect
RCA_00871,GitLab CI,NodeJS,deploy,Resource Exhaustion,NameError,NameError: name 'config_pth' is not defined,src/controllers/userController.js line 137 in create_user,FAILED tests/priceCalculator.test.js::test_api_response - undefined variable raised from application code,deploy | Resource Exhaustion | NameError | NameError: name 'config_pth' is not defined | src/controllers/userController.js line 137 in create_user | FAILED tests/priceCalculator.test.js::test_api_response - undefined variable raised from application code,FALSE,application_defect
RCA_00518,Jenkins,NodeJS,test,Timeout,NameError,NameError: name 'usr_id' is not defined,src/routes/api.js line 50 in apply_discount,FAILED tests/priceCalculator.test.js::test_create_user - undefined variable raised from application code,test | Timeout | NameError | NameError: name 'usr_id' is not defined | src/routes/api.js line 50 in apply_discount | FAILED tests/priceCalculator.test.js::test_create_user - undefined variable raised from application code,TRUE,application_defect
RCA_00428,Jenkins,Java,deploy,Build Failure,DNSResolutionError,Temporary failure in name resolution for host 'registry.npmjs.org',urllib3/connection.py line 50,Max retries exceeded because DNS resolution failed,deploy | Build Failure | DNSResolutionError | Temporary failure in name resolution for host 'registry.npmjs.org' | urllib3/connection.py line 50 | Max retries exceeded because DNS resolution failed,TRUE,network_issue
RCA_01045,Jenkins,NodeJS,build,Build Failure,TypeError,TypeError: unsupported operand type(s) for +: 'int' and 'str',src/utils/priceCalculator.js line 46 in process_order,FAILED tests/priceCalculator.test.js::test_deploy_health - type mismatch in business logic,build | Build Failure | TypeError | TypeError: unsupported operand type(s) for +: 'int' and 'str' | src/utils/priceCalculator.js line 46 in process_order | FAILED tests/priceCalculator.test.js::test_deploy_health - type mismatch in business logic,FALSE,application_defect
RCA_00909,Jenkins,Go,test,Deployment Failure,NameError,NameError: name 'usr_id' is not defined,cmd/api/main.go line 115 in calculate_total,FAILED internal/service/order_service_test.go::test_payment_validation - undefined variable raised from application code,test | Deployment Failure | NameError | NameError: name 'usr_id' is not defined | cmd/api/main.go line 115 in calculate_total | FAILED internal/service/order_service_test.go::test_payment_validation - undefined variable raised from application code,TRUE,application_defect
RCA_00122,CircleCI,NodeJS,deploy,Build Failure,SyntaxError,SyntaxError: invalid syntax near 'return',src/controllers/userController.js line 98,ERROR collecting tests/orderService.test.js::test_calculate_total - syntax error in source file,deploy | Build Failure | SyntaxError | SyntaxError: invalid syntax near 'return' | src/controllers/userController.js line 98 | ERROR collecting tests/orderService.test.js::test_calculate_total - syntax error in source file,FALSE,dependency_issue
RCA_00274,GitHub Actions,Go,test,Security Scan Failure,DNSResolutionError,Temporary failure in name resolution for host 'internal-api.company.local',urllib3/connection.py line 124,Max retries exceeded because DNS resolution failed,test | Security Scan Failure | DNSResolutionError | Temporary failure in name resolution for host 'internal-api.company.local' | urllib3/connection.py line 124 | Max retries exceeded because DNS resolution failed,FALSE,network_issue
RCA_01015,Azure DevOps,Java,test,Configuration Error,AssertionError,AssertionError: assert 180 == 190,src/test/java/com/demo/OrderServiceTest.java line 126,FAILED src/test/java/com/demo/OrderServiceTest.java::test_api_response - expected value in test appears outdated,test | Configuration Error | AssertionError | AssertionError: assert 180 == 190 | src/test/java/com/demo/OrderServiceTest.java line 126 | FAILED src/test/java/com/demo/OrderServiceTest.java::test_api_response - expected value in test appears outdated,TRUE,application_defect
RCA_00158,GitLab CI,NodeJS,test,Permission Error,SyntaxError,SyntaxError: invalid syntax near 'return',src/utils/priceCalculator.js line 87,ERROR collecting tests/userController.test.js::test_api_response - syntax error in source file,test | Permission Error | SyntaxError | SyntaxError: invalid syntax near 'return' | src/utils/priceCalculator.js line 87 | ERROR collecting tests/userController.test.js::test_api_response - syntax error in source file,FALSE,environment_config_issue
RCA_01401,GitLab CI,Go,build,Dependency Error,KeyError,KeyError: 'APP_ENV',app/config.py line 107 in load_config,Missing environment variable in CI runner,build | Dependency Error | KeyError | KeyError: 'APP_ENV' | app/config.py line 107 in load_config | Missing environment variable in CI runner,FALSE,environment_config_issue
RCA_00813,Jenkins,Rust,deploy,Security Scan Failure,DeploymentError,DeploymentError: health check failed after deployment,deploy/health_check.py line 74,Service did not become healthy after deployment,deploy | Security Scan Failure | DeploymentError | DeploymentError: health check failed after deployment | deploy/health_check.py line 74 | Service did not become healthy after deployment,FALSE,deployment_issue
RCA_01474,CircleCI,Java,build,Deployment Failure,DependencyResolutionError,Could not resolve dependency 'serde>=2.0.0',package_manager.py line 68,Dependency resolver failed during install step,build | Deployment Failure | DependencyResolutionError | Could not resolve dependency 'serde>=2.0.0' | package_manager.py line 68 | Dependency resolver failed during install step,TRUE,dependency_issue
RCA_00074,GitHub Actions,Rust,test,Build Failure,TimeoutError,Job exceeded maximum execution time of 600 seconds,runner/workflow.py line 35,Workflow timed out during test execution,test | Build Failure | TimeoutError | Job exceeded maximum execution time of 600 seconds | runner/workflow.py line 35 | Workflow timed out during test execution,TRUE,infrastructure_resource_issue
RCA_01295,Azure DevOps,Python,test,Network Error,MigrationError,Database migration failed: column 'status' already exists,migrations/2026_update.sql line 101,Deployment failed during database migration,test | Network Error | MigrationError | Database migration failed: column 'status' already exists | migrations/2026_update.sql line 101 | Deployment failed during database migration,FALSE,network_issue
RCA_00615,CircleCI,Java,deploy,Security Scan Failure,ConnectionTimeout,ConnectionTimeout: request timed out after 60 seconds,external_api_client.py line 20,External service call timed out while running src/test/java/com/demo/OrderServiceTest.java::test_api_response,deploy | Security Scan Failure | ConnectionTimeout | ConnectionTimeout: request timed out after 60 seconds | external_api_client.py line 20 | External service call timed out while running src/test/java/com/demo/OrderServiceTest.java::test_api_response,TRUE,network_issue
RCA_00483,GitLab CI,Java,deploy,Configuration Error,ConnectionTimeout,ConnectionTimeout: request timed out after 10 seconds,external_api_client.py line 46,External service call timed out while running src/test/java/com/demo/UserServiceTest.java::test_payment_validation,deploy | Configuration Error | ConnectionTimeout | ConnectionTimeout: request timed out after 10 seconds | external_api_client.py line 46 | External service call timed out while running src/test/java/com/demo/UserServiceTest.java::test_payment_validation,TRUE,network_issue
RCA_00735,GitHub Actions,C++,build,Permission Error,SyntaxError,SyntaxError: invalid syntax near 'return',src/main.cpp line 80,ERROR collecting tests/test_user_service.cpp::test_process_order - syntax error in source file,build | Permission Error | SyntaxError | SyntaxError: invalid syntax near 'return' | src/main.cpp line 80 | ERROR collecting tests/test_user_service.cpp::test_process_order - syntax error in source file,FALSE,application_defect
RCA_00878,Azure DevOps,Rust,test,Timeout,DNSResolutionError,Temporary failure in name resolution for host 'pypi.org',urllib3/connection.py line 107,Max retries exceeded because DNS resolution failed,test | Timeout | DNSResolutionError | Temporary failure in name resolution for host 'pypi.org' | urllib3/connection.py line 107 | Max retries exceeded because DNS resolution failed,TRUE,network_issue
RCA_00825,Azure DevOps,C++,test,Timeout,TypeError,TypeError: unsupported operand type(s) for +: 'int' and 'str',src/order_service.cpp line 73 in apply_discount,FAILED tests/test_user_service.cpp::test_payment_validation - type mismatch in business logic,test | Timeout | TypeError | TypeError: unsupported operand type(s) for +: 'int' and 'str' | src/order_service.cpp line 73 in apply_discount | FAILED tests/test_user_service.cpp::test_payment_validation - type mismatch in business logic,TRUE,application_defect
RCA_01248,Azure DevOps,Go,test,Deployment Failure,MigrationError,Database migration failed: column 'status' already exists,migrations/2026_update.sql line 82,Deployment failed during database migration,test | Deployment Failure | MigrationError | Database migration failed: column 'status' already exists | migrations/2026_update.sql line 82 | Deployment failed during database migration,FALSE,infrastructure_resource_issue
RCA_00043,GitHub Actions,Java,deploy,Dependency Error,AssertionError,AssertionError: expected status 200 but got 500,src/main/java/com/demo/PaymentService.java line 105 in create_user,FAILED src/test/java/com/demo/OrderServiceTest.java::test_api_response - application returned internal server error | additional context: retry attempted; cache restored; environment variables loaded; exit code 1,deploy | Dependency Error | AssertionError | AssertionError: expected status 200 but got 500 | src/main/java/com/demo/PaymentService.java line 105 in create_user | FAILED src/test/java/com/demo/OrderServiceTest.java::test_api_response - application returned internal server error | additional context: retry attempted; cache restored; environment variables loaded; exit code 1,TRUE,application_defect
RCA_01251,CircleCI,Go,deploy,Build Failure,DependencyResolutionError,Could not resolve dependency 'spring-core>=2.0.0',package_manager.py line 60,Dependency resolver failed during install step | additional context: retry attempted; cache restored; environment variables loaded; exit code 1,deploy | Build Failure | DependencyResolutionError | Could not resolve dependency 'spring-core>=2.0.0' | package_manager.py line 60 | Dependency resolver failed during install step | additional context: retry attempted; cache restored; environment variables loaded; exit code 1,TRUE,dependency_issue
RCA_01116,Azure DevOps,C++,test,Deployment Failure,DeploymentError,DeploymentError: health check failed after deployment,deploy/health_check.py line 98,Service did not become healthy after deployment,test | Deployment Failure | DeploymentError | DeploymentError: health check failed after deployment | deploy/health_check.py line 98 | Service did not become healthy after deployment,TRUE,deployment_issue
RCA_00451,GitLab CI,C++,test,Security Scan Failure,VersionConflict,Version conflict: required requests==2.0.0 but installed requests==1.4.0,dependency_check.py line 68,Dependency version mismatch in CI environment | additional context: retry attempted; cache restored; environment variables loaded; exit code 1,test | Security Scan Failure | VersionConflict | Version conflict: required requests==2.0.0 but installed requests==1.4.0 | dependency_check.py line 68 | Dependency version mismatch in CI environment | additional context: retry attempted; cache restored; environment variables loaded; exit code 1,TRUE,dependency_issue
RCA_01131,CircleCI,C++,deploy,Configuration Error,VersionConflict,Version conflict: required gin-gonic==2.0.0 but installed gin-gonic==1.4.0,dependency_check.py line 119,Dependency version mismatch in CI environment | additional context: retry attempted; cache restored; environment variables loaded; exit code 1,deploy | Configuration Error | VersionConflict | Version conflict: required gin-gonic==2.0.0 but installed gin-gonic==1.4.0 | dependency_check.py line 119 | Dependency version mismatch in CI environment | additional context: retry attempted; cache restored; environment variables loaded; exit code 1,TRUE,dependency_issue
RCA_00291,GitHub Actions,NodeJS,test,Configuration Error,DeploymentError,DeploymentError: health check failed after deployment,deploy/health_check.py line 94,Service did not become healthy after deployment,test | Configuration Error | DeploymentError | DeploymentError: health check failed after deployment | deploy/health_check.py line 94 | Service did not become healthy after deployment,FALSE,deployment_issue
RCA_00345,GitHub Actions,Go,deploy,Security Scan Failure,ModuleNotFoundError,ModuleNotFoundError: No module named 'spring-core',internal/service/user_service_test.go line 111,ImportError while importing test module because dependency spring-core is missing,deploy | Security Scan Failure | ModuleNotFoundError | ModuleNotFoundError: No module named 'spring-core' | internal/service/user_service_test.go line 111 | ImportError while importing test module because dependency spring-core is missing,TRUE,dependency_issue
RCA_00711,GitLab CI,C++,build,Network Error,SecretDetected,Secret scanning detected possible credential in 'src/main.cpp',security/scanner.py line 116,Secret detected by repository scan policy,build | Network Error | SecretDetected | Secret scanning detected possible credential in 'src/main.cpp' | security/scanner.py line 116 | Secret detected by repository scan policy,FALSE,security_policy_issue
RCA_01500,GitLab CI,Java,build,Build Failure,KeyError,KeyError: 'APP_ENV',app/config.py line 66 in load_config,Missing environment variable in CI runner,build | Build Failure | KeyError | KeyError: 'APP_ENV' | app/config.py line 66 in load_config | Missing environment variable in CI runner,FALSE,environment_config_issue
RCA_01294,GitLab CI,Java,deploy,Network Error,FixtureError,fixture 'sample_user' not found,src/test/java/com/demo/OrderServiceTest.java line 111,ERROR at setup of src/test/java/com/demo/OrderServiceTest.java::test_api_response - missing test fixture,deploy | Network Error | FixtureError | fixture 'sample_user' not found | src/test/java/com/demo/OrderServiceTest.java line 111 | ERROR at setup of src/test/java/com/demo/OrderServiceTest.java::test_api_response - missing test fixture,TRUE,test_script_issue
RCA_00599,Jenkins,Rust,build,Permission Error,SecurityScanError,High severity vulnerability found in package 'gin-gonic',security/scanner.py line 49,Security scan failed due to vulnerable dependency,build | Permission Error | SecurityScanError | High severity vulnerability found in package 'gin-gonic' | security/scanner.py line 49 | Security scan failed due to vulnerable dependency,FALSE,dependency_issue
RCA_00584,GitLab CI,Python,deploy,Resource Exhaustion,ConnectionTimeout,ConnectionTimeout: request timed out after 30 seconds,external_api_client.py line 52,External service call timed out while running tests/test_user_service.py::test_create_user | additional context: retry attempted; cache restored; environment variables loaded; exit code 1,deploy | Resource Exhaustion | ConnectionTimeout | ConnectionTimeout: request timed out after 30 seconds | external_api_client.py line 52 | External service call timed out while running tests/test_user_service.py::test_create_user | additional context: retry attempted; cache restored; environment variables loaded; exit code 1,FALSE,network_issue
RCA_00355,CircleCI,NodeJS,deploy,Resource Exhaustion,TimeoutError,Job exceeded maximum execution time of 600 seconds,runner/workflow.py line 15,Workflow timed out during test execution,deploy | Resource Exhaustion | TimeoutError | Job exceeded maximum execution time of 600 seconds | runner/workflow.py line 15 | Workflow timed out during test execution,FALSE,infrastructure_resource_issue
RCA_00173,GitLab CI,Go,test,Test Failure,NameError,NameError: name 'total_amunt' is not defined,internal/service/user_service.go line 129 in apply_discount,FAILED internal/service/user_service_test.go::test_calculate_total - undefined variable raised from application code,test | Test Failure | NameError | NameError: name 'total_amunt' is not defined | internal/service/user_service.go line 129 in apply_discount | FAILED internal/service/user_service_test.go::test_calculate_total - undefined variable raised from application code,FALSE,application_defect
RCA_00415,CircleCI,C++,build,Deployment Failure,NameError,NameError: name 'total_amunt' is not defined,src/order_service.cpp line 129 in create_user,FAILED tests/test_order_service.cpp::test_process_order - undefined variable raised from application code,build | Deployment Failure | NameError | NameError: name 'total_amunt' is not defined | src/order_service.cpp line 129 in create_user | FAILED tests/test_order_service.cpp::test_process_order - undefined variable raised from application code,FALSE,application_defect
RCA_00629,Azure DevOps,Python,test,Deployment Failure,NameError,NameError: name 'config_pth' is not defined,app/config.py line 40 in process_order,FAILED tests/test_calculator.py::test_apply_discount - undefined variable raised from application code | additional context: retry attempted; cache restored; environment variables loaded; exit code 1,test | Deployment Failure | NameError | NameError: name 'config_pth' is not defined | app/config.py line 40 in process_order | FAILED tests/test_calculator.py::test_apply_discount - undefined variable raised from application code | additional context: retry attempted; cache restored; environment variables loaded; exit code 1,TRUE,application_defect
RCA_00832,Jenkins,Java,test,Resource Exhaustion,MigrationError,Database migration failed: column 'status' already exists,migrations/2026_update.sql line 7,Deployment failed during database migration,test | Resource Exhaustion | MigrationError | Database migration failed: column 'status' already exists | migrations/2026_update.sql line 7 | Deployment failed during database migration,TRUE,environment_config_issue
RCA_01011,CircleCI,Java,build,Configuration Error,ModuleNotFoundError,ModuleNotFoundError: No module named 'junit',src/test/java/com/demo/OrderServiceTest.java line 123,ImportError while importing test module because dependency junit is missing,build | Configuration Error | ModuleNotFoundError | ModuleNotFoundError: No module named 'junit' | src/test/java/com/demo/OrderServiceTest.java line 123 | ImportError while importing test module because dependency junit is missing,FALSE,dependency_issue
RCA_01073,GitLab CI,Java,build,Dependency Error,ImportError,ImportError: cannot import name 'calculate_totals' from application module,src/test/java/com/demo/UserServiceTest.java line 71,ERROR collecting src/test/java/com/demo/UserServiceTest.java::test_process_order - test imports old function name | additional context: retry attempted; cache restored; environment variables loaded; exit code 1,build | Dependency Error | ImportError | ImportError: cannot import name 'calculate_totals' from application module | src/test/java/com/demo/UserServiceTest.java line 71 | ERROR collecting src/test/java/com/demo/UserServiceTest.java::test_process_order - test imports old function name | additional context: retry attempted; cache restored; environment variables loaded; exit code 1,FALSE,test_script_issue
RCA_01356,GitHub Actions,C++,deploy,Configuration Error,TypeError,TypeError: unsupported operand type(s) for +: 'int' and 'str',src/config.cpp line 58 in create_user,FAILED tests/test_user_service.cpp::test_payment_validation - type mismatch in business logic,deploy | Configuration Error | TypeError | TypeError: unsupported operand type(s) for +: 'int' and 'str' | src/config.cpp line 58 in create_user | FAILED tests/test_user_service.cpp::test_payment_validation - type mismatch in business logic,FALSE,application_defect
RCA_00691,Azure DevOps,Rust,build,Security Scan Failure,PermissionError,PermissionError: cannot write to reports/output.json,app/report.py line 16,CI runner cannot write to report output directory | additional context: retry attempted; cache restored; environment variables loaded; exit code 1,build | Security Scan Failure | PermissionError | PermissionError: cannot write to reports/output.json | app/report.py line 16 | CI runner cannot write to report output directory | additional context: retry attempted; cache restored; environment variables loaded; exit code 1,TRUE,application_defect
RCA_01088,GitLab CI,Go,deploy,Build Failure,TimeoutError,Job exceeded maximum execution time of 600 seconds,runner/workflow.py line 116,Workflow timed out during test execution,deploy | Build Failure | TimeoutError | Job exceeded maximum execution time of 600 seconds | runner/workflow.py line 116 | Workflow timed out during test execution,TRUE,infrastructure_resource_issue
RCA_01214,GitLab CI,NodeJS,build,Network Error,OSError,OSError: [Errno 28] No space left on device,runner/cache.py line 80,Disk full while restoring cache or building image,build | Network Error | OSError | OSError: [Errno 28] No space left on device | runner/cache.py line 80 | Disk full while restoring cache or building image,TRUE,infrastructure_resource_issue
RCA_01059,Jenkins,C++,test,Permission Error,KeyError,KeyError: 'GITHUB_TOKEN',app/config.py line 32 in load_config,Missing environment variable in CI runner | additional context: retry attempted; cache restored; environment variables loaded; exit code 1,test | Permission Error | KeyError | KeyError: 'GITHUB_TOKEN' | app/config.py line 32 in load_config | Missing environment variable in CI runner | additional context: retry attempted; cache restored; environment variables loaded; exit code 1,FALSE,application_defect
RCA_00539,Jenkins,Java,build,Build Failure,SecretDetected,Secret scanning detected possible credential in 'src/main/java/com/demo/PaymentService.java',security/scanner.py line 96,Secret detected by repository scan policy,build | Build Failure | SecretDetected | Secret scanning detected possible credential in 'src/main/java/com/demo/PaymentService.java' | security/scanner.py line 96 | Secret detected by repository scan policy,FALSE,deployment_issue
RCA_01128,GitHub Actions,NodeJS,build,Deployment Failure,TypeError,TypeError: unsupported operand type(s) for +: 'int' and 'str',src/routes/api.js line 48 in validate_payment,FAILED tests/userController.test.js::test_payment_validation - type mismatch in business logic,build | Deployment Failure | TypeError | TypeError: unsupported operand type(s) for +: 'int' and 'str' | src/routes/api.js line 48 in validate_payment | FAILED tests/userController.test.js::test_payment_validation - type mismatch in business logic,FALSE,application_defect
RCA_01275,Jenkins,NodeJS,build,Test Failure,ConnectionTimeout,ConnectionTimeout: request timed out after 60 seconds,external_api_client.py line 65,External service call timed out while running tests/priceCalculator.test.js::test_create_user,build | Test Failure | ConnectionTimeout | ConnectionTimeout: request timed out after 60 seconds | external_api_client.py line 65 | External service call timed out while running tests/priceCalculator.test.js::test_create_user,FALSE,network_issue
RCA_00235,Jenkins,C++,test,Deployment Failure,ImagePullBackOff,ImagePullBackOff: failed to pull image 'registry.internal/order-api:1.2.0',kubernetes/deploy.yaml line 86,Deployment failed because container image could not be pulled,test | Deployment Failure | ImagePullBackOff | ImagePullBackOff: failed to pull image 'registry.internal/order-api:1.2.0' | kubernetes/deploy.yaml line 86 | Deployment failed because container image could not be pulled,TRUE,network_issue
RCA_00622,CircleCI,Python,build,Deployment Failure,MemoryError,MemoryError: process killed because memory limit was exceeded,runner/executor.py line 124,CI job exceeded memory limit during test execution,build | Deployment Failure | MemoryError | MemoryError: process killed because memory limit was exceeded | runner/executor.py line 124 | CI job exceeded memory limit during test execution,FALSE,infrastructure_resource_issue
RCA_01439,GitLab CI,NodeJS,build,Configuration Error,MigrationError,Database migration failed: column 'status' already exists,migrations/2026_update.sql line 72,Deployment failed during database migration,build | Configuration Error | MigrationError | Database migration failed: column 'status' already exists | migrations/2026_update.sql line 72 | Deployment failed during database migration,FALSE,deployment_issue
RCA_01240,Jenkins,Java,deploy,Deployment Failure,HTTPError,HTTPError: 503 Service Unavailable from upstream service,external_api_client.py line 25,External API returned 503 during src/test/java/com/demo/UserServiceTest.java::test_process_order,deploy | Deployment Failure | HTTPError | HTTPError: 503 Service Unavailable from upstream service | external_api_client.py line 25 | External API returned 503 during src/test/java/com/demo/UserServiceTest.java::test_process_order,FALSE,network_issue
RCA_00734,GitLab CI,NodeJS,build,Dependency Error,SecurityScanError,High severity vulnerability found in package 'serde',security/scanner.py line 129,Security scan failed due to vulnerable dependency | additional context: retry attempted; cache restored; environment variables loaded; exit code 1,build | Dependency Error | SecurityScanError | High severity vulnerability found in package 'serde' | security/scanner.py line 129 | Security scan failed due to vulnerable dependency | additional context: retry attempted; cache restored; environment variables loaded; exit code 1,FALSE,deployment_issue
RCA_00770,GitHub Actions,Java,deploy,Network Error,SyntaxError,SyntaxError: invalid syntax near 'return',src/main/java/com/demo/OrderService.java line 51,ERROR collecting src/test/java/com/demo/UserServiceTest.java::test_payment_validation - syntax error in source file,deploy | Network Error | SyntaxError | SyntaxError: invalid syntax near 'return' | src/main/java/com/demo/OrderService.java line 51 | ERROR collecting src/test/java/com/demo/UserServiceTest.java::test_payment_validation - syntax error in source file,TRUE,application_defect
RCA_01071,GitLab CI,Rust,deploy,Resource Exhaustion,TimeoutError,Job exceeded maximum execution time of 600 seconds,runner/workflow.py line 47,Workflow timed out during test execution,deploy | Resource Exhaustion | TimeoutError | Job exceeded maximum execution time of 600 seconds | runner/workflow.py line 47 | Workflow timed out during test execution,FALSE,infrastructure_resource_issue
RCA_01041,GitHub Actions,Python,deploy,Resource Exhaustion,DependencyResolutionError,Could not resolve dependency 'gin-gonic>=2.0.0',package_manager.py line 35,Dependency resolver failed during install step,deploy | Resource Exhaustion | DependencyResolutionError | Could not resolve dependency 'gin-gonic>=2.0.0' | package_manager.py line 35 | Dependency resolver failed during install step,TRUE,dependency_issue
RCA_01134,GitHub Actions,C++,deploy,Build Failure,SyntaxError,SyntaxError: invalid syntax near 'return',src/user_service.cpp line 98,ERROR collecting tests/test_order_service.cpp::test_process_order - syntax error in source file,deploy | Build Failure | SyntaxError | SyntaxError: invalid syntax near 'return' | src/user_service.cpp line 98 | ERROR collecting tests/test_order_service.cpp::test_process_order - syntax error in source file,TRUE,application_defect
RCA_00204,Jenkins,Python,build,Security Scan Failure,DNSResolutionError,Temporary failure in name resolution for host 'api.example.com',urllib3/connection.py line 119,Max retries exceeded because DNS resolution failed,build | Security Scan Failure | DNSResolutionError | Temporary failure in name resolution for host 'api.example.com' | urllib3/connection.py line 119 | Max retries exceeded because DNS resolution failed,FALSE,network_issue
RCA_00751,Azure DevOps,C++,deploy,Permission Error,SecretDetected,Secret scanning detected possible credential in 'src/order_service.cpp',security/scanner.py line 129,Secret detected by repository scan policy,deploy | Permission Error | SecretDetected | Secret scanning detected possible credential in 'src/order_service.cpp' | security/scanner.py line 129 | Secret detected by repository scan policy,TRUE,security_policy_issue
RCA_00667,Azure DevOps,Java,build,Network Error,AssertionError,AssertionError: expected status 200 but got 500,src/main/java/com/demo/PaymentService.java line 59 in calculate_total,FAILED src/test/java/com/demo/UserServiceTest.java::test_calculate_total - application returned internal server error,build | Network Error | AssertionError | AssertionError: expected status 200 but got 500 | src/main/java/com/demo/PaymentService.java line 59 in calculate_total | FAILED src/test/java/com/demo/UserServiceTest.java::test_calculate_total - application returned internal server error,FALSE,test_script_issue
RCA_01479,GitHub Actions,Rust,deploy,Network Error,TimeoutError,Job exceeded maximum execution time of 600 seconds,runner/workflow.py line 137,Workflow timed out during test execution,deploy | Network Error | TimeoutError | Job exceeded maximum execution time of 600 seconds | runner/workflow.py line 137 | Workflow timed out during test execution,FALSE,infrastructure_resource_issue
RCA_00698,Azure DevOps,NodeJS,test,Build Failure,TimeoutError,TimeoutError: waiting for element 'input[name=email]' exceeded 10 seconds,tests/priceCalculator.test.js line 6,FAILED tests/priceCalculator.test.js::test_calculate_total - UI locator or wait condition is unstable | additional context: retry attempted; cache restored; environment variables loaded; exit code 1,test | Build Failure | TimeoutError | TimeoutError: waiting for element 'input[name=email]' exceeded 10 seconds | tests/priceCalculator.test.js line 6 | FAILED tests/priceCalculator.test.js::test_calculate_total - UI locator or wait condition is unstable | additional context: retry attempted; cache restored; environment variables loaded; exit code 1,FALSE,test_script_issue
RCA_00985,CircleCI,Python,build,Permission Error,TimeoutError,TimeoutError: waiting for element '.user-row' exceeded 10 seconds,tests/test_calculator.py line 80,FAILED tests/test_calculator.py::test_api_response - UI locator or wait condition is unstable,build | Permission Error | TimeoutError | TimeoutError: waiting for element '.user-row' exceeded 10 seconds | tests/test_calculator.py line 80 | FAILED tests/test_calculator.py::test_api_response - UI locator or wait condition is unstable,FALSE,application_defect
RCA_01278,GitLab CI,C++,build,Permission Error,TimeoutError,Job exceeded maximum execution time of 600 seconds,runner/workflow.py line 68,Workflow timed out during test execution,build | Permission Error | TimeoutError | Job exceeded maximum execution time of 600 seconds | runner/workflow.py line 68 | Workflow timed out during test execution,FALSE,infrastructure_resource_issue
RCA_00787,GitLab CI,Java,build,Resource Exhaustion,ImagePullBackOff,ImagePullBackOff: failed to pull image 'registry.internal/order-api:1.2.0',kubernetes/deploy.yaml line 100,Deployment failed because container image could not be pulled,build | Resource Exhaustion | ImagePullBackOff | ImagePullBackOff: failed to pull image 'registry.internal/order-api:1.2.0' | kubernetes/deploy.yaml line 100 | Deployment failed because container image could not be pulled,TRUE,deployment_issue
RCA_00433,GitLab CI,Python,build,Network Error,DNSResolutionError,Temporary failure in name resolution for host 'pypi.org',urllib3/connection.py line 118,Max retries exceeded because DNS resolution failed | additional context: retry attempted; cache restored; environment variables loaded; exit code 1,build | Network Error | DNSResolutionError | Temporary failure in name resolution for host 'pypi.org' | urllib3/connection.py line 118 | Max retries exceeded because DNS resolution failed | additional context: retry attempted; cache restored; environment variables loaded; exit code 1,FALSE,network_issue
RCA_00012,Azure DevOps,C++,build,Test Failure,AssertionError,AssertionError: assert 180 == 190,tests/test_order_service.cpp line 121,FAILED tests/test_order_service.cpp::test_process_order - expected value in test appears outdated,build | Test Failure | AssertionError | AssertionError: assert 180 == 190 | tests/test_order_service.cpp line 121 | FAILED tests/test_order_service.cpp::test_process_order - expected value in test appears outdated,TRUE,test_script_issue
RCA_00061,GitHub Actions,NodeJS,deploy,Deployment Failure,TimeoutError,TimeoutError: waiting for element '.user-row' exceeded 10 seconds,tests/orderService.test.js line 39,FAILED tests/orderService.test.js::test_calculate_total - UI locator or wait condition is unstable,deploy | Deployment Failure | TimeoutError | TimeoutError: waiting for element '.user-row' exceeded 10 seconds | tests/orderService.test.js line 39 | FAILED tests/orderService.test.js::test_calculate_total - UI locator or wait condition is unstable,TRUE,test_script_issue
RCA_00782,Azure DevOps,Rust,test,Dependency Error,TypeError,TypeError: unsupported operand type(s) for +: 'int' and 'str',src/order_service.rs line 77 in process_order,FAILED tests/order_service_test.rs::test_api_response - type mismatch in business logic | additional context: retry attempted; cache restored; environment variables loaded; exit code 1,test | Dependency Error | TypeError | TypeError: unsupported operand type(s) for +: 'int' and 'str' | src/order_service.rs line 77 in process_order | FAILED tests/order_service_test.rs::test_api_response - type mismatch in business logic | additional context: retry attempted; cache restored; environment variables loaded; exit code 1,TRUE,application_defect
RCA_00598,GitHub Actions,Rust,test,Configuration Error,FileNotFoundError,FileNotFoundError: config/test_config.json not found,app/config.py line 26,Configuration file path does not exist in CI environment | additional context: retry attempted; cache restored; environment variables loaded; exit code 1,test | Configuration Error | FileNotFoundError | FileNotFoundError: config/test_config.json not found | app/config.py line 26 | Configuration file path does not exist in CI environment | additional context: retry attempted; cache restored; environment variables loaded; exit code 1,FALSE,environment_config_issue
RCA_01272,CircleCI,Go,test,Dependency Error,ModuleNotFoundError,ModuleNotFoundError: No module named 'numpy',internal/service/order_service_test.go line 137,ImportError while importing test module because dependency numpy is missing,test | Dependency Error | ModuleNotFoundError | ModuleNotFoundError: No module named 'numpy' | internal/service/order_service_test.go line 137 | ImportError while importing test module because dependency numpy is missing,TRUE,dependency_issue
RCA_00988,Azure DevOps,Go,test,Timeout,TimeoutError,TimeoutError: waiting for element '.user-row' exceeded 10 seconds,internal/service/user_service_test.go line 52,FAILED internal/service/user_service_test.go::test_calculate_total - UI locator or wait condition is unstable,test | Timeout | TimeoutError | TimeoutError: waiting for element '.user-row' exceeded 10 seconds | internal/service/user_service_test.go line 52 | FAILED internal/service/user_service_test.go::test_calculate_total - UI locator or wait condition is unstable,TRUE,application_defect
RCA_01129,CircleCI,Python,build,Build Failure,AssertionError,AssertionError: assert 180 == 190,tests/test_order_service.py line 78,FAILED tests/test_order_service.py::test_calculate_total - expected value in test appears outdated,build | Build Failure | AssertionError | AssertionError: assert 180 == 190 | tests/test_order_service.py line 78 | FAILED tests/test_order_service.py::test_calculate_total - expected value in test appears outdated,TRUE,test_script_issue
RCA_00015,CircleCI,Java,test,Test Failure,ImportError,ImportError: cannot import name 'create_users' from application module,src/test/java/com/demo/OrderServiceTest.java line 116,ERROR collecting src/test/java/com/demo/OrderServiceTest.java::test_api_response - test imports old function name,test | Test Failure | ImportError | ImportError: cannot import name 'create_users' from application module | src/test/java/com/demo/OrderServiceTest.java line 116 | ERROR collecting src/test/java/com/demo/OrderServiceTest.java::test_api_response - test imports old function name,FALSE,test_script_issue
RCA_01416,CircleCI,NodeJS,build,Configuration Error,MemoryError,MemoryError: process killed because memory limit was exceeded,runner/executor.py line 87,CI job exceeded memory limit during test execution,build | Configuration Error | MemoryError | MemoryError: process killed because memory limit was exceeded | runner/executor.py line 87 | CI job exceeded memory limit during test execution,FALSE,infrastructure_resource_issue
RCA_00666,GitLab CI,NodeJS,test,Permission Error,TimeoutError,TimeoutError: waiting for element '.user-row' exceeded 10 seconds,tests/orderService.test.js line 92,FAILED tests/orderService.test.js::test_create_user - UI locator or wait condition is unstable | additional context: retry attempted; cache restored; environment variables loaded; exit code 1,test | Permission Error | TimeoutError | TimeoutError: waiting for element '.user-row' exceeded 10 seconds | tests/orderService.test.js line 92 | FAILED tests/orderService.test.js::test_create_user - UI locator or wait condition is unstable | additional context: retry attempted; cache restored; environment variables loaded; exit code 1,TRUE,test_script_issue
RCA_01459,Azure DevOps,NodeJS,build,Timeout,ImagePullBackOff,ImagePullBackOff: failed to pull image 'registry.internal/order-api:1.2.0',kubernetes/deploy.yaml line 34,Deployment failed because container image could not be pulled,build | Timeout | ImagePullBackOff | ImagePullBackOff: failed to pull image 'registry.internal/order-api:1.2.0' | kubernetes/deploy.yaml line 34 | Deployment failed because container image could not be pulled,FALSE,deployment_issue
RCA_01309,GitLab CI,Rust,deploy,Dependency Error,DependencyResolutionError,Could not resolve dependency 'pytest>=2.0.0',package_manager.py line 58,Dependency resolver failed during install step | additional context: retry attempted; cache restored; environment variables loaded; exit code 1,deploy | Dependency Error | DependencyResolutionError | Could not resolve dependency 'pytest>=2.0.0' | package_manager.py line 58 | Dependency resolver failed during install step | additional context: retry attempted; cache restored; environment variables loaded; exit code 1,FALSE,dependency_issue
RCA_00325,Azure DevOps,NodeJS,build,Test Failure,AssertionError,AssertionError: expected status 200 but got 500,src/routes/api.js line 122 in process_order,FAILED tests/orderService.test.js::test_create_user - application returned internal server error | additional context: retry attempted; cache restored; environment variables loaded; exit code 1,build | Test Failure | AssertionError | AssertionError: expected status 200 but got 500 | src/routes/api.js line 122 in process_order | FAILED tests/orderService.test.js::test_create_user - application returned internal server error | additional context: retry attempted; cache restored; environment variables loaded; exit code 1,FALSE,application_defect
RCA_00367,Azure DevOps,NodeJS,deploy,Security Scan Failure,FileNotFoundError,FileNotFoundError: config/test_config.json not found,app/config.py line 23,Configuration file path does not exist in CI environment,deploy | Security Scan Failure | FileNotFoundError | FileNotFoundError: config/test_config.json not found | app/config.py line 23 | Configuration file path does not exist in CI environment,TRUE,environment_config_issue
RCA_00052,CircleCI,Python,build,Network Error,PermissionError,PermissionError: cannot write to reports/output.json,app/report.py line 69,CI runner cannot write to report output directory | additional context: retry attempted; cache restored; environment variables loaded; exit code 1,build | Network Error | PermissionError | PermissionError: cannot write to reports/output.json | app/report.py line 69 | CI runner cannot write to report output directory | additional context: retry attempted; cache restored; environment variables loaded; exit code 1,TRUE,environment_config_issue
RCA_00097,Jenkins,C++,test,Network Error,ModuleNotFoundError,ModuleNotFoundError: No module named 'spring-core',tests/test_user_service.cpp line 22,ImportError while importing test module because dependency spring-core is missing,test | Network Error | ModuleNotFoundError | ModuleNotFoundError: No module named 'spring-core' | tests/test_user_service.cpp line 22 | ImportError while importing test module because dependency spring-core is missing,FALSE,environment_config_issue
RCA_00058,CircleCI,NodeJS,deploy,Network Error,AssertionError,AssertionError: expected status 200 but got 500,src/utils/priceCalculator.js line 140 in calculate_total,FAILED tests/priceCalculator.test.js::test_process_order - application returned internal server error,deploy | Network Error | AssertionError | AssertionError: expected status 200 but got 500 | src/utils/priceCalculator.js line 140 in calculate_total | FAILED tests/priceCalculator.test.js::test_process_order - application returned internal server error,TRUE,application_defect
RCA_00056,Azure DevOps,NodeJS,test,Timeout,ImagePullBackOff,ImagePullBackOff: failed to pull image 'registry.internal/order-api:1.2.0',kubernetes/deploy.yaml line 132,Deployment failed because container image could not be pulled,test | Timeout | ImagePullBackOff | ImagePullBackOff: failed to pull image 'registry.internal/order-api:1.2.0' | kubernetes/deploy.yaml line 132 | Deployment failed because container image could not be pulled,TRUE,infrastructure_resource_issue
RCA_00843,Jenkins,Go,deploy,Network Error,SyntaxError,SyntaxError: invalid syntax near 'return',internal/config/config.go line 79,ERROR collecting internal/service/order_service_test.go::test_process_order - syntax error in source file,deploy | Network Error | SyntaxError | SyntaxError: invalid syntax near 'return' | internal/config/config.go line 79 | ERROR collecting internal/service/order_service_test.go::test_process_order - syntax error in source file,TRUE,application_defect
RCA_01184,GitHub Actions,C++,build,Permission Error,TypeError,TypeError: unsupported operand type(s) for +: 'int' and 'str',src/main.cpp line 28 in calculate_total,FAILED tests/test_order_service.cpp::test_api_response - type mismatch in business logic,build | Permission Error | TypeError | TypeError: unsupported operand type(s) for +: 'int' and 'str' | src/main.cpp line 28 in calculate_total | FAILED tests/test_order_service.cpp::test_api_response - type mismatch in business logic,TRUE,dependency_issue
RCA_00236,Azure DevOps,Python,test,Build Failure,SASTFinding,SAST found SQL injection risk in function 'apply_discount',app/order_service.py line 87,Static analysis found security issue,test | Build Failure | SASTFinding | SAST found SQL injection risk in function 'apply_discount' | app/order_service.py line 87 | Static analysis found security issue,TRUE,security_policy_issue
RCA_01463,Jenkins,Go,deploy,Security Scan Failure,HTTPError,HTTPError: 503 Service Unavailable from upstream service,external_api_client.py line 31,External API returned 503 during internal/service/user_service_test.go::test_payment_validation | additional context: retry attempted; cache restored; environment variables loaded; exit code 1,deploy | Security Scan Failure | HTTPError | HTTPError: 503 Service Unavailable from upstream service | external_api_client.py line 31 | External API returned 503 during internal/service/user_service_test.go::test_payment_validation | additional context: retry attempted; cache restored; environment variables loaded; exit code 1,TRUE,network_issue
RCA_00549,Azure DevOps,NodeJS,test,Build Failure,SyntaxError,SyntaxError: invalid syntax near 'return',src/routes/api.js line 105,ERROR collecting tests/priceCalculator.test.js::test_payment_validation - syntax error in source file | additional context: retry attempted; cache restored; environment variables loaded; exit code 1,test | Build Failure | SyntaxError | SyntaxError: invalid syntax near 'return' | src/routes/api.js line 105 | ERROR collecting tests/priceCalculator.test.js::test_payment_validation - syntax error in source file | additional context: retry attempted; cache restored; environment variables loaded; exit code 1,TRUE,application_defect
RCA_01044,Azure DevOps,C++,test,Deployment Failure,DNSResolutionError,Temporary failure in name resolution for host 'api.example.com',urllib3/connection.py line 84,Max retries exceeded because DNS resolution failed | additional context: retry attempted; cache restored; environment variables loaded; exit code 1,test | Deployment Failure | DNSResolutionError | Temporary failure in name resolution for host 'api.example.com' | urllib3/connection.py line 84 | Max retries exceeded because DNS resolution failed | additional context: retry attempted; cache restored; environment variables loaded; exit code 1,FALSE,network_issue
RCA_01460,Jenkins,C++,deploy,Build Failure,TimeoutError,Job exceeded maximum execution time of 600 seconds,runner/workflow.py line 47,Workflow timed out during test execution,deploy | Build Failure | TimeoutError | Job exceeded maximum execution time of 600 seconds | runner/workflow.py line 47 | Workflow timed out during test execution,FALSE,infrastructure_resource_issue
RCA_00728,GitLab CI,Java,build,Dependency Error,NameError,NameError: name 'config_pth' is not defined,src/main/java/com/demo/OrderService.java line 9 in process_order,FAILED src/test/java/com/demo/UserServiceTest.java::test_create_user - undefined variable raised from application code,build | Dependency Error | NameError | NameError: name 'config_pth' is not defined | src/main/java/com/demo/OrderService.java line 9 in process_order | FAILED src/test/java/com/demo/UserServiceTest.java::test_create_user - undefined variable raised from application code,TRUE,application_defect
RCA_01168,GitLab CI,Go,build,Security Scan Failure,TypeError,TypeError: unsupported operand type(s) for +: 'int' and 'str',internal/service/order_service.go line 136 in create_user,FAILED internal/service/user_service_test.go::test_payment_validation - type mismatch in business logic,build | Security Scan Failure | TypeError | TypeError: unsupported operand type(s) for +: 'int' and 'str' | internal/service/order_service.go line 136 in create_user | FAILED internal/service/user_service_test.go::test_payment_validation - type mismatch in business logic,TRUE,application_defect
RCA_00627,GitHub Actions,Python,build,Security Scan Failure,VersionConflict,Version conflict: required numpy==2.0.0 but installed numpy==1.4.0,dependency_check.py line 81,Dependency version mismatch in CI environment,build | Security Scan Failure | VersionConflict | Version conflict: required numpy==2.0.0 but installed numpy==1.4.0 | dependency_check.py line 81 | Dependency version mismatch in CI environment,FALSE,dependency_issue
RCA_01420,Jenkins,Python,build,Timeout,AssertionError,AssertionError: expected status 200 but got 500,app/calculator.py line 103 in calculate_total,FAILED tests/test_calculator.py::test_process_order - application returned internal server error,build | Timeout | AssertionError | AssertionError: expected status 200 but got 500 | app/calculator.py line 103 in calculate_total | FAILED tests/test_calculator.py::test_process_order - application returned internal server error,FALSE,application_defect
RCA_00381,Azure DevOps,C++,deploy,Permission Error,AssertionError,AssertionError: assert 180 == 190,tests/test_user_service.cpp line 50,FAILED tests/test_user_service.cpp::test_deploy_health - expected value in test appears outdated,deploy | Permission Error | AssertionError | AssertionError: assert 180 == 190 | tests/test_user_service.cpp line 50 | FAILED tests/test_user_service.cpp::test_deploy_health - expected value in test appears outdated,FALSE,test_script_issue
RCA_00560,Jenkins,Python,deploy,Configuration Error,HTTPError,HTTPError: 503 Service Unavailable from upstream service,external_api_client.py line 19,External API returned 503 during tests/test_calculator.py::test_deploy_health | additional context: retry attempted; cache restored; environment variables loaded; exit code 1,deploy | Configuration Error | HTTPError | HTTPError: 503 Service Unavailable from upstream service | external_api_client.py line 19 | External API returned 503 during tests/test_calculator.py::test_deploy_health | additional context: retry attempted; cache restored; environment variables loaded; exit code 1,TRUE,infrastructure_resource_issue
RCA_00289,CircleCI,Python,deploy,Configuration Error,FixtureError,fixture 'sample_user' not found,tests/test_user_service.py line 120,ERROR at setup of tests/test_user_service.py::test_payment_validation - missing test fixture,deploy | Configuration Error | FixtureError | fixture 'sample_user' not found | tests/test_user_service.py line 120 | ERROR at setup of tests/test_user_service.py::test_payment_validation - missing test fixture,FALSE,test_script_issue
RCA_00102,GitLab CI,C++,deploy,Network Error,MigrationError,Database migration failed: column 'status' already exists,migrations/2026_update.sql line 28,Deployment failed during database migration,deploy | Network Error | MigrationError | Database migration failed: column 'status' already exists | migrations/2026_update.sql line 28 | Deployment failed during database migration,TRUE,deployment_issue
RCA_00341,Jenkins,Go,build,Build Failure,HTTPError,HTTPError: 503 Service Unavailable from upstream service,external_api_client.py line 81,External API returned 503 during internal/service/user_service_test.go::test_payment_validation,build | Build Failure | HTTPError | HTTPError: 503 Service Unavailable from upstream service | external_api_client.py line 81 | External API returned 503 during internal/service/user_service_test.go::test_payment_validation,TRUE,environment_config_issue
RCA_00681,Azure DevOps,Java,test,Resource Exhaustion,NameError,NameError: name 'total_amunt' is not defined,src/main/java/com/demo/OrderService.java line 57 in calculate_total,FAILED src/test/java/com/demo/UserServiceTest.java::test_calculate_total - undefined variable raised from application code,test | Resource Exhaustion | NameError | NameError: name 'total_amunt' is not defined | src/main/java/com/demo/OrderService.java line 57 in calculate_total | FAILED src/test/java/com/demo/UserServiceTest.java::test_calculate_total - undefined variable raised from application code,TRUE,application_defect
RCA_00659,CircleCI,C++,deploy,Timeout,DependencyResolutionError,Could not resolve dependency 'lodash>=2.0.0',package_manager.py line 83,Dependency resolver failed during install step | additional context: retry attempted; cache restored; environment variables loaded; exit code 1,deploy | Timeout | DependencyResolutionError | Could not resolve dependency 'lodash>=2.0.0' | package_manager.py line 83 | Dependency resolver failed during install step | additional context: retry attempted; cache restored; environment variables loaded; exit code 1,TRUE,dependency_issue
RCA_01351,GitHub Actions,NodeJS,build,Deployment Failure,OSError,OSError: [Errno 28] No space left on device,runner/cache.py line 108,Disk full while restoring cache or building image,build | Deployment Failure | OSError | OSError: [Errno 28] No space left on device | runner/cache.py line 108 | Disk full while restoring cache or building image,TRUE,network_issue
RCA_00953,Jenkins,Java,deploy,Permission Error,AssertionError,AssertionError: assert 180 == 190,src/test/java/com/demo/OrderServiceTest.java line 46,FAILED src/test/java/com/demo/OrderServiceTest.java::test_deploy_health - expected value in test appears outdated,deploy | Permission Error | AssertionError | AssertionError: assert 180 == 190 | src/test/java/com/demo/OrderServiceTest.java line 46 | FAILED src/test/java/com/demo/OrderServiceTest.java::test_deploy_health - expected value in test appears outdated,FALSE,test_script_issue
RCA_01014,Azure DevOps,Rust,deploy,Configuration Error,KeyError,KeyError: 'APP_ENV',app/config.py line 116 in load_config,Missing environment variable in CI runner,deploy | Configuration Error | KeyError | KeyError: 'APP_ENV' | app/config.py line 116 in load_config | Missing environment variable in CI runner,FALSE,dependency_issue
RCA_00296,Jenkins,Rust,build,Deployment Failure,TimeoutError,TimeoutError: waiting for element 'button.save' exceeded 10 seconds,tests/order_service_test.rs line 133,FAILED tests/order_service_test.rs::test_create_user - UI locator or wait condition is unstable,build | Deployment Failure | TimeoutError | TimeoutError: waiting for element 'button.save' exceeded 10 seconds | tests/order_service_test.rs line 133 | FAILED tests/order_service_test.rs::test_create_user - UI locator or wait condition is unstable,FALSE,test_script_issue
RCA_00951,GitHub Actions,Java,build,Deployment Failure,ModuleNotFoundError,ModuleNotFoundError: No module named 'gin-gonic',src/test/java/com/demo/OrderServiceTest.java line 18,ImportError while importing test module because dependency gin-gonic is missing,build | Deployment Failure | ModuleNotFoundError | ModuleNotFoundError: No module named 'gin-gonic' | src/test/java/com/demo/OrderServiceTest.java line 18 | ImportError while importing test module because dependency gin-gonic is missing,FALSE,dependency_issue
RCA_01210,CircleCI,Java,build,Dependency Error,AssertionError,AssertionError: expected status 200 but got 500,src/main/java/com/demo/UserService.java line 66 in get_user_profile,FAILED src/test/java/com/demo/UserServiceTest.java::test_create_user - application returned internal server error,build | Dependency Error | AssertionError | AssertionError: expected status 200 but got 500 | src/main/java/com/demo/UserService.java line 66 in get_user_profile | FAILED src/test/java/com/demo/UserServiceTest.java::test_create_user - application returned internal server error,FALSE,application_defect
RCA_00777,Jenkins,Go,test,Test Failure,FileNotFoundError,FileNotFoundError: config/test_config.json not found,app/config.py line 58,Configuration file path does not exist in CI environment,test | Test Failure | FileNotFoundError | FileNotFoundError: config/test_config.json not found | app/config.py line 58 | Configuration file path does not exist in CI environment,FALSE,environment_config_issue
RCA_00107,CircleCI,Go,deploy,Test Failure,KeyError,KeyError: 'SERVICE_URL',app/config.py line 119 in load_config,Missing environment variable in CI runner,deploy | Test Failure | KeyError | KeyError: 'SERVICE_URL' | app/config.py line 119 in load_config | Missing environment variable in CI runner,FALSE,environment_config_issue
RCA_00156,Jenkins,Python,test,Configuration Error,FixtureError,fixture 'sample_user' not found,tests/test_user_service.py line 9,ERROR at setup of tests/test_user_service.py::test_calculate_total - missing test fixture,test | Configuration Error | FixtureError | fixture 'sample_user' not found | tests/test_user_service.py line 9 | ERROR at setup of tests/test_user_service.py::test_calculate_total - missing test fixture,TRUE,test_script_issue
RCA_01227,GitLab CI,Rust,test,Permission Error,ConnectionTimeout,ConnectionTimeout: request timed out after 30 seconds,external_api_client.py line 9,External service call timed out while running tests/user_service_test.rs::test_payment_validation,test | Permission Error | ConnectionTimeout | ConnectionTimeout: request timed out after 30 seconds | external_api_client.py line 9 | External service call timed out while running tests/user_service_test.rs::test_payment_validation,TRUE,network_issue
RCA_01103,Azure DevOps,Python,deploy,Build Failure,OSError,OSError: [Errno 28] No space left on device,runner/cache.py line 53,Disk full while restoring cache or building image,deploy | Build Failure | OSError | OSError: [Errno 28] No space left on device | runner/cache.py line 53 | Disk full while restoring cache or building image,TRUE,infrastructure_resource_issue
RCA_00822,Azure DevOps,C++,deploy,Resource Exhaustion,KeyError,KeyError: 'DATABASE_URL',app/config.py line 137 in load_config,Missing environment variable in CI runner | additional context: retry attempted; cache restored; environment variables loaded; exit code 1,deploy | Resource Exhaustion | KeyError | KeyError: 'DATABASE_URL' | app/config.py line 137 in load_config | Missing environment variable in CI runner | additional context: retry attempted; cache restored; environment variables loaded; exit code 1,TRUE,environment_config_issue
RCA_00674,GitHub Actions,Go,build,Resource Exhaustion,ModuleNotFoundError,ModuleNotFoundError: No module named 'gin-gonic',internal/service/order_service_test.go line 101,ImportError while importing test module because dependency gin-gonic is missing,build | Resource Exhaustion | ModuleNotFoundError | ModuleNotFoundError: No module named 'gin-gonic' | internal/service/order_service_test.go line 101 | ImportError while importing test module because dependency gin-gonic is missing,TRUE,dependency_issue
RCA_00069,Azure DevOps,Java,build,Network Error,TimeoutError,TimeoutError: waiting for element '#submit-button' exceeded 10 seconds,src/test/java/com/demo/OrderServiceTest.java line 7,FAILED src/test/java/com/demo/OrderServiceTest.java::test_calculate_total - UI locator or wait condition is unstable,build | Network Error | TimeoutError | TimeoutError: waiting for element '#submit-button' exceeded 10 seconds | src/test/java/com/demo/OrderServiceTest.java line 7 | FAILED src/test/java/com/demo/OrderServiceTest.java::test_calculate_total - UI locator or wait condition is unstable,TRUE,test_script_issue
RCA_01300,Azure DevOps,NodeJS,deploy,Configuration Error,AssertionError,AssertionError: expected status 200 but got 500,src/services/orderService.js line 65 in get_user_profile,FAILED tests/priceCalculator.test.js::test_create_user - application returned internal server error,deploy | Configuration Error | AssertionError | AssertionError: expected status 200 but got 500 | src/services/orderService.js line 65 in get_user_profile | FAILED tests/priceCalculator.test.js::test_create_user - application returned internal server error,TRUE,application_defect
RCA_00593,CircleCI,Rust,build,Permission Error,FileNotFoundError,FileNotFoundError: config/test_config.json not found,app/config.py line 60,Configuration file path does not exist in CI environment,build | Permission Error | FileNotFoundError | FileNotFoundError: config/test_config.json not found | app/config.py line 60 | Configuration file path does not exist in CI environment,FALSE,environment_config_issue
RCA_00618,Azure DevOps,Go,deploy,Configuration Error,ConnectionTimeout,ConnectionTimeout: request timed out after 30 seconds,external_api_client.py line 30,External service call timed out while running internal/service/order_service_test.go::test_deploy_health,deploy | Configuration Error | ConnectionTimeout | ConnectionTimeout: request timed out after 30 seconds | external_api_client.py line 30 | External service call timed out while running internal/service/order_service_test.go::test_deploy_health,TRUE,environment_config_issue
RCA_00180,GitLab CI,Java,deploy,Security Scan Failure,AssertionError,AssertionError: expected status 200 but got 500,src/main/java/com/demo/UserService.java line 81 in create_user,FAILED src/test/java/com/demo/UserServiceTest.java::test_deploy_health - application returned internal server error,deploy | Security Scan Failure | AssertionError | AssertionError: expected status 200 but got 500 | src/main/java/com/demo/UserService.java line 81 in create_user | FAILED src/test/java/com/demo/UserServiceTest.java::test_deploy_health - application returned internal server error,FALSE,application_defect
RCA_00908,CircleCI,Go,test,Test Failure,ConnectionTimeout,ConnectionTimeout: request timed out after 60 seconds,external_api_client.py line 38,External service call timed out while running internal/service/order_service_test.go::test_api_response,test | Test Failure | ConnectionTimeout | ConnectionTimeout: request timed out after 60 seconds | external_api_client.py line 38 | External service call timed out while running internal/service/order_service_test.go::test_api_response,TRUE,network_issue
RCA_00493,GitLab CI,Rust,build,Deployment Failure,MemoryError,MemoryError: process killed because memory limit was exceeded,runner/executor.py line 94,CI job exceeded memory limit during test execution,build | Deployment Failure | MemoryError | MemoryError: process killed because memory limit was exceeded | runner/executor.py line 94 | CI job exceeded memory limit during test execution,TRUE,infrastructure_resource_issue
RCA_01239,GitLab CI,Java,build,Deployment Failure,TimeoutError,TimeoutError: waiting for element '#submit-button' exceeded 10 seconds,src/test/java/com/demo/UserServiceTest.java line 98,FAILED src/test/java/com/demo/UserServiceTest.java::test_process_order - UI locator or wait condition is unstable,build | Deployment Failure | TimeoutError | TimeoutError: waiting for element '#submit-button' exceeded 10 seconds | src/test/java/com/demo/UserServiceTest.java line 98 | FAILED src/test/java/com/demo/UserServiceTest.java::test_process_order - UI locator or wait condition is unstable,FALSE,test_script_issue
RCA_00965,Jenkins,NodeJS,build,Test Failure,ModuleNotFoundError,ModuleNotFoundError: No module named 'serde',tests/orderService.test.js line 80,ImportError while importing test module because dependency serde is missing,build | Test Failure | ModuleNotFoundError | ModuleNotFoundError: No module named 'serde' | tests/orderService.test.js line 80 | ImportError while importing test module because dependency serde is missing,TRUE,dependency_issue
RCA_00701,GitHub Actions,NodeJS,deploy,Network Error,PermissionError,PermissionError: cannot write to reports/output.json,app/report.py line 29,CI runner cannot write to report output directory,deploy | Network Error | PermissionError | PermissionError: cannot write to reports/output.json | app/report.py line 29 | CI runner cannot write to report output directory,TRUE,environment_config_issue
RCA_01491,GitLab CI,Python,build,Timeout,AssertionError,AssertionError: assert 180 == 190,tests/test_order_service.py line 116,FAILED tests/test_order_service.py::test_api_response - expected value in test appears outdated,build | Timeout | AssertionError | AssertionError: assert 180 == 190 | tests/test_order_service.py line 116 | FAILED tests/test_order_service.py::test_api_response - expected value in test appears outdated,FALSE,test_script_issue
RCA_00827,GitLab CI,C++,deploy,Configuration Error,SecretDetected,Secret scanning detected possible credential in 'src/order_service.cpp',security/scanner.py line 122,Secret detected by repository scan policy,deploy | Configuration Error | SecretDetected | Secret scanning detected possible credential in 'src/order_service.cpp' | security/scanner.py line 122 | Secret detected by repository scan policy,TRUE,deployment_issue
RCA_00716,GitLab CI,Python,deploy,Security Scan Failure,ModuleNotFoundError,ModuleNotFoundError: No module named 'serde',tests/test_payment_service.py line 114,ImportError while importing test module because dependency serde is missing,deploy | Security Scan Failure | ModuleNotFoundError | ModuleNotFoundError: No module named 'serde' | tests/test_payment_service.py line 114 | ImportError while importing test module because dependency serde is missing,FALSE,application_defect
RCA_00157,Azure DevOps,Rust,build,Dependency Error,ImportError,ImportError: cannot import name 'create_users' from application module,tests/order_service_test.rs line 18,ERROR collecting tests/order_service_test.rs::test_api_response - test imports old function name,build | Dependency Error | ImportError | ImportError: cannot import name 'create_users' from application module | tests/order_service_test.rs line 18 | ERROR collecting tests/order_service_test.rs::test_api_response - test imports old function name,TRUE,test_script_issue
RCA_00712,CircleCI,C++,build,Resource Exhaustion,DependencyResolutionError,Could not resolve dependency 'requests>=2.0.0',package_manager.py line 10,Dependency resolver failed during install step,build | Resource Exhaustion | DependencyResolutionError | Could not resolve dependency 'requests>=2.0.0' | package_manager.py line 10 | Dependency resolver failed during install step,FALSE,dependency_issue
RCA_00767,Azure DevOps,NodeJS,build,Resource Exhaustion,KeyError,KeyError: 'APP_ENV',app/config.py line 83 in load_config,Missing environment variable in CI runner,build | Resource Exhaustion | KeyError | KeyError: 'APP_ENV' | app/config.py line 83 in load_config | Missing environment variable in CI runner,TRUE,environment_config_issue
RCA_00145,Jenkins,Go,test,Permission Error,KeyError,KeyError: 'APP_ENV',app/config.py line 77 in load_config,Missing environment variable in CI runner,test | Permission Error | KeyError | KeyError: 'APP_ENV' | app/config.py line 77 in load_config | Missing environment variable in CI runner,FALSE,application_defect
RCA_01072,Azure DevOps,Go,test,Configuration Error,TimeoutError,TimeoutError: waiting for element 'input[name=email]' exceeded 10 seconds,internal/service/user_service_test.go line 30,FAILED internal/service/user_service_test.go::test_calculate_total - UI locator or wait condition is unstable | additional context: retry attempted; cache restored; environment variables loaded; exit code 1,test | Configuration Error | TimeoutError | TimeoutError: waiting for element 'input[name=email]' exceeded 10 seconds | internal/service/user_service_test.go line 30 | FAILED internal/service/user_service_test.go::test_calculate_total - UI locator or wait condition is unstable | additional context: retry attempted; cache restored; environment variables loaded; exit code 1,TRUE,application_defect
RCA_01462,CircleCI,C++,build,Deployment Failure,HTTPError,HTTPError: 503 Service Unavailable from upstream service,external_api_client.py line 39,External API returned 503 during tests/test_user_service.cpp::test_apply_discount,build | Deployment Failure | HTTPError | HTTPError: 503 Service Unavailable from upstream service | external_api_client.py line 39 | External API returned 503 during tests/test_user_service.cpp::test_apply_discount,TRUE,network_issue
RCA_00155,GitLab CI,C++,build,Timeout,ConnectionTimeout,ConnectionTimeout: request timed out after 60 seconds,external_api_client.py line 109,External service call timed out while running tests/test_user_service.cpp::test_deploy_health,build | Timeout | ConnectionTimeout | ConnectionTimeout: request timed out after 60 seconds | external_api_client.py line 109 | External service call timed out while running tests/test_user_service.cpp::test_deploy_health,FALSE,network_issue
RCA_00630,GitHub Actions,Go,build,Configuration Error,SyntaxError,SyntaxError: invalid syntax near 'return',internal/service/order_service.go line 125,ERROR collecting internal/service/user_service_test.go::test_payment_validation - syntax error in source file,build | Configuration Error | SyntaxError | SyntaxError: invalid syntax near 'return' | internal/service/order_service.go line 125 | ERROR collecting internal/service/user_service_test.go::test_payment_validation - syntax error in source file,FALSE,application_defect
RCA_00492,CircleCI,Rust,test,Resource Exhaustion,TimeoutError,TimeoutError: waiting for element '#checkout-confirm' exceeded 10 seconds,tests/user_service_test.rs line 84,FAILED tests/user_service_test.rs::test_create_user - UI locator or wait condition is unstable | additional context: retry attempted; cache restored; environment variables loaded; exit code 1,test | Resource Exhaustion | TimeoutError | TimeoutError: waiting for element '#checkout-confirm' exceeded 10 seconds | tests/user_service_test.rs line 84 | FAILED tests/user_service_test.rs::test_create_user - UI locator or wait condition is unstable | additional context: retry attempted; cache restored; environment variables loaded; exit code 1,TRUE,application_defect
RCA_00027,GitHub Actions,Java,test,Deployment Failure,AssertionError,AssertionError: expected status 200 but got 500,src/main/java/com/demo/UserService.java line 39 in get_user_profile,FAILED src/test/java/com/demo/OrderServiceTest.java::test_calculate_total - application returned internal server error,test | Deployment Failure | AssertionError | AssertionError: expected status 200 but got 500 | src/main/java/com/demo/UserService.java line 39 in get_user_profile | FAILED src/test/java/com/demo/OrderServiceTest.java::test_calculate_total - application returned internal server error,FALSE,application_defect
RCA_00924,GitLab CI,C++,deploy,Permission Error,AssertionError,AssertionError: assert 180 == 190,tests/test_order_service.cpp line 54,FAILED tests/test_order_service.cpp::test_create_user - expected value in test appears outdated | additional context: retry attempted; cache restored; environment variables loaded; exit code 1,deploy | Permission Error | AssertionError | AssertionError: assert 180 == 190 | tests/test_order_service.cpp line 54 | FAILED tests/test_order_service.cpp::test_create_user - expected value in test appears outdated | additional context: retry attempted; cache restored; environment variables loaded; exit code 1,FALSE,application_defect
RCA_00668,Jenkins,Python,deploy,Resource Exhaustion,FixtureError,fixture 'sample_user' not found,tests/test_calculator.py line 54,ERROR at setup of tests/test_calculator.py::test_payment_validation - missing test fixture,deploy | Resource Exhaustion | FixtureError | fixture 'sample_user' not found | tests/test_calculator.py line 54 | ERROR at setup of tests/test_calculator.py::test_payment_validation - missing test fixture,TRUE,test_script_issue
RCA_00438,GitLab CI,Rust,build,Configuration Error,AssertionError,AssertionError: expected status 200 but got 500,src/main.rs line 101 in validate_payment,FAILED tests/order_service_test.rs::test_payment_validation - application returned internal server error,build | Configuration Error | AssertionError | AssertionError: expected status 200 but got 500 | src/main.rs line 101 in validate_payment | FAILED tests/order_service_test.rs::test_payment_validation - application returned internal server error,TRUE,application_defect
RCA_00973,Jenkins,C++,deploy,Configuration Error,TimeoutError,TimeoutError: waiting for element '#submit-button' exceeded 10 seconds,tests/test_order_service.cpp line 82,FAILED tests/test_order_service.cpp::test_deploy_health - UI locator or wait condition is unstable,deploy | Configuration Error | TimeoutError | TimeoutError: waiting for element '#submit-button' exceeded 10 seconds | tests/test_order_service.cpp line 82 | FAILED tests/test_order_service.cpp::test_deploy_health - UI locator or wait condition is unstable,FALSE,test_script_issue
RCA_00835,GitLab CI,Java,deploy,Build Failure,FileNotFoundError,FileNotFoundError: config/test_config.json not found,app/config.py line 75,Configuration file path does not exist in CI environment,deploy | Build Failure | FileNotFoundError | FileNotFoundError: config/test_config.json not found | app/config.py line 75 | Configuration file path does not exist in CI environment,TRUE,environment_config_issue
RCA_00913,Jenkins,Python,build,Build Failure,VersionConflict,Version conflict: required numpy==2.0.0 but installed numpy==1.4.0,dependency_check.py line 59,Dependency version mismatch in CI environment,build | Build Failure | VersionConflict | Version conflict: required numpy==2.0.0 but installed numpy==1.4.0 | dependency_check.py line 59 | Dependency version mismatch in CI environment,FALSE,dependency_issue
RCA_00413,CircleCI,Rust,build,Deployment Failure,ModuleNotFoundError,ModuleNotFoundError: No module named 'requests',tests/order_service_test.rs line 83,ImportError while importing test module because dependency requests is missing | additional context: retry attempted; cache restored; environment variables loaded; exit code 1,build | Deployment Failure | ModuleNotFoundError | ModuleNotFoundError: No module named 'requests' | tests/order_service_test.rs line 83 | ImportError while importing test module because dependency requests is missing | additional context: retry attempted; cache restored; environment variables loaded; exit code 1,FALSE,environment_config_issue
RCA_00295,CircleCI,Java,test,Test Failure,DependencyResolutionError,Could not resolve dependency 'requests>=2.0.0',package_manager.py line 95,Dependency resolver failed during install step,test | Test Failure | DependencyResolutionError | Could not resolve dependency 'requests>=2.0.0' | package_manager.py line 95 | Dependency resolver failed during install step,FALSE,dependency_issue
RCA_00756,Azure DevOps,Java,test,Timeout,DNSResolutionError,Temporary failure in name resolution for host 'pypi.org',urllib3/connection.py line 16,Max retries exceeded because DNS resolution failed,test | Timeout | DNSResolutionError | Temporary failure in name resolution for host 'pypi.org' | urllib3/connection.py line 16 | Max retries exceeded because DNS resolution failed,FALSE,network_issue
RCA_01371,Jenkins,Go,deploy,Security Scan Failure,ConnectionTimeout,ConnectionTimeout: request timed out after 60 seconds,external_api_client.py line 128,External service call timed out while running internal/service/order_service_test.go::test_apply_discount,deploy | Security Scan Failure | ConnectionTimeout | ConnectionTimeout: request timed out after 60 seconds | external_api_client.py line 128 | External service call timed out while running internal/service/order_service_test.go::test_apply_discount,FALSE,network_issue
RCA_00899,GitHub Actions,Python,deploy,Security Scan Failure,DependencyResolutionError,Could not resolve dependency 'fastapi>=2.0.0',package_manager.py line 17,Dependency resolver failed during install step,deploy | Security Scan Failure | DependencyResolutionError | Could not resolve dependency 'fastapi>=2.0.0' | package_manager.py line 17 | Dependency resolver failed during install step,FALSE,dependency_issue
RCA_00013,GitHub Actions,NodeJS,build,Build Failure,SecretDetected,Secret scanning detected possible credential in 'src/utils/priceCalculator.js',security/scanner.py line 97,Secret detected by repository scan policy | additional context: retry attempted; cache restored; environment variables loaded; exit code 1,build | Build Failure | SecretDetected | Secret scanning detected possible credential in 'src/utils/priceCalculator.js' | security/scanner.py line 97 | Secret detected by repository scan policy | additional context: retry attempted; cache restored; environment variables loaded; exit code 1,TRUE,security_policy_issue
RCA_00109,Jenkins,NodeJS,build,Deployment Failure,NameError,NameError: name 'usr_id' is not defined,src/controllers/userController.js line 89 in process_order,FAILED tests/userController.test.js::test_process_order - undefined variable raised from application code,build | Deployment Failure | NameError | NameError: name 'usr_id' is not defined | src/controllers/userController.js line 89 in process_order | FAILED tests/userController.test.js::test_process_order - undefined variable raised from application code,FALSE,application_defect
RCA_01043,GitLab CI,Rust,deploy,Network Error,ConnectionTimeout,ConnectionTimeout: request timed out after 60 seconds,external_api_client.py line 121,External service call timed out while running tests/order_service_test.rs::test_calculate_total,deploy | Network Error | ConnectionTimeout | ConnectionTimeout: request timed out after 60 seconds | external_api_client.py line 121 | External service call timed out while running tests/order_service_test.rs::test_calculate_total,TRUE,environment_config_issue
RCA_00063,Jenkins,NodeJS,build,Network Error,ConnectionTimeout,ConnectionTimeout: request timed out after 30 seconds,external_api_client.py line 32,External service call timed out while running tests/priceCalculator.test.js::test_create_user,build | Network Error | ConnectionTimeout | ConnectionTimeout: request timed out after 30 seconds | external_api_client.py line 32 | External service call timed out while running tests/priceCalculator.test.js::test_create_user,FALSE,network_issue
RCA_00423,Azure DevOps,Go,build,Configuration Error,TimeoutError,TimeoutError: waiting for element '#submit-button' exceeded 10 seconds,internal/service/user_service_test.go line 61,FAILED internal/service/user_service_test.go::test_payment_validation - UI locator or wait condition is unstable | additional context: retry attempted; cache restored; environment variables loaded; exit code 1,build | Configuration Error | TimeoutError | TimeoutError: waiting for element '#submit-button' exceeded 10 seconds | internal/service/user_service_test.go line 61 | FAILED internal/service/user_service_test.go::test_payment_validation - UI locator or wait condition is unstable | additional context: retry attempted; cache restored; environment variables loaded; exit code 1,FALSE,test_script_issue
RCA_01174,Jenkins,Java,test,Network Error,DNSResolutionError,Temporary failure in name resolution for host 'auth.service.local',urllib3/connection.py line 95,Max retries exceeded because DNS resolution failed,test | Network Error | DNSResolutionError | Temporary failure in name resolution for host 'auth.service.local' | urllib3/connection.py line 95 | Max retries exceeded because DNS resolution failed,TRUE,network_issue
RCA_00967,GitHub Actions,Rust,test,Deployment Failure,MemoryError,MemoryError: process killed because memory limit was exceeded,runner/executor.py line 48,CI job exceeded memory limit during test execution | additional context: retry attempted; cache restored; environment variables loaded; exit code 1,test | Deployment Failure | MemoryError | MemoryError: process killed because memory limit was exceeded | runner/executor.py line 48 | CI job exceeded memory limit during test execution | additional context: retry attempted; cache restored; environment variables loaded; exit code 1,FALSE,infrastructure_resource_issue
RCA_00487,Jenkins,Go,test,Permission Error,SASTFinding,SAST found SQL injection risk in function 'apply_discount',internal/config/config.go line 121,Static analysis found security issue,test | Permission Error | SASTFinding | SAST found SQL injection risk in function 'apply_discount' | internal/config/config.go line 121 | Static analysis found security issue,TRUE,security_policy_issue
RCA_00890,CircleCI,NodeJS,test,Timeout,FixtureError,fixture 'sample_user' not found,tests/priceCalculator.test.js line 137,ERROR at setup of tests/priceCalculator.test.js::test_api_response - missing test fixture | additional context: retry attempted; cache restored; environment variables loaded; exit code 1,test | Timeout | FixtureError | fixture 'sample_user' not found | tests/priceCalculator.test.js line 137 | ERROR at setup of tests/priceCalculator.test.js::test_api_response - missing test fixture | additional context: retry attempted; cache restored; environment variables loaded; exit code 1,TRUE,application_defect
RCA_00218,GitHub Actions,NodeJS,test,Permission Error,VersionConflict,Version conflict: required fastapi==2.0.0 but installed fastapi==1.4.0,dependency_check.py line 81,Dependency version mismatch in CI environment,test | Permission Error | VersionConflict | Version conflict: required fastapi==2.0.0 but installed fastapi==1.4.0 | dependency_check.py line 81 | Dependency version mismatch in CI environment,TRUE,security_policy_issue
RCA_00525,CircleCI,Go,build,Permission Error,FixtureError,fixture 'sample_user' not found,internal/service/order_service_test.go line 15,ERROR at setup of internal/service/order_service_test.go::test_process_order - missing test fixture,build | Permission Error | FixtureError | fixture 'sample_user' not found | internal/service/order_service_test.go line 15 | ERROR at setup of internal/service/order_service_test.go::test_process_order - missing test fixture,TRUE,test_script_issue
RCA_00148,CircleCI,Go,build,Security Scan Failure,TypeError,TypeError: unsupported operand type(s) for +: 'int' and 'str',cmd/api/main.go line 135 in create_user,FAILED internal/service/order_service_test.go::test_api_response - type mismatch in business logic,build | Security Scan Failure | TypeError | TypeError: unsupported operand type(s) for +: 'int' and 'str' | cmd/api/main.go line 135 in create_user | FAILED internal/service/order_service_test.go::test_api_response - type mismatch in business logic,TRUE,application_defect
RCA_00461,GitLab CI,Python,build,Configuration Error,KeyError,KeyError: 'APP_ENV',app/config.py line 45 in load_config,Missing environment variable in CI runner,build | Configuration Error | KeyError | KeyError: 'APP_ENV' | app/config.py line 45 in load_config | Missing environment variable in CI runner,FALSE,environment_config_issue
RCA_00479,GitHub Actions,NodeJS,deploy,Network Error,DNSResolutionError,Temporary failure in name resolution for host 'auth.service.local',urllib3/connection.py line 42,Max retries exceeded because DNS resolution failed,deploy | Network Error | DNSResolutionError | Temporary failure in name resolution for host 'auth.service.local' | urllib3/connection.py line 42 | Max retries exceeded because DNS resolution failed,FALSE,infrastructure_resource_issue
RCA_01286,Jenkins,NodeJS,deploy,Build Failure,TypeError,TypeError: unsupported operand type(s) for +: 'int' and 'str',src/utils/priceCalculator.js line 86 in get_user_profile,FAILED tests/userController.test.js::test_api_response - type mismatch in business logic,deploy | Build Failure | TypeError | TypeError: unsupported operand type(s) for +: 'int' and 'str' | src/utils/priceCalculator.js line 86 in get_user_profile | FAILED tests/userController.test.js::test_api_response - type mismatch in business logic,FALSE,application_defect
RCA_00769,CircleCI,Rust,deploy,Resource Exhaustion,NameError,NameError: name 'total_amunt' is not defined,src/order_service.rs line 77 in validate_payment,FAILED tests/user_service_test.rs::test_create_user - undefined variable raised from application code,deploy | Resource Exhaustion | NameError | NameError: name 'total_amunt' is not defined | src/order_service.rs line 77 in validate_payment | FAILED tests/user_service_test.rs::test_create_user - undefined variable raised from application code,FALSE,application_defect
RCA_00399,Jenkins,Java,test,Resource Exhaustion,OSError,OSError: [Errno 28] No space left on device,runner/cache.py line 102,Disk full while restoring cache or building image,test | Resource Exhaustion | OSError | OSError: [Errno 28] No space left on device | runner/cache.py line 102 | Disk full while restoring cache or building image,FALSE,infrastructure_resource_issue
RCA_01430,Jenkins,C++,deploy,Configuration Error,ModuleNotFoundError,ModuleNotFoundError: No module named 'spring-core',tests/test_order_service.cpp line 96,ImportError while importing test module because dependency spring-core is missing,deploy | Configuration Error | ModuleNotFoundError | ModuleNotFoundError: No module named 'spring-core' | tests/test_order_service.cpp line 96 | ImportError while importing test module because dependency spring-core is missing,FALSE,environment_config_issue
RCA_00790,GitLab CI,NodeJS,deploy,Permission Error,KeyError,KeyError: 'DATABASE_URL',app/config.py line 92 in load_config,Missing environment variable in CI runner,deploy | Permission Error | KeyError | KeyError: 'DATABASE_URL' | app/config.py line 92 in load_config | Missing environment variable in CI runner,FALSE,environment_config_issue
RCA_01104,GitLab CI,NodeJS,build,Resource Exhaustion,VersionConflict,Version conflict: required junit==2.0.0 but installed junit==1.4.0,dependency_check.py line 77,Dependency version mismatch in CI environment,build | Resource Exhaustion | VersionConflict | Version conflict: required junit==2.0.0 but installed junit==1.4.0 | dependency_check.py line 77 | Dependency version mismatch in CI environment,FALSE,dependency_issue
RCA_00300,GitLab CI,Java,test,Test Failure,FileNotFoundError,FileNotFoundError: config/test_config.json not found,app/config.py line 125,Configuration file path does not exist in CI environment,test | Test Failure | FileNotFoundError | FileNotFoundError: config/test_config.json not found | app/config.py line 125 | Configuration file path does not exist in CI environment,TRUE,deployment_issue
RCA_00932,Jenkins,Rust,build,Dependency Error,FileNotFoundError,FileNotFoundError: config/test_config.json not found,app/config.py line 5,Configuration file path does not exist in CI environment,build | Dependency Error | FileNotFoundError | FileNotFoundError: config/test_config.json not found | app/config.py line 5 | Configuration file path does not exist in CI environment,FALSE,application_defect
RCA_00544,Jenkins,C++,deploy,Dependency Error,OSError,OSError: [Errno 28] No space left on device,runner/cache.py line 79,Disk full while restoring cache or building image,deploy | Dependency Error | OSError | OSError: [Errno 28] No space left on device | runner/cache.py line 79 | Disk full while restoring cache or building image,FALSE,infrastructure_resource_issue
RCA_00983,CircleCI,Python,test,Timeout,MigrationError,Database migration failed: column 'status' already exists,migrations/2026_update.sql line 22,Deployment failed during database migration,test | Timeout | MigrationError | Database migration failed: column 'status' already exists | migrations/2026_update.sql line 22 | Deployment failed during database migration,FALSE,environment_config_issue
RCA_00462,Azure DevOps,Java,build,Security Scan Failure,MigrationError,Database migration failed: column 'status' already exists,migrations/2026_update.sql line 15,Deployment failed during database migration,build | Security Scan Failure | MigrationError | Database migration failed: column 'status' already exists | migrations/2026_update.sql line 15 | Deployment failed during database migration,TRUE,deployment_issue
RCA_00612,GitHub Actions,Java,deploy,Timeout,OSError,OSError: [Errno 28] No space left on device,runner/cache.py line 120,Disk full while restoring cache or building image | additional context: retry attempted; cache restored; environment variables loaded; exit code 1,deploy | Timeout | OSError | OSError: [Errno 28] No space left on device | runner/cache.py line 120 | Disk full while restoring cache or building image | additional context: retry attempted; cache restored; environment variables loaded; exit code 1,TRUE,infrastructure_resource_issue
RCA_00649,GitHub Actions,Rust,deploy,Configuration Error,DNSResolutionError,Temporary failure in name resolution for host 'registry.npmjs.org',urllib3/connection.py line 115,Max retries exceeded because DNS resolution failed,deploy | Configuration Error | DNSResolutionError | Temporary failure in name resolution for host 'registry.npmjs.org' | urllib3/connection.py line 115 | Max retries exceeded because DNS resolution failed,FALSE,network_issue
RCA_01470,Jenkins,C++,deploy,Dependency Error,TypeError,TypeError: unsupported operand type(s) for +: 'int' and 'str',src/main.cpp line 77 in create_user,FAILED tests/test_order_service.cpp::test_payment_validation - type mismatch in business logic,deploy | Dependency Error | TypeError | TypeError: unsupported operand type(s) for +: 'int' and 'str' | src/main.cpp line 77 in create_user | FAILED tests/test_order_service.cpp::test_payment_validation - type mismatch in business logic,TRUE,application_defect
RCA_00531,Azure DevOps,Go,build,Dependency Error,DependencyResolutionError,Could not resolve dependency 'fastapi>=2.0.0',package_manager.py line 49,Dependency resolver failed during install step,build | Dependency Error | DependencyResolutionError | Could not resolve dependency 'fastapi>=2.0.0' | package_manager.py line 49 | Dependency resolver failed during install step,TRUE,dependency_issue
RCA_00199,GitLab CI,Java,build,Dependency Error,FileNotFoundError,FileNotFoundError: config/test_config.json not found,app/config.py line 14,Configuration file path does not exist in CI environment,build | Dependency Error | FileNotFoundError | FileNotFoundError: config/test_config.json not found | app/config.py line 14 | Configuration file path does not exist in CI environment,TRUE,environment_config_issue
RCA_01097,Azure DevOps,NodeJS,deploy,Dependency Error,KeyError,KeyError: 'SECRET_KEY',app/config.py line 41 in load_config,Missing environment variable in CI runner,deploy | Dependency Error | KeyError | KeyError: 'SECRET_KEY' | app/config.py line 41 in load_config | Missing environment variable in CI runner,FALSE,environment_config_issue
RCA_01077,Jenkins,NodeJS,deploy,Timeout,ImagePullBackOff,ImagePullBackOff: failed to pull image 'ghcr.io/org/payment-service:sha-1234',kubernetes/deploy.yaml line 23,Deployment failed because container image could not be pulled,deploy | Timeout | ImagePullBackOff | ImagePullBackOff: failed to pull image 'ghcr.io/org/payment-service:sha-1234' | kubernetes/deploy.yaml line 23 | Deployment failed because container image could not be pulled,TRUE,network_issue
RCA_00658,Azure DevOps,Java,build,Configuration Error,ModuleNotFoundError,ModuleNotFoundError: No module named 'numpy',src/test/java/com/demo/OrderServiceTest.java line 136,ImportError while importing test module because dependency numpy is missing | additional context: retry attempted; cache restored; environment variables loaded; exit code 1,build | Configuration Error | ModuleNotFoundError | ModuleNotFoundError: No module named 'numpy' | src/test/java/com/demo/OrderServiceTest.java line 136 | ImportError while importing test module because dependency numpy is missing | additional context: retry attempted; cache restored; environment variables loaded; exit code 1,FALSE,dependency_issue
RCA_00888,Azure DevOps,Python,build,Build Failure,TimeoutError,Job exceeded maximum execution time of 600 seconds,runner/workflow.py line 65,Workflow timed out during test execution,build | Build Failure | TimeoutError | Job exceeded maximum execution time of 600 seconds | runner/workflow.py line 65 | Workflow timed out during test execution,TRUE,infrastructure_resource_issue
RCA_00516,Jenkins,Rust,build,Permission Error,TimeoutError,TimeoutError: waiting for element 'button.save' exceeded 10 seconds,tests/order_service_test.rs line 56,FAILED tests/order_service_test.rs::test_apply_discount - UI locator or wait condition is unstable,build | Permission Error | TimeoutError | TimeoutError: waiting for element 'button.save' exceeded 10 seconds | tests/order_service_test.rs line 56 | FAILED tests/order_service_test.rs::test_apply_discount - UI locator or wait condition is unstable,FALSE,test_script_issue
RCA_00933,Jenkins,Java,build,Timeout,NameError,NameError: name 'paylod' is not defined,src/main/java/com/demo/OrderService.java line 113 in validate_payment,FAILED src/test/java/com/demo/OrderServiceTest.java::test_payment_validation - undefined variable raised from application code,build | Timeout | NameError | NameError: name 'paylod' is not defined | src/main/java/com/demo/OrderService.java line 113 in validate_payment | FAILED src/test/java/com/demo/OrderServiceTest.java::test_payment_validation - undefined variable raised from application code,TRUE,application_defect
RCA_00906,CircleCI,Python,deploy,Build Failure,SyntaxError,SyntaxError: invalid syntax near 'return',app/order_service.py line 121,ERROR collecting tests/test_calculator.py::test_process_order - syntax error in source file,deploy | Build Failure | SyntaxError | SyntaxError: invalid syntax near 'return' | app/order_service.py line 121 | ERROR collecting tests/test_calculator.py::test_process_order - syntax error in source file,TRUE,application_defect
RCA_00431,GitLab CI,Java,test,Deployment Failure,KeyError,KeyError: 'API_TOKEN',app/config.py line 114 in load_config,Missing environment variable in CI runner | additional context: retry attempted; cache restored; environment variables loaded; exit code 1,test | Deployment Failure | KeyError | KeyError: 'API_TOKEN' | app/config.py line 114 in load_config | Missing environment variable in CI runner | additional context: retry attempted; cache restored; environment variables loaded; exit code 1,TRUE,environment_config_issue
RCA_00760,Jenkins,Java,build,Build Failure,TypeError,TypeError: unsupported operand type(s) for +: 'int' and 'str',src/main/java/com/demo/UserService.java line 37 in get_user_profile,FAILED src/test/java/com/demo/OrderServiceTest.java::test_calculate_total - type mismatch in business logic,build | Build Failure | TypeError | TypeError: unsupported operand type(s) for +: 'int' and 'str' | src/main/java/com/demo/UserService.java line 37 in get_user_profile | FAILED src/test/java/com/demo/OrderServiceTest.java::test_calculate_total - type mismatch in business logic,TRUE,application_defect
RCA_00563,GitLab CI,Python,test,Timeout,ImagePullBackOff,ImagePullBackOff: failed to pull image 'registry.internal/order-api:1.2.0',kubernetes/deploy.yaml line 108,Deployment failed because container image could not be pulled,test | Timeout | ImagePullBackOff | ImagePullBackOff: failed to pull image 'registry.internal/order-api:1.2.0' | kubernetes/deploy.yaml line 108 | Deployment failed because container image could not be pulled,TRUE,deployment_issue
RCA_01215,GitHub Actions,Java,build,Test Failure,ConnectionTimeout,ConnectionTimeout: request timed out after 60 seconds,external_api_client.py line 49,External service call timed out while running src/test/java/com/demo/OrderServiceTest.java::test_calculate_total,build | Test Failure | ConnectionTimeout | ConnectionTimeout: request timed out after 60 seconds | external_api_client.py line 49 | External service call timed out while running src/test/java/com/demo/OrderServiceTest.java::test_calculate_total,TRUE,network_issue
RCA_01162,GitHub Actions,Java,deploy,Test Failure,AssertionError,AssertionError: assert 180 == 190,src/test/java/com/demo/UserServiceTest.java line 89,FAILED src/test/java/com/demo/UserServiceTest.java::test_process_order - expected value in test appears outdated,deploy | Test Failure | AssertionError | AssertionError: assert 180 == 190 | src/test/java/com/demo/UserServiceTest.java line 89 | FAILED src/test/java/com/demo/UserServiceTest.java::test_process_order - expected value in test appears outdated,FALSE,test_script_issue
RCA_00412,Azure DevOps,Python,deploy,Test Failure,ImportError,ImportError: cannot import name 'get_user_profiles' from application module,tests/test_calculator.py line 55,ERROR collecting tests/test_calculator.py::test_create_user - test imports old function name,deploy | Test Failure | ImportError | ImportError: cannot import name 'get_user_profiles' from application module | tests/test_calculator.py line 55 | ERROR collecting tests/test_calculator.py::test_create_user - test imports old function name,TRUE,test_script_issue
RCA_01498,Azure DevOps,Python,build,Configuration Error,DeploymentError,DeploymentError: health check failed after deployment,deploy/health_check.py line 70,Service did not become healthy after deployment,build | Configuration Error | DeploymentError | DeploymentError: health check failed after deployment | deploy/health_check.py line 70 | Service did not become healthy after deployment,FALSE,deployment_issue
RCA_00610,CircleCI,Python,build,Configuration Error,ConnectionTimeout,ConnectionTimeout: request timed out after 10 seconds,external_api_client.py line 111,External service call timed out while running tests/test_payment_service.py::test_apply_discount,build | Configuration Error | ConnectionTimeout | ConnectionTimeout: request timed out after 10 seconds | external_api_client.py line 111 | External service call timed out while running tests/test_payment_service.py::test_apply_discount,FALSE,environment_config_issue
RCA_00858,GitHub Actions,Rust,build,Deployment Failure,TimeoutError,Job exceeded maximum execution time of 600 seconds,runner/workflow.py line 27,Workflow timed out during test execution | additional context: retry attempted; cache restored; environment variables loaded; exit code 1,build | Deployment Failure | TimeoutError | Job exceeded maximum execution time of 600 seconds | runner/workflow.py line 27 | Workflow timed out during test execution | additional context: retry attempted; cache restored; environment variables loaded; exit code 1,FALSE,infrastructure_resource_issue
RCA_00588,GitHub Actions,Java,build,Configuration Error,TimeoutError,Job exceeded maximum execution time of 600 seconds,runner/workflow.py line 81,Workflow timed out during test execution,build | Configuration Error | TimeoutError | Job exceeded maximum execution time of 600 seconds | runner/workflow.py line 81 | Workflow timed out during test execution,FALSE,infrastructure_resource_issue
RCA_00555,GitHub Actions,NodeJS,build,Dependency Error,FixtureError,fixture 'sample_user' not found,tests/userController.test.js line 83,ERROR at setup of tests/userController.test.js::test_apply_discount - missing test fixture,build | Dependency Error | FixtureError | fixture 'sample_user' not found | tests/userController.test.js line 83 | ERROR at setup of tests/userController.test.js::test_apply_discount - missing test fixture,FALSE,test_script_issue
RCA_00021,Jenkins,Python,test,Resource Exhaustion,DNSResolutionError,Temporary failure in name resolution for host 'registry.npmjs.org',urllib3/connection.py line 11,Max retries exceeded because DNS resolution failed,test | Resource Exhaustion | DNSResolutionError | Temporary failure in name resolution for host 'registry.npmjs.org' | urllib3/connection.py line 11 | Max retries exceeded because DNS resolution failed,FALSE,network_issue
RCA_01206,Jenkins,Java,deploy,Dependency Error,FileNotFoundError,FileNotFoundError: config/test_config.json not found,app/config.py line 60,Configuration file path does not exist in CI environment,deploy | Dependency Error | FileNotFoundError | FileNotFoundError: config/test_config.json not found | app/config.py line 60 | Configuration file path does not exist in CI environment,TRUE,environment_config_issue
RCA_00131,GitHub Actions,C++,test,Timeout,TypeError,TypeError: unsupported operand type(s) for +: 'int' and 'str',src/main.cpp line 92 in create_user,FAILED tests/test_user_service.cpp::test_calculate_total - type mismatch in business logic,test | Timeout | TypeError | TypeError: unsupported operand type(s) for +: 'int' and 'str' | src/main.cpp line 92 in create_user | FAILED tests/test_user_service.cpp::test_calculate_total - type mismatch in business logic,TRUE,application_defect
RCA_00699,Azure DevOps,Go,build,Test Failure,ModuleNotFoundError,ModuleNotFoundError: No module named 'spring-core',internal/service/user_service_test.go line 44,ImportError while importing test module because dependency spring-core is missing | additional context: retry attempted; cache restored; environment variables loaded; exit code 1,build | Test Failure | ModuleNotFoundError | ModuleNotFoundError: No module named 'spring-core' | internal/service/user_service_test.go line 44 | ImportError while importing test module because dependency spring-core is missing | additional context: retry attempted; cache restored; environment variables loaded; exit code 1,TRUE,dependency_issue
RCA_00445,CircleCI,NodeJS,test,Permission Error,TypeError,TypeError: unsupported operand type(s) for +: 'int' and 'str',src/routes/api.js line 94 in apply_discount,FAILED tests/priceCalculator.test.js::test_create_user - type mismatch in business logic,test | Permission Error | TypeError | TypeError: unsupported operand type(s) for +: 'int' and 'str' | src/routes/api.js line 94 in apply_discount | FAILED tests/priceCalculator.test.js::test_create_user - type mismatch in business logic,TRUE,dependency_issue
RCA_00718,Azure DevOps,Go,deploy,Timeout,SyntaxError,SyntaxError: invalid syntax near 'return',internal/service/user_service.go line 87,ERROR collecting internal/service/order_service_test.go::test_process_order - syntax error in source file | additional context: retry attempted; cache restored; environment variables loaded; exit code 1,deploy | Timeout | SyntaxError | SyntaxError: invalid syntax near 'return' | internal/service/user_service.go line 87 | ERROR collecting internal/service/order_service_test.go::test_process_order - syntax error in source file | additional context: retry attempted; cache restored; environment variables loaded; exit code 1,FALSE,application_defect
RCA_01056,GitHub Actions,Python,deploy,Timeout,ConnectionTimeout,ConnectionTimeout: request timed out after 60 seconds,external_api_client.py line 40,External service call timed out while running tests/test_user_service.py::test_create_user,deploy | Timeout | ConnectionTimeout | ConnectionTimeout: request timed out after 60 seconds | external_api_client.py line 40 | External service call timed out while running tests/test_user_service.py::test_create_user,TRUE,network_issue
RCA_00202,Jenkins,Go,build,Configuration Error,DNSResolutionError,Temporary failure in name resolution for host 'registry.npmjs.org',urllib3/connection.py line 114,Max retries exceeded because DNS resolution failed,build | Configuration Error | DNSResolutionError | Temporary failure in name resolution for host 'registry.npmjs.org' | urllib3/connection.py line 114 | Max retries exceeded because DNS resolution failed,TRUE,environment_config_issue
RCA_00382,GitHub Actions,C++,deploy,Build Failure,ConnectionTimeout,ConnectionTimeout: request timed out after 60 seconds,external_api_client.py line 52,External service call timed out while running tests/test_user_service.cpp::test_apply_discount,deploy | Build Failure | ConnectionTimeout | ConnectionTimeout: request timed out after 60 seconds | external_api_client.py line 52 | External service call timed out while running tests/test_user_service.cpp::test_apply_discount,TRUE,network_issue
RCA_01359,CircleCI,C++,deploy,Security Scan Failure,SecurityScanError,High severity vulnerability found in package 'numpy',security/scanner.py line 137,Security scan failed due to vulnerable dependency,deploy | Security Scan Failure | SecurityScanError | High severity vulnerability found in package 'numpy' | security/scanner.py line 137 | Security scan failed due to vulnerable dependency,TRUE,security_policy_issue
RCA_01364,GitLab CI,NodeJS,build,Network Error,SyntaxError,SyntaxError: invalid syntax near 'return',src/routes/api.js line 137,ERROR collecting tests/orderService.test.js::test_apply_discount - syntax error in source file,build | Network Error | SyntaxError | SyntaxError: invalid syntax near 'return' | src/routes/api.js line 137 | ERROR collecting tests/orderService.test.js::test_apply_discount - syntax error in source file,FALSE,application_defect
RCA_00009,Jenkins,Rust,deploy,Security Scan Failure,TimeoutError,Job exceeded maximum execution time of 600 seconds,runner/workflow.py line 68,Workflow timed out during test execution,deploy | Security Scan Failure | TimeoutError | Job exceeded maximum execution time of 600 seconds | runner/workflow.py line 68 | Workflow timed out during test execution,TRUE,infrastructure_resource_issue
RCA_01412,GitHub Actions,NodeJS,deploy,Security Scan Failure,SyntaxError,SyntaxError: invalid syntax near 'return',src/routes/api.js line 88,ERROR collecting tests/userController.test.js::test_create_user - syntax error in source file,deploy | Security Scan Failure | SyntaxError | SyntaxError: invalid syntax near 'return' | src/routes/api.js line 88 | ERROR collecting tests/userController.test.js::test_create_user - syntax error in source file,FALSE,application_defect
RCA_00810,CircleCI,C++,deploy,Build Failure,FileNotFoundError,FileNotFoundError: config/test_config.json not found,app/config.py line 11,Configuration file path does not exist in CI environment,deploy | Build Failure | FileNotFoundError | FileNotFoundError: config/test_config.json not found | app/config.py line 11 | Configuration file path does not exist in CI environment,TRUE,environment_config_issue
RCA_00321,GitLab CI,Python,test,Configuration Error,SyntaxError,SyntaxError: invalid syntax near 'return',app/calculator.py line 34,ERROR collecting tests/test_payment_service.py::test_apply_discount - syntax error in source file | additional context: retry attempted; cache restored; environment variables loaded; exit code 1,test | Configuration Error | SyntaxError | SyntaxError: invalid syntax near 'return' | app/calculator.py line 34 | ERROR collecting tests/test_payment_service.py::test_apply_discount - syntax error in source file | additional context: retry attempted; cache restored; environment variables loaded; exit code 1,FALSE,application_defect
RCA_00324,CircleCI,Rust,deploy,Permission Error,PermissionError,PermissionError: cannot write to reports/output.json,app/report.py line 132,CI runner cannot write to report output directory,deploy | Permission Error | PermissionError | PermissionError: cannot write to reports/output.json | app/report.py line 132 | CI runner cannot write to report output directory,FALSE,environment_config_issue
RCA_00859,CircleCI,Go,test,Test Failure,KeyError,KeyError: 'GITHUB_TOKEN',app/config.py line 112 in load_config,Missing environment variable in CI runner,test | Test Failure | KeyError | KeyError: 'GITHUB_TOKEN' | app/config.py line 112 in load_config | Missing environment variable in CI runner,FALSE,application_defect
RCA_00466,CircleCI,Rust,deploy,Network Error,SecurityScanError,High severity vulnerability found in package 'fastapi',security/scanner.py line 44,Security scan failed due to vulnerable dependency,deploy | Network Error | SecurityScanError | High severity vulnerability found in package 'fastapi' | security/scanner.py line 44 | Security scan failed due to vulnerable dependency,FALSE,dependency_issue
RCA_00337,GitHub Actions,Go,deploy,Test Failure,MemoryError,MemoryError: process killed because memory limit was exceeded,runner/executor.py line 110,CI job exceeded memory limit during test execution | additional context: retry attempted; cache restored; environment variables loaded; exit code 1,deploy | Test Failure | MemoryError | MemoryError: process killed because memory limit was exceeded | runner/executor.py line 110 | CI job exceeded memory limit during test execution | additional context: retry attempted; cache restored; environment variables loaded; exit code 1,TRUE,deployment_issue
RCA_00564,GitLab CI,Go,deploy,Resource Exhaustion,SyntaxError,SyntaxError: invalid syntax near 'return',internal/config/config.go line 55,ERROR collecting internal/service/order_service_test.go::test_payment_validation - syntax error in source file | additional context: retry attempted; cache restored; environment variables loaded; exit code 1,deploy | Resource Exhaustion | SyntaxError | SyntaxError: invalid syntax near 'return' | internal/config/config.go line 55 | ERROR collecting internal/service/order_service_test.go::test_payment_validation - syntax error in source file | additional context: retry attempted; cache restored; environment variables loaded; exit code 1,TRUE,application_defect
RCA_00247,Jenkins,NodeJS,build,Timeout,NameError,NameError: name 'config_pth' is not defined,src/routes/api.js line 23 in get_user_profile,FAILED tests/orderService.test.js::test_process_order - undefined variable raised from application code,build | Timeout | NameError | NameError: name 'config_pth' is not defined | src/routes/api.js line 23 in get_user_profile | FAILED tests/orderService.test.js::test_process_order - undefined variable raised from application code,FALSE,application_defect
RCA_00914,Jenkins,Go,deploy,Deployment Failure,TimeoutError,TimeoutError: waiting for element 'button.save' exceeded 10 seconds,internal/service/user_service_test.go line 6,FAILED internal/service/user_service_test.go::test_apply_discount - UI locator or wait condition is unstable,deploy | Deployment Failure | TimeoutError | TimeoutError: waiting for element 'button.save' exceeded 10 seconds | internal/service/user_service_test.go line 6 | FAILED internal/service/user_service_test.go::test_apply_discount - UI locator or wait condition is unstable,FALSE,test_script_issue
RCA_00768,CircleCI,Go,test,Resource Exhaustion,ImportError,ImportError: cannot import name 'process_orders' from application module,internal/service/user_service_test.go line 128,ERROR collecting internal/service/user_service_test.go::test_process_order - test imports old function name | additional context: retry attempted; cache restored; environment variables loaded; exit code 1,test | Resource Exhaustion | ImportError | ImportError: cannot import name 'process_orders' from application module | internal/service/user_service_test.go line 128 | ERROR collecting internal/service/user_service_test.go::test_process_order - test imports old function name | additional context: retry attempted; cache restored; environment variables loaded; exit code 1,TRUE,test_script_issue
RCA_00538,GitLab CI,Python,deploy,Dependency Error,DNSResolutionError,Temporary failure in name resolution for host 'registry.npmjs.org',urllib3/connection.py line 106,Max retries exceeded because DNS resolution failed,deploy | Dependency Error | DNSResolutionError | Temporary failure in name resolution for host 'registry.npmjs.org' | urllib3/connection.py line 106 | Max retries exceeded because DNS resolution failed,FALSE,network_issue
RCA_00931,GitLab CI,Go,build,Configuration Error,SyntaxError,SyntaxError: invalid syntax near 'return',cmd/api/main.go line 49,ERROR collecting internal/service/user_service_test.go::test_create_user - syntax error in source file,build | Configuration Error | SyntaxError | SyntaxError: invalid syntax near 'return' | cmd/api/main.go line 49 | ERROR collecting internal/service/user_service_test.go::test_create_user - syntax error in source file,TRUE,application_defect
RCA_01127,GitLab CI,C++,build,Configuration Error,ImagePullBackOff,ImagePullBackOff: failed to pull image 'registry.internal/order-api:1.2.0',kubernetes/deploy.yaml line 96,Deployment failed because container image could not be pulled | additional context: retry attempted; cache restored; environment variables loaded; exit code 1,build | Configuration Error | ImagePullBackOff | ImagePullBackOff: failed to pull image 'registry.internal/order-api:1.2.0' | kubernetes/deploy.yaml line 96 | Deployment failed because container image could not be pulled | additional context: retry attempted; cache restored; environment variables loaded; exit code 1,FALSE,deployment_issue
RCA_01385,CircleCI,Python,test,Permission Error,NameError,NameError: name 'total_amunt' is not defined,app/order_service.py line 135 in create_user,FAILED tests/test_calculator.py::test_apply_discount - undefined variable raised from application code,test | Permission Error | NameError | NameError: name 'total_amunt' is not defined | app/order_service.py line 135 in create_user | FAILED tests/test_calculator.py::test_apply_discount - undefined variable raised from application code,TRUE,application_defect
RCA_01036,CircleCI,NodeJS,test,Configuration Error,PermissionError,PermissionError: cannot write to reports/output.json,app/report.py line 35,CI runner cannot write to report output directory,test | Configuration Error | PermissionError | PermissionError: cannot write to reports/output.json | app/report.py line 35 | CI runner cannot write to report output directory,FALSE,environment_config_issue
RCA_00271,Azure DevOps,Java,build,Dependency Error,TimeoutError,Job exceeded maximum execution time of 600 seconds,runner/workflow.py line 110,Workflow timed out during test execution | additional context: retry attempted; cache restored; environment variables loaded; exit code 1,build | Dependency Error | TimeoutError | Job exceeded maximum execution time of 600 seconds | runner/workflow.py line 110 | Workflow timed out during test execution | additional context: retry attempted; cache restored; environment variables loaded; exit code 1,FALSE,infrastructure_resource_issue
RCA_00470,GitLab CI,NodeJS,deploy,Build Failure,FixtureError,fixture 'sample_user' not found,tests/priceCalculator.test.js line 110,ERROR at setup of tests/priceCalculator.test.js::test_process_order - missing test fixture,deploy | Build Failure | FixtureError | fixture 'sample_user' not found | tests/priceCalculator.test.js line 110 | ERROR at setup of tests/priceCalculator.test.js::test_process_order - missing test fixture,TRUE,test_script_issue
RCA_00834,Jenkins,C++,test,Test Failure,AssertionError,AssertionError: assert 180 == 190,tests/test_order_service.cpp line 108,FAILED tests/test_order_service.cpp::test_payment_validation - expected value in test appears outdated,test | Test Failure | AssertionError | AssertionError: assert 180 == 190 | tests/test_order_service.cpp line 108 | FAILED tests/test_order_service.cpp::test_payment_validation - expected value in test appears outdated,TRUE,application_defect
RCA_01217,CircleCI,Python,deploy,Configuration Error,ConnectionTimeout,ConnectionTimeout: request timed out after 60 seconds,external_api_client.py line 67,External service call timed out while running tests/test_payment_service.py::test_payment_validation,deploy | Configuration Error | ConnectionTimeout | ConnectionTimeout: request timed out after 60 seconds | external_api_client.py line 67 | External service call timed out while running tests/test_payment_service.py::test_payment_validation,FALSE,network_issue
RCA_00266,Jenkins,Rust,deploy,Dependency Error,AssertionError,AssertionError: assert 180 == 190,tests/user_service_test.rs line 60,FAILED tests/user_service_test.rs::test_deploy_health - expected value in test appears outdated,deploy | Dependency Error | AssertionError | AssertionError: assert 180 == 190 | tests/user_service_test.rs line 60 | FAILED tests/user_service_test.rs::test_deploy_health - expected value in test appears outdated,TRUE,test_script_issue
RCA_00490,CircleCI,Go,test,Network Error,NameError,NameError: name 'config_pth' is not defined,internal/service/order_service.go line 75 in calculate_total,FAILED internal/service/order_service_test.go::test_apply_discount - undefined variable raised from application code,test | Network Error | NameError | NameError: name 'config_pth' is not defined | internal/service/order_service.go line 75 in calculate_total | FAILED internal/service/order_service_test.go::test_apply_discount - undefined variable raised from application code,FALSE,application_defect
RCA_00016,Azure DevOps,C++,test,Network Error,FileNotFoundError,FileNotFoundError: config/test_config.json not found,app/config.py line 36,Configuration file path does not exist in CI environment,test | Network Error | FileNotFoundError | FileNotFoundError: config/test_config.json not found | app/config.py line 36 | Configuration file path does not exist in CI environment,FALSE,environment_config_issue
RCA_01238,GitLab CI,Go,build,Security Scan Failure,KeyError,KeyError: 'GITHUB_TOKEN',app/config.py line 110 in load_config,Missing environment variable in CI runner | additional context: retry attempted; cache restored; environment variables loaded; exit code 1,build | Security Scan Failure | KeyError | KeyError: 'GITHUB_TOKEN' | app/config.py line 110 in load_config | Missing environment variable in CI runner | additional context: retry attempted; cache restored; environment variables loaded; exit code 1,TRUE,environment_config_issue
RCA_01054,GitHub Actions,NodeJS,deploy,Build Failure,VersionConflict,Version conflict: required gin-gonic==2.0.0 but installed gin-gonic==1.4.0,dependency_check.py line 84,Dependency version mismatch in CI environment | additional context: retry attempted; cache restored; environment variables loaded; exit code 1,deploy | Build Failure | VersionConflict | Version conflict: required gin-gonic==2.0.0 but installed gin-gonic==1.4.0 | dependency_check.py line 84 | Dependency version mismatch in CI environment | additional context: retry attempted; cache restored; environment variables loaded; exit code 1,FALSE,dependency_issue
RCA_01007,Azure DevOps,Python,build,Configuration Error,ConnectionTimeout,ConnectionTimeout: request timed out after 10 seconds,external_api_client.py line 15,External service call timed out while running tests/test_payment_service.py::test_deploy_health | additional context: retry attempted; cache restored; environment variables loaded; exit code 1,build | Configuration Error | ConnectionTimeout | ConnectionTimeout: request timed out after 10 seconds | external_api_client.py line 15 | External service call timed out while running tests/test_payment_service.py::test_deploy_health | additional context: retry attempted; cache restored; environment variables loaded; exit code 1,FALSE,deployment_issue
RCA_00454,CircleCI,Java,deploy,Build Failure,SyntaxError,SyntaxError: invalid syntax near 'return',src/main/java/com/demo/UserService.java line 40,ERROR collecting src/test/java/com/demo/UserServiceTest.java::test_api_response - syntax error in source file,deploy | Build Failure | SyntaxError | SyntaxError: invalid syntax near 'return' | src/main/java/com/demo/UserService.java line 40 | ERROR collecting src/test/java/com/demo/UserServiceTest.java::test_api_response - syntax error in source file,FALSE,application_defect
RCA_00441,GitHub Actions,C++,build,Resource Exhaustion,HTTPError,HTTPError: 503 Service Unavailable from upstream service,external_api_client.py line 6,External API returned 503 during tests/test_order_service.cpp::test_api_response,build | Resource Exhaustion | HTTPError | HTTPError: 503 Service Unavailable from upstream service | external_api_client.py line 6 | External API returned 503 during tests/test_order_service.cpp::test_api_response,TRUE,network_issue
RCA_00136,GitHub Actions,NodeJS,test,Timeout,FixtureError,fixture 'sample_user' not found,tests/orderService.test.js line 73,ERROR at setup of tests/orderService.test.js::test_payment_validation - missing test fixture,test | Timeout | FixtureError | fixture 'sample_user' not found | tests/orderService.test.js line 73 | ERROR at setup of tests/orderService.test.js::test_payment_validation - missing test fixture,FALSE,test_script_issue
RCA_01062,GitLab CI,C++,build,Permission Error,HTTPError,HTTPError: 503 Service Unavailable from upstream service,external_api_client.py line 8,External API returned 503 during tests/test_user_service.cpp::test_calculate_total,build | Permission Error | HTTPError | HTTPError: 503 Service Unavailable from upstream service | external_api_client.py line 8 | External API returned 503 during tests/test_user_service.cpp::test_calculate_total,TRUE,infrastructure_resource_issue
RCA_01108,Azure DevOps,Java,deploy,Network Error,DependencyResolutionError,Could not resolve dependency 'junit>=2.0.0',package_manager.py line 77,Dependency resolver failed during install step,deploy | Network Error | DependencyResolutionError | Could not resolve dependency 'junit>=2.0.0' | package_manager.py line 77 | Dependency resolver failed during install step,TRUE,dependency_issue
RCA_01358,Jenkins,Rust,build,Test Failure,AssertionError,AssertionError: expected status 200 but got 500,src/main.rs line 5 in calculate_total,FAILED tests/user_service_test.rs::test_create_user - application returned internal server error,build | Test Failure | AssertionError | AssertionError: expected status 200 but got 500 | src/main.rs line 5 in calculate_total | FAILED tests/user_service_test.rs::test_create_user - application returned internal server error,FALSE,application_defect
RCA_01481,Azure DevOps,Java,build,Resource Exhaustion,FileNotFoundError,FileNotFoundError: config/test_config.json not found,app/config.py line 56,Configuration file path does not exist in CI environment,build | Resource Exhaustion | FileNotFoundError | FileNotFoundError: config/test_config.json not found | app/config.py line 56 | Configuration file path does not exist in CI environment,FALSE,environment_config_issue
RCA_00720,Jenkins,Java,deploy,Timeout,AssertionError,AssertionError: expected status 200 but got 500,src/main/java/com/demo/OrderService.java line 40 in calculate_total,FAILED src/test/java/com/demo/UserServiceTest.java::test_api_response - application returned internal server error,deploy | Timeout | AssertionError | AssertionError: expected status 200 but got 500 | src/main/java/com/demo/OrderService.java line 40 in calculate_total | FAILED src/test/java/com/demo/UserServiceTest.java::test_api_response - application returned internal server error,TRUE,test_script_issue
RCA_00042,GitHub Actions,Java,deploy,Permission Error,SASTFinding,SAST found SQL injection risk in function 'get_user_profile',src/main/java/com/demo/UserService.java line 39,Static analysis found security issue,deploy | Permission Error | SASTFinding | SAST found SQL injection risk in function 'get_user_profile' | src/main/java/com/demo/UserService.java line 39 | Static analysis found security issue,TRUE,security_policy_issue
RCA_00028,Azure DevOps,Java,test,Timeout,MemoryError,MemoryError: process killed because memory limit was exceeded,runner/executor.py line 27,CI job exceeded memory limit during test execution,test | Timeout | MemoryError | MemoryError: process killed because memory limit was exceeded | runner/executor.py line 27 | CI job exceeded memory limit during test execution,TRUE,infrastructure_resource_issue
RCA_00650,CircleCI,Rust,test,Permission Error,VersionConflict,Version conflict: required fastapi==2.0.0 but installed fastapi==1.4.0,dependency_check.py line 78,Dependency version mismatch in CI environment,test | Permission Error | VersionConflict | Version conflict: required fastapi==2.0.0 but installed fastapi==1.4.0 | dependency_check.py line 78 | Dependency version mismatch in CI environment,TRUE,dependency_issue
RCA_01263,Azure DevOps,Python,test,Network Error,AssertionError,AssertionError: assert 180 == 190,tests/test_calculator.py line 70,FAILED tests/test_calculator.py::test_calculate_total - expected value in test appears outdated,test | Network Error | AssertionError | AssertionError: assert 180 == 190 | tests/test_calculator.py line 70 | FAILED tests/test_calculator.py::test_calculate_total - expected value in test appears outdated,TRUE,test_script_issue
RCA_00364,GitHub Actions,Rust,build,Test Failure,SecretDetected,Secret scanning detected possible credential in 'src/config.rs',security/scanner.py line 132,Secret detected by repository scan policy,build | Test Failure | SecretDetected | Secret scanning detected possible credential in 'src/config.rs' | security/scanner.py line 132 | Secret detected by repository scan policy,FALSE,security_policy_issue
RCA_00288,Jenkins,Java,deploy,Permission Error,SyntaxError,SyntaxError: invalid syntax near 'return',src/main/java/com/demo/UserService.java line 131,ERROR collecting src/test/java/com/demo/OrderServiceTest.java::test_deploy_health - syntax error in source file,deploy | Permission Error | SyntaxError | SyntaxError: invalid syntax near 'return' | src/main/java/com/demo/UserService.java line 131 | ERROR collecting src/test/java/com/demo/OrderServiceTest.java::test_deploy_health - syntax error in source file,FALSE,application_defect
RCA_00869,CircleCI,NodeJS,deploy,Resource Exhaustion,ImagePullBackOff,ImagePullBackOff: failed to pull image 'demo-api:latest',kubernetes/deploy.yaml line 125,Deployment failed because container image could not be pulled | additional context: retry attempted; cache restored; environment variables loaded; exit code 1,deploy | Resource Exhaustion | ImagePullBackOff | ImagePullBackOff: failed to pull image 'demo-api:latest' | kubernetes/deploy.yaml line 125 | Deployment failed because container image could not be pulled | additional context: retry attempted; cache restored; environment variables loaded; exit code 1,FALSE,deployment_issue
RCA_00033,GitLab CI,C++,build,Resource Exhaustion,TypeError,TypeError: unsupported operand type(s) for +: 'int' and 'str',src/order_service.cpp line 68 in get_user_profile,FAILED tests/test_user_service.cpp::test_payment_validation - type mismatch in business logic,build | Resource Exhaustion | TypeError | TypeError: unsupported operand type(s) for +: 'int' and 'str' | src/order_service.cpp line 68 in get_user_profile | FAILED tests/test_user_service.cpp::test_payment_validation - type mismatch in business logic,TRUE,application_defect
RCA_01159,CircleCI,NodeJS,test,Timeout,FileNotFoundError,FileNotFoundError: config/test_config.json not found,app/config.py line 29,Configuration file path does not exist in CI environment,test | Timeout | FileNotFoundError | FileNotFoundError: config/test_config.json not found | app/config.py line 29 | Configuration file path does not exist in CI environment,TRUE,environment_config_issue
RCA_00308,Jenkins,Rust,deploy,Resource Exhaustion,AssertionError,AssertionError: expected status 200 but got 500,src/config.rs line 72 in create_user,FAILED tests/user_service_test.rs::test_api_response - application returned internal server error,deploy | Resource Exhaustion | AssertionError | AssertionError: expected status 200 but got 500 | src/config.rs line 72 in create_user | FAILED tests/user_service_test.rs::test_api_response - application returned internal server error,FALSE,dependency_issue
RCA_00496,Jenkins,C++,test,Build Failure,SyntaxError,SyntaxError: invalid syntax near 'return',src/order_service.cpp line 21,ERROR collecting tests/test_user_service.cpp::test_apply_discount - syntax error in source file | additional context: retry attempted; cache restored; environment variables loaded; exit code 1,test | Build Failure | SyntaxError | SyntaxError: invalid syntax near 'return' | src/order_service.cpp line 21 | ERROR collecting tests/test_user_service.cpp::test_apply_discount - syntax error in source file | additional context: retry attempted; cache restored; environment variables loaded; exit code 1,TRUE,application_defect
RCA_00165,CircleCI,Java,build,Test Failure,HTTPError,HTTPError: 503 Service Unavailable from upstream service,external_api_client.py line 40,External API returned 503 during src/test/java/com/demo/UserServiceTest.java::test_create_user | additional context: retry attempted; cache restored; environment variables loaded; exit code 1,build | Test Failure | HTTPError | HTTPError: 503 Service Unavailable from upstream service | external_api_client.py line 40 | External API returned 503 during src/test/java/com/demo/UserServiceTest.java::test_create_user | additional context: retry attempted; cache restored; environment variables loaded; exit code 1,TRUE,network_issue
RCA_00336,GitHub Actions,Go,build,Permission Error,KeyError,KeyError: 'SECRET_KEY',app/config.py line 55 in load_config,Missing environment variable in CI runner | additional context: retry attempted; cache restored; environment variables loaded; exit code 1,build | Permission Error | KeyError | KeyError: 'SECRET_KEY' | app/config.py line 55 in load_config | Missing environment variable in CI runner | additional context: retry attempted; cache restored; environment variables loaded; exit code 1,TRUE,environment_config_issue
RCA_00322,GitLab CI,NodeJS,build,Configuration Error,ConnectionTimeout,ConnectionTimeout: request timed out after 10 seconds,external_api_client.py line 102,External service call timed out while running tests/priceCalculator.test.js::test_payment_validation,build | Configuration Error | ConnectionTimeout | ConnectionTimeout: request timed out after 10 seconds | external_api_client.py line 102 | External service call timed out while running tests/priceCalculator.test.js::test_payment_validation,FALSE,network_issue
RCA_01003,GitLab CI,NodeJS,build,Resource Exhaustion,AssertionError,AssertionError: assert 180 == 190,tests/priceCalculator.test.js line 35,FAILED tests/priceCalculator.test.js::test_payment_validation - expected value in test appears outdated,build | Resource Exhaustion | AssertionError | AssertionError: assert 180 == 190 | tests/priceCalculator.test.js line 35 | FAILED tests/priceCalculator.test.js::test_payment_validation - expected value in test appears outdated,TRUE,test_script_issue
RCA_00463,GitHub Actions,Rust,build,Timeout,DNSResolutionError,Temporary failure in name resolution for host 'registry.npmjs.org',urllib3/connection.py line 40,Max retries exceeded because DNS resolution failed | additional context: retry attempted; cache restored; environment variables loaded; exit code 1,build | Timeout | DNSResolutionError | Temporary failure in name resolution for host 'registry.npmjs.org' | urllib3/connection.py line 40 | Max retries exceeded because DNS resolution failed | additional context: retry attempted; cache restored; environment variables loaded; exit code 1,FALSE,network_issue
RCA_01012,Azure DevOps,NodeJS,test,Build Failure,ImportError,ImportError: cannot import name 'apply_discounts' from application module,tests/userController.test.js line 120,ERROR collecting tests/userController.test.js::test_api_response - test imports old function name,test | Build Failure | ImportError | ImportError: cannot import name 'apply_discounts' from application module | tests/userController.test.js line 120 | ERROR collecting tests/userController.test.js::test_api_response - test imports old function name,TRUE,test_script_issue
RCA_01437,GitHub Actions,C++,deploy,Permission Error,SyntaxError,SyntaxError: invalid syntax near 'return',src/config.cpp line 55,ERROR collecting tests/test_user_service.cpp::test_payment_validation - syntax error in source file,deploy | Permission Error | SyntaxError | SyntaxError: invalid syntax near 'return' | src/config.cpp line 55 | ERROR collecting tests/test_user_service.cpp::test_payment_validation - syntax error in source file,FALSE,application_defect
RCA_01361,Jenkins,Python,test,Resource Exhaustion,TypeError,TypeError: unsupported operand type(s) for +: 'int' and 'str',app/calculator.py line 47 in calculate_total,FAILED tests/test_order_service.py::test_create_user - type mismatch in business logic,test | Resource Exhaustion | TypeError | TypeError: unsupported operand type(s) for +: 'int' and 'str' | app/calculator.py line 47 in calculate_total | FAILED tests/test_order_service.py::test_create_user - type mismatch in business logic,TRUE,environment_config_issue
RCA_00303,GitHub Actions,Go,deploy,Security Scan Failure,VersionConflict,Version conflict: required pytest==2.0.0 but installed pytest==1.4.0,dependency_check.py line 68,Dependency version mismatch in CI environment,deploy | Security Scan Failure | VersionConflict | Version conflict: required pytest==2.0.0 but installed pytest==1.4.0 | dependency_check.py line 68 | Dependency version mismatch in CI environment,TRUE,dependency_issue
RCA_00885,Jenkins,Java,build,Security Scan Failure,AssertionError,AssertionError: assert 180 == 190,src/test/java/com/demo/UserServiceTest.java line 41,FAILED src/test/java/com/demo/UserServiceTest.java::test_api_response - expected value in test appears outdated,build | Security Scan Failure | AssertionError | AssertionError: assert 180 == 190 | src/test/java/com/demo/UserServiceTest.java line 41 | FAILED src/test/java/com/demo/UserServiceTest.java::test_api_response - expected value in test appears outdated,FALSE,test_script_issue
RCA_01477,CircleCI,Go,build,Deployment Failure,AssertionError,AssertionError: assert 180 == 190,internal/service/user_service_test.go line 27,FAILED internal/service/user_service_test.go::test_calculate_total - expected value in test appears outdated,build | Deployment Failure | AssertionError | AssertionError: assert 180 == 190 | internal/service/user_service_test.go line 27 | FAILED internal/service/user_service_test.go::test_calculate_total - expected value in test appears outdated,TRUE,test_script_issue
RCA_00177,CircleCI,C++,deploy,Network Error,SyntaxError,SyntaxError: invalid syntax near 'return',src/main.cpp line 22,ERROR collecting tests/test_order_service.cpp::test_process_order - syntax error in source file,deploy | Network Error | SyntaxError | SyntaxError: invalid syntax near 'return' | src/main.cpp line 22 | ERROR collecting tests/test_order_service.cpp::test_process_order - syntax error in source file,FALSE,application_defect
RCA_01042,GitLab CI,C++,deploy,Dependency Error,MemoryError,MemoryError: process killed because memory limit was exceeded,runner/executor.py line 98,CI job exceeded memory limit during test execution,deploy | Dependency Error | MemoryError | MemoryError: process killed because memory limit was exceeded | runner/executor.py line 98 | CI job exceeded memory limit during test execution,FALSE,network_issue
RCA_01086,Azure DevOps,Python,test,Network Error,AssertionError,AssertionError: expected status 200 but got 500,app/payment_service.py line 77 in validate_payment,FAILED tests/test_order_service.py::test_payment_validation - application returned internal server error,test | Network Error | AssertionError | AssertionError: expected status 200 but got 500 | app/payment_service.py line 77 in validate_payment | FAILED tests/test_order_service.py::test_payment_validation - application returned internal server error,FALSE,application_defect
RCA_00326,CircleCI,Rust,test,Deployment Failure,AssertionError,AssertionError: assert 180 == 190,tests/order_service_test.rs line 115,FAILED tests/order_service_test.rs::test_create_user - expected value in test appears outdated,test | Deployment Failure | AssertionError | AssertionError: assert 180 == 190 | tests/order_service_test.rs line 115 | FAILED tests/order_service_test.rs::test_create_user - expected value in test appears outdated,TRUE,test_script_issue
RCA_01237,GitHub Actions,Go,deploy,Configuration Error,DeploymentError,DeploymentError: health check failed after deployment,deploy/health_check.py line 43,Service did not become healthy after deployment,deploy | Configuration Error | DeploymentError | DeploymentError: health check failed after deployment | deploy/health_check.py line 43 | Service did not become healthy after deployment,TRUE,network_issue
RCA_01495,Jenkins,Python,deploy,Timeout,TypeError,TypeError: unsupported operand type(s) for +: 'int' and 'str',app/config.py line 90 in apply_discount,FAILED tests/test_order_service.py::test_apply_discount - type mismatch in business logic,deploy | Timeout | TypeError | TypeError: unsupported operand type(s) for +: 'int' and 'str' | app/config.py line 90 in apply_discount | FAILED tests/test_order_service.py::test_apply_discount - type mismatch in business logic,TRUE,application_defect
RCA_00689,Jenkins,Go,deploy,Deployment Failure,TypeError,TypeError: unsupported operand type(s) for +: 'int' and 'str',internal/service/user_service.go line 90 in calculate_total,FAILED internal/service/user_service_test.go::test_payment_validation - type mismatch in business logic,deploy | Deployment Failure | TypeError | TypeError: unsupported operand type(s) for +: 'int' and 'str' | internal/service/user_service.go line 90 in calculate_total | FAILED internal/service/user_service_test.go::test_payment_validation - type mismatch in business logic,TRUE,test_script_issue
RCA_00123,GitHub Actions,Rust,deploy,Timeout,HTTPError,HTTPError: 503 Service Unavailable from upstream service,external_api_client.py line 52,External API returned 503 during tests/user_service_test.rs::test_calculate_total,deploy | Timeout | HTTPError | HTTPError: 503 Service Unavailable from upstream service | external_api_client.py line 52 | External API returned 503 during tests/user_service_test.rs::test_calculate_total,TRUE,infrastructure_resource_issue
RCA_00706,CircleCI,Python,deploy,Resource Exhaustion,AssertionError,AssertionError: expected status 200 but got 500,app/payment_service.py line 112 in process_order,FAILED tests/test_order_service.py::test_api_response - application returned internal server error | additional context: retry attempted; cache restored; environment variables loaded; exit code 1,deploy | Resource Exhaustion | AssertionError | AssertionError: expected status 200 but got 500 | app/payment_service.py line 112 in process_order | FAILED tests/test_order_service.py::test_api_response - application returned internal server error | additional context: retry attempted; cache restored; environment variables loaded; exit code 1,TRUE,dependency_issue
RCA_00686,GitHub Actions,Python,build,Build Failure,DNSResolutionError,Temporary failure in name resolution for host 'registry.npmjs.org',urllib3/connection.py line 94,Max retries exceeded because DNS resolution failed | additional context: retry attempted; cache restored; environment variables loaded; exit code 1,build | Build Failure | DNSResolutionError | Temporary failure in name resolution for host 'registry.npmjs.org' | urllib3/connection.py line 94 | Max retries exceeded because DNS resolution failed | additional context: retry attempted; cache restored; environment variables loaded; exit code 1,FALSE,network_issue
RCA_00396,Jenkins,Rust,test,Dependency Error,KeyError,KeyError: 'API_TOKEN',app/config.py line 27 in load_config,Missing environment variable in CI runner,test | Dependency Error | KeyError | KeyError: 'API_TOKEN' | app/config.py line 27 in load_config | Missing environment variable in CI runner,TRUE,environment_config_issue
RCA_00661,Azure DevOps,Rust,test,Security Scan Failure,ImportError,ImportError: cannot import name 'process_orders' from application module,tests/order_service_test.rs line 117,ERROR collecting tests/order_service_test.rs::test_process_order - test imports old function name | additional context: retry attempted; cache restored; environment variables loaded; exit code 1,test | Security Scan Failure | ImportError | ImportError: cannot import name 'process_orders' from application module | tests/order_service_test.rs line 117 | ERROR collecting tests/order_service_test.rs::test_process_order - test imports old function name | additional context: retry attempted; cache restored; environment variables loaded; exit code 1,FALSE,test_script_issue
RCA_01150,Jenkins,C++,test,Dependency Error,ConnectionTimeout,ConnectionTimeout: request timed out after 60 seconds,external_api_client.py line 136,External service call timed out while running tests/test_user_service.cpp::test_deploy_health | additional context: retry attempted; cache restored; environment variables loaded; exit code 1,test | Dependency Error | ConnectionTimeout | ConnectionTimeout: request timed out after 60 seconds | external_api_client.py line 136 | External service call timed out while running tests/test_user_service.cpp::test_deploy_health | additional context: retry attempted; cache restored; environment variables loaded; exit code 1,FALSE,network_issue
RCA_00002,GitLab CI,Go,test,Timeout,DNSResolutionError,Temporary failure in name resolution for host 'internal-api.company.local',urllib3/connection.py line 122,Max retries exceeded because DNS resolution failed,test | Timeout | DNSResolutionError | Temporary failure in name resolution for host 'internal-api.company.local' | urllib3/connection.py line 122 | Max retries exceeded because DNS resolution failed,TRUE,network_issue
RCA_00733,CircleCI,Java,build,Network Error,TimeoutError,TimeoutError: waiting for element '#submit-button' exceeded 10 seconds,src/test/java/com/demo/UserServiceTest.java line 135,FAILED src/test/java/com/demo/UserServiceTest.java::test_process_order - UI locator or wait condition is unstable,build | Network Error | TimeoutError | TimeoutError: waiting for element '#submit-button' exceeded 10 seconds | src/test/java/com/demo/UserServiceTest.java line 135 | FAILED src/test/java/com/demo/UserServiceTest.java::test_process_order - UI locator or wait condition is unstable,TRUE,test_script_issue
RCA_00876,Azure DevOps,Rust,deploy,Network Error,AssertionError,AssertionError: expected status 200 but got 500,src/order_service.rs line 73 in validate_payment,FAILED tests/user_service_test.rs::test_create_user - application returned internal server error,deploy | Network Error | AssertionError | AssertionError: expected status 200 but got 500 | src/order_service.rs line 73 in validate_payment | FAILED tests/user_service_test.rs::test_create_user - application returned internal server error,TRUE,environment_config_issue
RCA_00008,Azure DevOps,Rust,build,Security Scan Failure,ImportError,ImportError: cannot import name 'calculate_totals' from application module,tests/user_service_test.rs line 86,ERROR collecting tests/user_service_test.rs::test_process_order - test imports old function name,build | Security Scan Failure | ImportError | ImportError: cannot import name 'calculate_totals' from application module | tests/user_service_test.rs line 86 | ERROR collecting tests/user_service_test.rs::test_process_order - test imports old function name,TRUE,application_defect
RCA_00809,CircleCI,Go,deploy,Configuration Error,TypeError,TypeError: unsupported operand type(s) for +: 'int' and 'str',internal/config/config.go line 56 in calculate_total,FAILED internal/service/order_service_test.go::test_deploy_health - type mismatch in business logic,deploy | Configuration Error | TypeError | TypeError: unsupported operand type(s) for +: 'int' and 'str' | internal/config/config.go line 56 in calculate_total | FAILED internal/service/order_service_test.go::test_deploy_health - type mismatch in business logic,TRUE,application_defect
RCA_00889,CircleCI,Rust,deploy,Resource Exhaustion,DNSResolutionError,Temporary failure in name resolution for host 'api.example.com',urllib3/connection.py line 125,Max retries exceeded because DNS resolution failed | additional context: retry attempted; cache restored; environment variables loaded; exit code 1,deploy | Resource Exhaustion | DNSResolutionError | Temporary failure in name resolution for host 'api.example.com' | urllib3/connection.py line 125 | Max retries exceeded because DNS resolution failed | additional context: retry attempted; cache restored; environment variables loaded; exit code 1,FALSE,network_issue
RCA_00124,GitLab CI,C++,deploy,Security Scan Failure,MemoryError,MemoryError: process killed because memory limit was exceeded,runner/executor.py line 135,CI job exceeded memory limit during test execution,deploy | Security Scan Failure | MemoryError | MemoryError: process killed because memory limit was exceeded | runner/executor.py line 135 | CI job exceeded memory limit during test execution,FALSE,infrastructure_resource_issue
RCA_00847,Jenkins,Java,deploy,Resource Exhaustion,FileNotFoundError,FileNotFoundError: config/test_config.json not found,app/config.py line 86,Configuration file path does not exist in CI environment,deploy | Resource Exhaustion | FileNotFoundError | FileNotFoundError: config/test_config.json not found | app/config.py line 86 | Configuration file path does not exist in CI environment,TRUE,environment_config_issue
RCA_00259,Azure DevOps,Python,test,Security Scan Failure,TimeoutError,TimeoutError: waiting for element '.user-row' exceeded 10 seconds,tests/test_payment_service.py line 30,FAILED tests/test_payment_service.py::test_api_response - UI locator or wait condition is unstable | additional context: retry attempted; cache restored; environment variables loaded; exit code 1,test | Security Scan Failure | TimeoutError | TimeoutError: waiting for element '.user-row' exceeded 10 seconds | tests/test_payment_service.py line 30 | FAILED tests/test_payment_service.py::test_api_response - UI locator or wait condition is unstable | additional context: retry attempted; cache restored; environment variables loaded; exit code 1,FALSE,test_script_issue
RCA_01493,GitHub Actions,Rust,deploy,Build Failure,MemoryError,MemoryError: process killed because memory limit was exceeded,runner/executor.py line 69,CI job exceeded memory limit during test execution,deploy | Build Failure | MemoryError | MemoryError: process killed because memory limit was exceeded | runner/executor.py line 69 | CI job exceeded memory limit during test execution,TRUE,infrastructure_resource_issue
RCA_01106,CircleCI,Rust,test,Dependency Error,HTTPError,HTTPError: 503 Service Unavailable from upstream service,external_api_client.py line 45,External API returned 503 during tests/order_service_test.rs::test_payment_validation,test | Dependency Error | HTTPError | HTTPError: 503 Service Unavailable from upstream service | external_api_client.py line 45 | External API returned 503 during tests/order_service_test.rs::test_payment_validation,TRUE,network_issue
RCA_00224,CircleCI,Rust,build,Configuration Error,FileNotFoundError,FileNotFoundError: config/test_config.json not found,app/config.py line 39,Configuration file path does not exist in CI environment,build | Configuration Error | FileNotFoundError | FileNotFoundError: config/test_config.json not found | app/config.py line 39 | Configuration file path does not exist in CI environment,TRUE,environment_config_issue
RCA_01002,Jenkins,Go,build,Timeout,AssertionError,AssertionError: expected status 200 but got 500,internal/service/order_service.go line 105 in apply_discount,FAILED internal/service/order_service_test.go::test_calculate_total - application returned internal server error | additional context: retry attempted; cache restored; environment variables loaded; exit code 1,build | Timeout | AssertionError | AssertionError: expected status 200 but got 500 | internal/service/order_service.go line 105 in apply_discount | FAILED internal/service/order_service_test.go::test_calculate_total - application returned internal server error | additional context: retry attempted; cache restored; environment variables loaded; exit code 1,TRUE,application_defect
RCA_01433,Jenkins,C++,test,Permission Error,DependencyResolutionError,Could not resolve dependency 'numpy>=2.0.0',package_manager.py line 100,Dependency resolver failed during install step | additional context: retry attempted; cache restored; environment variables loaded; exit code 1,test | Permission Error | DependencyResolutionError | Could not resolve dependency 'numpy>=2.0.0' | package_manager.py line 100 | Dependency resolver failed during install step | additional context: retry attempted; cache restored; environment variables loaded; exit code 1,TRUE,dependency_issue
RCA_00707,CircleCI,Go,test,Configuration Error,FileNotFoundError,FileNotFoundError: config/test_config.json not found,app/config.py line 78,Configuration file path does not exist in CI environment,test | Configuration Error | FileNotFoundError | FileNotFoundError: config/test_config.json not found | app/config.py line 78 | Configuration file path does not exist in CI environment,FALSE,environment_config_issue
RCA_00566,Azure DevOps,Java,deploy,Test Failure,NameError,NameError: name 'usr_id' is not defined,src/main/java/com/demo/OrderService.java line 105 in process_order,FAILED src/test/java/com/demo/UserServiceTest.java::test_create_user - undefined variable raised from application code,deploy | Test Failure | NameError | NameError: name 'usr_id' is not defined | src/main/java/com/demo/OrderService.java line 105 in process_order | FAILED src/test/java/com/demo/UserServiceTest.java::test_create_user - undefined variable raised from application code,FALSE,environment_config_issue
RCA_00642,GitHub Actions,Go,test,Configuration Error,HTTPError,HTTPError: 503 Service Unavailable from upstream service,external_api_client.py line 83,External API returned 503 during internal/service/order_service_test.go::test_api_response | additional context: retry attempted; cache restored; environment variables loaded; exit code 1,test | Configuration Error | HTTPError | HTTPError: 503 Service Unavailable from upstream service | external_api_client.py line 83 | External API returned 503 during internal/service/order_service_test.go::test_api_response | additional context: retry attempted; cache restored; environment variables loaded; exit code 1,FALSE,infrastructure_resource_issue
RCA_00502,GitHub Actions,NodeJS,build,Test Failure,OSError,OSError: [Errno 28] No space left on device,runner/cache.py line 83,Disk full while restoring cache or building image | additional context: retry attempted; cache restored; environment variables loaded; exit code 1,build | Test Failure | OSError | OSError: [Errno 28] No space left on device | runner/cache.py line 83 | Disk full while restoring cache or building image | additional context: retry attempted; cache restored; environment variables loaded; exit code 1,TRUE,infrastructure_resource_issue
RCA_01267,CircleCI,Rust,deploy,Timeout,NameError,NameError: name 'respnse' is not defined,src/order_service.rs line 74 in apply_discount,FAILED tests/order_service_test.rs::test_process_order - undefined variable raised from application code,deploy | Timeout | NameError | NameError: name 'respnse' is not defined | src/order_service.rs line 74 in apply_discount | FAILED tests/order_service_test.rs::test_process_order - undefined variable raised from application code,TRUE,application_defect
RCA_00446,GitHub Actions,C++,deploy,Configuration Error,DeploymentError,DeploymentError: health check failed after deployment,deploy/health_check.py line 42,Service did not become healthy after deployment,deploy | Configuration Error | DeploymentError | DeploymentError: health check failed after deployment | deploy/health_check.py line 42 | Service did not become healthy after deployment,FALSE,deployment_issue
RCA_00638,Azure DevOps,Python,deploy,Deployment Failure,NameError,NameError: name 'total_amunt' is not defined,app/config.py line 56 in calculate_total,FAILED tests/test_payment_service.py::test_payment_validation - undefined variable raised from application code,deploy | Deployment Failure | NameError | NameError: name 'total_amunt' is not defined | app/config.py line 56 in calculate_total | FAILED tests/test_payment_service.py::test_payment_validation - undefined variable raised from application code,FALSE,application_defect
RCA_00455,GitLab CI,C++,deploy,Test Failure,ImportError,ImportError: cannot import name 'calculate_totals' from application module,tests/test_user_service.cpp line 118,ERROR collecting tests/test_user_service.cpp::test_calculate_total - test imports old function name,deploy | Test Failure | ImportError | ImportError: cannot import name 'calculate_totals' from application module | tests/test_user_service.cpp line 118 | ERROR collecting tests/test_user_service.cpp::test_calculate_total - test imports old function name,FALSE,test_script_issue
RCA_00579,GitHub Actions,Java,test,Deployment Failure,DependencyResolutionError,Could not resolve dependency 'requests>=2.0.0',package_manager.py line 54,Dependency resolver failed during install step | additional context: retry attempted; cache restored; environment variables loaded; exit code 1,test | Deployment Failure | DependencyResolutionError | Could not resolve dependency 'requests>=2.0.0' | package_manager.py line 54 | Dependency resolver failed during install step | additional context: retry attempted; cache restored; environment variables loaded; exit code 1,FALSE,dependency_issue
RCA_01246,Jenkins,C++,build,Security Scan Failure,TimeoutError,Job exceeded maximum execution time of 600 seconds,runner/workflow.py line 34,Workflow timed out during test execution,build | Security Scan Failure | TimeoutError | Job exceeded maximum execution time of 600 seconds | runner/workflow.py line 34 | Workflow timed out during test execution,TRUE,infrastructure_resource_issue
RCA_01065,CircleCI,NodeJS,deploy,Resource Exhaustion,MemoryError,MemoryError: process killed because memory limit was exceeded,runner/executor.py line 46,CI job exceeded memory limit during test execution | additional context: retry attempted; cache restored; environment variables loaded; exit code 1,deploy | Resource Exhaustion | MemoryError | MemoryError: process killed because memory limit was exceeded | runner/executor.py line 46 | CI job exceeded memory limit during test execution | additional context: retry attempted; cache restored; environment variables loaded; exit code 1,FALSE,infrastructure_resource_issue
RCA_00811,Azure DevOps,Go,build,Security Scan Failure,ModuleNotFoundError,ModuleNotFoundError: No module named 'gin-gonic',internal/service/order_service_test.go line 116,ImportError while importing test module because dependency gin-gonic is missing,build | Security Scan Failure | ModuleNotFoundError | ModuleNotFoundError: No module named 'gin-gonic' | internal/service/order_service_test.go line 116 | ImportError while importing test module because dependency gin-gonic is missing,FALSE,dependency_issue
RCA_00093,Azure DevOps,Python,build,Security Scan Failure,TypeError,TypeError: unsupported operand type(s) for +: 'int' and 'str',app/calculator.py line 16 in create_user,FAILED tests/test_calculator.py::test_apply_discount - type mismatch in business logic,build | Security Scan Failure | TypeError | TypeError: unsupported operand type(s) for +: 'int' and 'str' | app/calculator.py line 16 in create_user | FAILED tests/test_calculator.py::test_apply_discount - type mismatch in business logic,FALSE,application_defect
RCA_01259,Azure DevOps,C++,build,Resource Exhaustion,DependencyResolutionError,Could not resolve dependency 'gin-gonic>=2.0.0',package_manager.py line 47,Dependency resolver failed during install step,build | Resource Exhaustion | DependencyResolutionError | Could not resolve dependency 'gin-gonic>=2.0.0' | package_manager.py line 47 | Dependency resolver failed during install step,TRUE,dependency_issue
RCA_01094,GitLab CI,Java,test,Permission Error,HTTPError,HTTPError: 503 Service Unavailable from upstream service,external_api_client.py line 93,External API returned 503 during src/test/java/com/demo/OrderServiceTest.java::test_calculate_total,test | Permission Error | HTTPError | HTTPError: 503 Service Unavailable from upstream service | external_api_client.py line 93 | External API returned 503 during src/test/java/com/demo/OrderServiceTest.java::test_calculate_total,FALSE,network_issue
RCA_01183,Azure DevOps,Python,test,Build Failure,NameError,NameError: name 'usr_id' is not defined,app/user_service.py line 70 in validate_payment,FAILED tests/test_payment_service.py::test_api_response - undefined variable raised from application code | additional context: retry attempted; cache restored; environment variables loaded; exit code 1,test | Build Failure | NameError | NameError: name 'usr_id' is not defined | app/user_service.py line 70 in validate_payment | FAILED tests/test_payment_service.py::test_api_response - undefined variable raised from application code | additional context: retry attempted; cache restored; environment variables loaded; exit code 1,TRUE,environment_config_issue
RCA_00343,Azure DevOps,NodeJS,test,Build Failure,HTTPError,HTTPError: 503 Service Unavailable from upstream service,external_api_client.py line 101,External API returned 503 during tests/priceCalculator.test.js::test_api_response,test | Build Failure | HTTPError | HTTPError: 503 Service Unavailable from upstream service | external_api_client.py line 101 | External API returned 503 during tests/priceCalculator.test.js::test_api_response,TRUE,network_issue
RCA_00252,GitHub Actions,Python,build,Timeout,DNSResolutionError,Temporary failure in name resolution for host 'api.example.com',urllib3/connection.py line 33,Max retries exceeded because DNS resolution failed,build | Timeout | DNSResolutionError | Temporary failure in name resolution for host 'api.example.com' | urllib3/connection.py line 33 | Max retries exceeded because DNS resolution failed,FALSE,network_issue
RCA_01019,Azure DevOps,C++,test,Build Failure,NameError,NameError: name 'usr_id' is not defined,src/config.cpp line 131 in validate_payment,FAILED tests/test_order_service.cpp::test_calculate_total - undefined variable raised from application code | additional context: retry attempted; cache restored; environment variables loaded; exit code 1,test | Build Failure | NameError | NameError: name 'usr_id' is not defined | src/config.cpp line 131 in validate_payment | FAILED tests/test_order_service.cpp::test_calculate_total - undefined variable raised from application code | additional context: retry attempted; cache restored; environment variables loaded; exit code 1,FALSE,application_defect
RCA_00159,GitLab CI,Rust,deploy,Network Error,TimeoutError,TimeoutError: waiting for element 'button.save' exceeded 10 seconds,tests/user_service_test.rs line 113,FAILED tests/user_service_test.rs::test_payment_validation - UI locator or wait condition is unstable,deploy | Network Error | TimeoutError | TimeoutError: waiting for element 'button.save' exceeded 10 seconds | tests/user_service_test.rs line 113 | FAILED tests/user_service_test.rs::test_payment_validation - UI locator or wait condition is unstable,FALSE,test_script_issue
RCA_01273,GitLab CI,Go,deploy,Permission Error,NameError,NameError: name 'usr_id' is not defined,internal/config/config.go line 109 in apply_discount,FAILED internal/service/user_service_test.go::test_apply_discount - undefined variable raised from application code,deploy | Permission Error | NameError | NameError: name 'usr_id' is not defined | internal/config/config.go line 109 in apply_discount | FAILED internal/service/user_service_test.go::test_apply_discount - undefined variable raised from application code,TRUE,application_defect
RCA_01425,Azure DevOps,Go,deploy,Configuration Error,AssertionError,AssertionError: assert 180 == 190,internal/service/order_service_test.go line 30,FAILED internal/service/order_service_test.go::test_apply_discount - expected value in test appears outdated,deploy | Configuration Error | AssertionError | AssertionError: assert 180 == 190 | internal/service/order_service_test.go line 30 | FAILED internal/service/order_service_test.go::test_apply_discount - expected value in test appears outdated,TRUE,test_script_issue
RCA_00796,CircleCI,Rust,deploy,Configuration Error,FileNotFoundError,FileNotFoundError: config/test_config.json not found,app/config.py line 71,Configuration file path does not exist in CI environment,deploy | Configuration Error | FileNotFoundError | FileNotFoundError: config/test_config.json not found | app/config.py line 71 | Configuration file path does not exist in CI environment,FALSE,environment_config_issue
RCA_00397,Azure DevOps,Go,test,Build Failure,NameError,NameError: name 'total_amunt' is not defined,internal/service/order_service.go line 7 in process_order,FAILED internal/service/user_service_test.go::test_process_order - undefined variable raised from application code | additional context: retry attempted; cache restored; environment variables loaded; exit code 1,test | Build Failure | NameError | NameError: name 'total_amunt' is not defined | internal/service/order_service.go line 7 in process_order | FAILED internal/service/user_service_test.go::test_process_order - undefined variable raised from application code | additional context: retry attempted; cache restored; environment variables loaded; exit code 1,TRUE,application_defect
RCA_00187,GitHub Actions,Java,test,Timeout,PermissionError,PermissionError: cannot write to reports/output.json,app/report.py line 23,CI runner cannot write to report output directory | additional context: retry attempted; cache restored; environment variables loaded; exit code 1,test | Timeout | PermissionError | PermissionError: cannot write to reports/output.json | app/report.py line 23 | CI runner cannot write to report output directory | additional context: retry attempted; cache restored; environment variables loaded; exit code 1,TRUE,environment_config_issue
RCA_00857,GitLab CI,Rust,test,Dependency Error,AssertionError,AssertionError: assert 180 == 190,tests/order_service_test.rs line 40,FAILED tests/order_service_test.rs::test_apply_discount - expected value in test appears outdated,test | Dependency Error | AssertionError | AssertionError: assert 180 == 190 | tests/order_service_test.rs line 40 | FAILED tests/order_service_test.rs::test_apply_discount - expected value in test appears outdated,TRUE,test_script_issue
RCA_01304,GitHub Actions,NodeJS,test,Network Error,FileNotFoundError,FileNotFoundError: config/test_config.json not found,app/config.py line 120,Configuration file path does not exist in CI environment,test | Network Error | FileNotFoundError | FileNotFoundError: config/test_config.json not found | app/config.py line 120 | Configuration file path does not exist in CI environment,FALSE,environment_config_issue
RCA_00808,Jenkins,Rust,test,Network Error,OSError,OSError: [Errno 28] No space left on device,runner/cache.py line 83,Disk full while restoring cache or building image,test | Network Error | OSError | OSError: [Errno 28] No space left on device | runner/cache.py line 83 | Disk full while restoring cache or building image,FALSE,infrastructure_resource_issue
RCA_01352,GitLab CI,Rust,deploy,Timeout,FileNotFoundError,FileNotFoundError: config/test_config.json not found,app/config.py line 20,Configuration file path does not exist in CI environment,deploy | Timeout | FileNotFoundError | FileNotFoundError: config/test_config.json not found | app/config.py line 20 | Configuration file path does not exist in CI environment,FALSE,application_defect
RCA_00778,CircleCI,Go,test,Permission Error,AssertionError,AssertionError: expected status 200 but got 500,internal/service/order_service.go line 126 in validate_payment,FAILED internal/service/order_service_test.go::test_payment_validation - application returned internal server error | additional context: retry attempted; cache restored; environment variables loaded; exit code 1,test | Permission Error | AssertionError | AssertionError: expected status 200 but got 500 | internal/service/order_service.go line 126 in validate_payment | FAILED internal/service/order_service_test.go::test_payment_validation - application returned internal server error | additional context: retry attempted; cache restored; environment variables loaded; exit code 1,FALSE,test_script_issue
RCA_00467,CircleCI,Go,deploy,Dependency Error,TypeError,TypeError: unsupported operand type(s) for +: 'int' and 'str',internal/service/user_service.go line 114 in get_user_profile,FAILED internal/service/user_service_test.go::test_payment_validation - type mismatch in business logic | additional context: retry attempted; cache restored; environment variables loaded; exit code 1,deploy | Dependency Error | TypeError | TypeError: unsupported operand type(s) for +: 'int' and 'str' | internal/service/user_service.go line 114 in get_user_profile | FAILED internal/service/user_service_test.go::test_payment_validation - type mismatch in business logic | additional context: retry attempted; cache restored; environment variables loaded; exit code 1,TRUE,test_script_issue
RCA_00894,Azure DevOps,C++,build,Timeout,DNSResolutionError,Temporary failure in name resolution for host 'api.example.com',urllib3/connection.py line 97,Max retries exceeded because DNS resolution failed | additional context: retry attempted; cache restored; environment variables loaded; exit code 1,build | Timeout | DNSResolutionError | Temporary failure in name resolution for host 'api.example.com' | urllib3/connection.py line 97 | Max retries exceeded because DNS resolution failed | additional context: retry attempted; cache restored; environment variables loaded; exit code 1,FALSE,environment_config_issue
RCA_00949,CircleCI,Go,build,Timeout,FileNotFoundError,FileNotFoundError: config/test_config.json not found,app/config.py line 12,Configuration file path does not exist in CI environment,build | Timeout | FileNotFoundError | FileNotFoundError: config/test_config.json not found | app/config.py line 12 | Configuration file path does not exist in CI environment,FALSE,environment_config_issue
RCA_00389,GitHub Actions,Java,build,Resource Exhaustion,FixtureError,fixture 'sample_user' not found,src/test/java/com/demo/OrderServiceTest.java line 12,ERROR at setup of src/test/java/com/demo/OrderServiceTest.java::test_create_user - missing test fixture | additional context: retry attempted; cache restored; environment variables loaded; exit code 1,build | Resource Exhaustion | FixtureError | fixture 'sample_user' not found | src/test/java/com/demo/OrderServiceTest.java line 12 | ERROR at setup of src/test/java/com/demo/OrderServiceTest.java::test_create_user - missing test fixture | additional context: retry attempted; cache restored; environment variables loaded; exit code 1,FALSE,test_script_issue
RCA_00146,GitHub Actions,Java,test,Timeout,OSError,OSError: [Errno 28] No space left on device,runner/cache.py line 100,Disk full while restoring cache or building image,test | Timeout | OSError | OSError: [Errno 28] No space left on device | runner/cache.py line 100 | Disk full while restoring cache or building image,TRUE,infrastructure_resource_issue
RCA_00887,CircleCI,Go,test,Permission Error,ImportError,ImportError: cannot import name 'process_orders' from application module,internal/service/order_service_test.go line 136,ERROR collecting internal/service/order_service_test.go::test_apply_discount - test imports old function name | additional context: retry attempted; cache restored; environment variables loaded; exit code 1,test | Permission Error | ImportError | ImportError: cannot import name 'process_orders' from application module | internal/service/order_service_test.go line 136 | ERROR collecting internal/service/order_service_test.go::test_apply_discount - test imports old function name | additional context: retry attempted; cache restored; environment variables loaded; exit code 1,FALSE,test_script_issue
RCA_00139,GitHub Actions,Java,deploy,Network Error,MigrationError,Database migration failed: column 'status' already exists,migrations/2026_update.sql line 59,Deployment failed during database migration | additional context: retry attempted; cache restored; environment variables loaded; exit code 1,deploy | Network Error | MigrationError | Database migration failed: column 'status' already exists | migrations/2026_update.sql line 59 | Deployment failed during database migration | additional context: retry attempted; cache restored; environment variables loaded; exit code 1,FALSE,deployment_issue
RCA_00893,CircleCI,Java,test,Security Scan Failure,KeyError,KeyError: 'API_TOKEN',app/config.py line 41 in load_config,Missing environment variable in CI runner,test | Security Scan Failure | KeyError | KeyError: 'API_TOKEN' | app/config.py line 41 in load_config | Missing environment variable in CI runner,FALSE,environment_config_issue
RCA_01423,GitLab CI,NodeJS,build,Security Scan Failure,TimeoutError,TimeoutError: waiting for element 'input[name=email]' exceeded 10 seconds,tests/priceCalculator.test.js line 10,FAILED tests/priceCalculator.test.js::test_payment_validation - UI locator or wait condition is unstable,build | Security Scan Failure | TimeoutError | TimeoutError: waiting for element 'input[name=email]' exceeded 10 seconds | tests/priceCalculator.test.js line 10 | FAILED tests/priceCalculator.test.js::test_payment_validation - UI locator or wait condition is unstable,TRUE,application_defect
RCA_00647,Azure DevOps,NodeJS,deploy,Permission Error,DNSResolutionError,Temporary failure in name resolution for host 'pypi.org',urllib3/connection.py line 70,Max retries exceeded because DNS resolution failed | additional context: retry attempted; cache restored; environment variables loaded; exit code 1,deploy | Permission Error | DNSResolutionError | Temporary failure in name resolution for host 'pypi.org' | urllib3/connection.py line 70 | Max retries exceeded because DNS resolution failed | additional context: retry attempted; cache restored; environment variables loaded; exit code 1,TRUE,network_issue
RCA_01118,Azure DevOps,Java,build,Timeout,FileNotFoundError,FileNotFoundError: config/test_config.json not found,app/config.py line 7,Configuration file path does not exist in CI environment | additional context: retry attempted; cache restored; environment variables loaded; exit code 1,build | Timeout | FileNotFoundError | FileNotFoundError: config/test_config.json not found | app/config.py line 7 | Configuration file path does not exist in CI environment | additional context: retry attempted; cache restored; environment variables loaded; exit code 1,TRUE,application_defect
RCA_01376,Azure DevOps,NodeJS,build,Security Scan Failure,TimeoutError,TimeoutError: waiting for element 'button.save' exceeded 10 seconds,tests/priceCalculator.test.js line 133,FAILED tests/priceCalculator.test.js::test_process_order - UI locator or wait condition is unstable,build | Security Scan Failure | TimeoutError | TimeoutError: waiting for element 'button.save' exceeded 10 seconds | tests/priceCalculator.test.js line 133 | FAILED tests/priceCalculator.test.js::test_process_order - UI locator or wait condition is unstable,TRUE,test_script_issue
RCA_00440,Azure DevOps,C++,build,Security Scan Failure,KeyError,KeyError: 'SERVICE_URL',app/config.py line 119 in load_config,Missing environment variable in CI runner,build | Security Scan Failure | KeyError | KeyError: 'SERVICE_URL' | app/config.py line 119 in load_config | Missing environment variable in CI runner,TRUE,deployment_issue
RCA_01290,GitLab CI,Rust,deploy,Build Failure,FixtureError,fixture 'sample_user' not found,tests/user_service_test.rs line 46,ERROR at setup of tests/user_service_test.rs::test_calculate_total - missing test fixture,deploy | Build Failure | FixtureError | fixture 'sample_user' not found | tests/user_service_test.rs line 46 | ERROR at setup of tests/user_service_test.rs::test_calculate_total - missing test fixture,FALSE,test_script_issue
RCA_00891,GitHub Actions,NodeJS,deploy,Configuration Error,NameError,NameError: name 'quanity' is not defined,src/utils/priceCalculator.js line 74 in apply_discount,FAILED tests/priceCalculator.test.js::test_api_response - undefined variable raised from application code | additional context: retry attempted; cache restored; environment variables loaded; exit code 1,deploy | Configuration Error | NameError | NameError: name 'quanity' is not defined | src/utils/priceCalculator.js line 74 in apply_discount | FAILED tests/priceCalculator.test.js::test_api_response - undefined variable raised from application code | additional context: retry attempted; cache restored; environment variables loaded; exit code 1,FALSE,application_defect
RCA_01084,CircleCI,Java,deploy,Resource Exhaustion,HTTPError,HTTPError: 503 Service Unavailable from upstream service,external_api_client.py line 75,External API returned 503 during src/test/java/com/demo/UserServiceTest.java::test_deploy_health,deploy | Resource Exhaustion | HTTPError | HTTPError: 503 Service Unavailable from upstream service | external_api_client.py line 75 | External API returned 503 during src/test/java/com/demo/UserServiceTest.java::test_deploy_health,TRUE,deployment_issue
RCA_01417,CircleCI,NodeJS,test,Configuration Error,TimeoutError,Job exceeded maximum execution time of 600 seconds,runner/workflow.py line 84,Workflow timed out during test execution | additional context: retry attempted; cache restored; environment variables loaded; exit code 1,test | Configuration Error | TimeoutError | Job exceeded maximum execution time of 600 seconds | runner/workflow.py line 84 | Workflow timed out during test execution | additional context: retry attempted; cache restored; environment variables loaded; exit code 1,TRUE,infrastructure_resource_issue
RCA_00678,CircleCI,Java,build,Configuration Error,DNSResolutionError,Temporary failure in name resolution for host 'api.example.com',urllib3/connection.py line 112,Max retries exceeded because DNS resolution failed,build | Configuration Error | DNSResolutionError | Temporary failure in name resolution for host 'api.example.com' | urllib3/connection.py line 112 | Max retries exceeded because DNS resolution failed,TRUE,network_issue
RCA_01440,GitHub Actions,Go,deploy,Deployment Failure,FileNotFoundError,FileNotFoundError: config/test_config.json not found,app/config.py line 77,Configuration file path does not exist in CI environment,deploy | Deployment Failure | FileNotFoundError | FileNotFoundError: config/test_config.json not found | app/config.py line 77 | Configuration file path does not exist in CI environment,FALSE,environment_config_issue
RCA_01335,Jenkins,Java,build,Network Error,ConnectionTimeout,ConnectionTimeout: request timed out after 10 seconds,external_api_client.py line 136,External service call timed out while running src/test/java/com/demo/UserServiceTest.java::test_create_user | additional context: retry attempted; cache restored; environment variables loaded; exit code 1,build | Network Error | ConnectionTimeout | ConnectionTimeout: request timed out after 10 seconds | external_api_client.py line 136 | External service call timed out while running src/test/java/com/demo/UserServiceTest.java::test_create_user | additional context: retry attempted; cache restored; environment variables loaded; exit code 1,FALSE,network_issue
RCA_00755,GitHub Actions,C++,deploy,Build Failure,NameError,NameError: name 'quanity' is not defined,src/user_service.cpp line 19 in validate_payment,FAILED tests/test_user_service.cpp::test_payment_validation - undefined variable raised from application code,deploy | Build Failure | NameError | NameError: name 'quanity' is not defined | src/user_service.cpp line 19 in validate_payment | FAILED tests/test_user_service.cpp::test_payment_validation - undefined variable raised from application code,FALSE,application_defect
RCA_00184,GitLab CI,Rust,build,Dependency Error,VersionConflict,Version conflict: required junit==2.0.0 but installed junit==1.4.0,dependency_check.py line 96,Dependency version mismatch in CI environment,build | Dependency Error | VersionConflict | Version conflict: required junit==2.0.0 but installed junit==1.4.0 | dependency_check.py line 96 | Dependency version mismatch in CI environment,FALSE,dependency_issue
RCA_01154,Azure DevOps,Go,build,Deployment Failure,AssertionError,AssertionError: assert 180 == 190,internal/service/user_service_test.go line 19,FAILED internal/service/user_service_test.go::test_process_order - expected value in test appears outdated,build | Deployment Failure | AssertionError | AssertionError: assert 180 == 190 | internal/service/user_service_test.go line 19 | FAILED internal/service/user_service_test.go::test_process_order - expected value in test appears outdated,TRUE,application_defect
RCA_00665,Jenkins,Python,deploy,Security Scan Failure,MigrationError,Database migration failed: column 'status' already exists,migrations/2026_update.sql line 130,Deployment failed during database migration,deploy | Security Scan Failure | MigrationError | Database migration failed: column 'status' already exists | migrations/2026_update.sql line 130 | Deployment failed during database migration,TRUE,deployment_issue
RCA_01157,Jenkins,Java,test,Deployment Failure,PermissionError,PermissionError: cannot write to reports/output.json,app/report.py line 25,CI runner cannot write to report output directory,test | Deployment Failure | PermissionError | PermissionError: cannot write to reports/output.json | app/report.py line 25 | CI runner cannot write to report output directory,FALSE,environment_config_issue
RCA_01366,CircleCI,C++,test,Network Error,DeploymentError,DeploymentError: health check failed after deployment,deploy/health_check.py line 118,Service did not become healthy after deployment,test | Network Error | DeploymentError | DeploymentError: health check failed after deployment | deploy/health_check.py line 118 | Service did not become healthy after deployment,TRUE,environment_config_issue
RCA_01287,GitLab CI,Rust,deploy,Configuration Error,ConnectionTimeout,ConnectionTimeout: request timed out after 60 seconds,external_api_client.py line 53,External service call timed out while running tests/user_service_test.rs::test_deploy_health,deploy | Configuration Error | ConnectionTimeout | ConnectionTimeout: request timed out after 60 seconds | external_api_client.py line 53 | External service call timed out while running tests/user_service_test.rs::test_deploy_health,TRUE,network_issue
RCA_00044,GitLab CI,Python,build,Configuration Error,ImagePullBackOff,ImagePullBackOff: failed to pull image 'registry.internal/order-api:1.2.0',kubernetes/deploy.yaml line 58,Deployment failed because container image could not be pulled | additional context: retry attempted; cache restored; environment variables loaded; exit code 1,build | Configuration Error | ImagePullBackOff | ImagePullBackOff: failed to pull image 'registry.internal/order-api:1.2.0' | kubernetes/deploy.yaml line 58 | Deployment failed because container image could not be pulled | additional context: retry attempted; cache restored; environment variables loaded; exit code 1,TRUE,deployment_issue
RCA_00572,Azure DevOps,Python,deploy,Dependency Error,TimeoutError,TimeoutError: waiting for element '#checkout-confirm' exceeded 10 seconds,tests/test_calculator.py line 129,FAILED tests/test_calculator.py::test_create_user - UI locator or wait condition is unstable,deploy | Dependency Error | TimeoutError | TimeoutError: waiting for element '#checkout-confirm' exceeded 10 seconds | tests/test_calculator.py line 129 | FAILED tests/test_calculator.py::test_create_user - UI locator or wait condition is unstable,TRUE,test_script_issue
RCA_01095,GitHub Actions,Java,deploy,Timeout,DependencyResolutionError,Could not resolve dependency 'requests>=2.0.0',package_manager.py line 77,Dependency resolver failed during install step,deploy | Timeout | DependencyResolutionError | Could not resolve dependency 'requests>=2.0.0' | package_manager.py line 77 | Dependency resolver failed during install step,FALSE,environment_config_issue
RCA_01100,GitLab CI,NodeJS,build,Timeout,TimeoutError,TimeoutError: waiting for element '#submit-button' exceeded 10 seconds,tests/orderService.test.js line 117,FAILED tests/orderService.test.js::test_api_response - UI locator or wait condition is unstable,build | Timeout | TimeoutError | TimeoutError: waiting for element '#submit-button' exceeded 10 seconds | tests/orderService.test.js line 117 | FAILED tests/orderService.test.js::test_api_response - UI locator or wait condition is unstable,TRUE,application_defect
RCA_00669,Azure DevOps,Go,build,Network Error,MemoryError,MemoryError: process killed because memory limit was exceeded,runner/executor.py line 67,CI job exceeded memory limit during test execution,build | Network Error | MemoryError | MemoryError: process killed because memory limit was exceeded | runner/executor.py line 67 | CI job exceeded memory limit during test execution,FALSE,test_script_issue
RCA_01469,CircleCI,Java,build,Dependency Error,VersionConflict,Version conflict: required spring-core==2.0.0 but installed spring-core==1.4.0,dependency_check.py line 87,Dependency version mismatch in CI environment,build | Dependency Error | VersionConflict | Version conflict: required spring-core==2.0.0 but installed spring-core==1.4.0 | dependency_check.py line 87 | Dependency version mismatch in CI environment,TRUE,dependency_issue
RCA_00853,Jenkins,Rust,test,Permission Error,PermissionError,PermissionError: cannot write to reports/output.json,app/report.py line 35,CI runner cannot write to report output directory | additional context: retry attempted; cache restored; environment variables loaded; exit code 1,test | Permission Error | PermissionError | PermissionError: cannot write to reports/output.json | app/report.py line 35 | CI runner cannot write to report output directory | additional context: retry attempted; cache restored; environment variables loaded; exit code 1,FALSE,environment_config_issue
RCA_01343,GitLab CI,Python,deploy,Resource Exhaustion,PermissionError,PermissionError: cannot write to reports/output.json,app/report.py line 74,CI runner cannot write to report output directory,deploy | Resource Exhaustion | PermissionError | PermissionError: cannot write to reports/output.json | app/report.py line 74 | CI runner cannot write to report output directory,TRUE,environment_config_issue
RCA_01380,Azure DevOps,Rust,test,Security Scan Failure,ConnectionTimeout,ConnectionTimeout: request timed out after 10 seconds,external_api_client.py line 47,External service call timed out while running tests/user_service_test.rs::test_payment_validation | additional context: retry attempted; cache restored; environment variables loaded; exit code 1,test | Security Scan Failure | ConnectionTimeout | ConnectionTimeout: request timed out after 10 seconds | external_api_client.py line 47 | External service call timed out while running tests/user_service_test.rs::test_payment_validation | additional context: retry attempted; cache restored; environment variables loaded; exit code 1,TRUE,network_issue
RCA_01198,Jenkins,Go,test,Permission Error,KeyError,KeyError: 'APP_ENV',app/config.py line 105 in load_config,Missing environment variable in CI runner,test | Permission Error | KeyError | KeyError: 'APP_ENV' | app/config.py line 105 in load_config | Missing environment variable in CI runner,TRUE,environment_config_issue
RCA_00280,GitHub Actions,Rust,deploy,Security Scan Failure,FileNotFoundError,FileNotFoundError: config/test_config.json not found,app/config.py line 49,Configuration file path does not exist in CI environment,deploy | Security Scan Failure | FileNotFoundError | FileNotFoundError: config/test_config.json not found | app/config.py line 49 | Configuration file path does not exist in CI environment,FALSE,environment_config_issue
RCA_00332,Azure DevOps,Rust,test,Timeout,OSError,OSError: [Errno 28] No space left on device,runner/cache.py line 79,Disk full while restoring cache or building image,test | Timeout | OSError | OSError: [Errno 28] No space left on device | runner/cache.py line 79 | Disk full while restoring cache or building image,TRUE,infrastructure_resource_issue
RCA_00188,GitLab CI,Rust,deploy,Deployment Failure,SASTFinding,SAST found SQL injection risk in function 'get_user_profile',src/config.rs line 135,Static analysis found security issue,deploy | Deployment Failure | SASTFinding | SAST found SQL injection risk in function 'get_user_profile' | src/config.rs line 135 | Static analysis found security issue,FALSE,deployment_issue
RCA_01087,GitHub Actions,Rust,build,Timeout,FileNotFoundError,FileNotFoundError: config/test_config.json not found,app/config.py line 103,Configuration file path does not exist in CI environment,build | Timeout | FileNotFoundError | FileNotFoundError: config/test_config.json not found | app/config.py line 103 | Configuration file path does not exist in CI environment,TRUE,environment_config_issue
RCA_00812,Azure DevOps,C++,test,Build Failure,OSError,OSError: [Errno 28] No space left on device,runner/cache.py line 44,Disk full while restoring cache or building image,test | Build Failure | OSError | OSError: [Errno 28] No space left on device | runner/cache.py line 44 | Disk full while restoring cache or building image,TRUE,infrastructure_resource_issue
RCA_00653,CircleCI,Java,test,Test Failure,MigrationError,Database migration failed: column 'status' already exists,migrations/2026_update.sql line 50,Deployment failed during database migration | additional context: retry attempted; cache restored; environment variables loaded; exit code 1,test | Test Failure | MigrationError | Database migration failed: column 'status' already exists | migrations/2026_update.sql line 50 | Deployment failed during database migration | additional context: retry attempted; cache restored; environment variables loaded; exit code 1,FALSE,deployment_issue
RCA_00426,Azure DevOps,NodeJS,build,Security Scan Failure,FileNotFoundError,FileNotFoundError: config/test_config.json not found,app/config.py line 114,Configuration file path does not exist in CI environment,build | Security Scan Failure | FileNotFoundError | FileNotFoundError: config/test_config.json not found | app/config.py line 114 | Configuration file path does not exist in CI environment,FALSE,environment_config_issue
RCA_00872,Azure DevOps,NodeJS,deploy,Dependency Error,FileNotFoundError,FileNotFoundError: config/test_config.json not found,app/config.py line 51,Configuration file path does not exist in CI environment,deploy | Dependency Error | FileNotFoundError | FileNotFoundError: config/test_config.json not found | app/config.py line 51 | Configuration file path does not exist in CI environment,TRUE,deployment_issue
RCA_00474,Azure DevOps,Java,build,Build Failure,ImagePullBackOff,ImagePullBackOff: failed to pull image 'registry.internal/order-api:1.2.0',kubernetes/deploy.yaml line 117,Deployment failed because container image could not be pulled,build | Build Failure | ImagePullBackOff | ImagePullBackOff: failed to pull image 'registry.internal/order-api:1.2.0' | kubernetes/deploy.yaml line 117 | Deployment failed because container image could not be pulled,FALSE,deployment_issue
RCA_00368,GitHub Actions,Rust,test,Timeout,NameError,NameError: name 'paylod' is not defined,src/user_service.rs line 37 in get_user_profile,FAILED tests/user_service_test.rs::test_payment_validation - undefined variable raised from application code,test | Timeout | NameError | NameError: name 'paylod' is not defined | src/user_service.rs line 37 in get_user_profile | FAILED tests/user_service_test.rs::test_payment_validation - undefined variable raised from application code,TRUE,application_defect
RCA_01405,GitHub Actions,Java,deploy,Dependency Error,ConnectionTimeout,ConnectionTimeout: request timed out after 60 seconds,external_api_client.py line 78,External service call timed out while running src/test/java/com/demo/UserServiceTest.java::test_process_order,deploy | Dependency Error | ConnectionTimeout | ConnectionTimeout: request timed out after 60 seconds | external_api_client.py line 78 | External service call timed out while running src/test/java/com/demo/UserServiceTest.java::test_process_order,FALSE,network_issue
RCA_00604,GitLab CI,Java,build,Deployment Failure,TimeoutError,TimeoutError: waiting for element '.user-row' exceeded 10 seconds,src/test/java/com/demo/OrderServiceTest.java line 9,FAILED src/test/java/com/demo/OrderServiceTest.java::test_create_user - UI locator or wait condition is unstable,build | Deployment Failure | TimeoutError | TimeoutError: waiting for element '.user-row' exceeded 10 seconds | src/test/java/com/demo/OrderServiceTest.java line 9 | FAILED src/test/java/com/demo/OrderServiceTest.java::test_create_user - UI locator or wait condition is unstable,TRUE,test_script_issue
RCA_00553,GitHub Actions,Go,build,Network Error,KeyError,KeyError: 'SECRET_KEY',app/config.py line 140 in load_config,Missing environment variable in CI runner,build | Network Error | KeyError | KeyError: 'SECRET_KEY' | app/config.py line 140 in load_config | Missing environment variable in CI runner,TRUE,environment_config_issue
RCA_01407,Azure DevOps,C++,build,Build Failure,SyntaxError,SyntaxError: invalid syntax near 'return',src/order_service.cpp line 83,ERROR collecting tests/test_user_service.cpp::test_process_order - syntax error in source file | additional context: retry attempted; cache restored; environment variables loaded; exit code 1,build | Build Failure | SyntaxError | SyntaxError: invalid syntax near 'return' | src/order_service.cpp line 83 | ERROR collecting tests/test_user_service.cpp::test_process_order - syntax error in source file | additional context: retry attempted; cache restored; environment variables loaded; exit code 1,TRUE,test_script_issue
RCA_00089,Jenkins,C++,build,Permission Error,HTTPError,HTTPError: 503 Service Unavailable from upstream service,external_api_client.py line 90,External API returned 503 during tests/test_user_service.cpp::test_apply_discount | additional context: retry attempted; cache restored; environment variables loaded; exit code 1,build | Permission Error | HTTPError | HTTPError: 503 Service Unavailable from upstream service | external_api_client.py line 90 | External API returned 503 during tests/test_user_service.cpp::test_apply_discount | additional context: retry attempted; cache restored; environment variables loaded; exit code 1,TRUE,network_issue
RCA_00791,GitHub Actions,Python,test,Network Error,DNSResolutionError,Temporary failure in name resolution for host 'api.example.com',urllib3/connection.py line 10,Max retries exceeded because DNS resolution failed,test | Network Error | DNSResolutionError | Temporary failure in name resolution for host 'api.example.com' | urllib3/connection.py line 10 | Max retries exceeded because DNS resolution failed,FALSE,network_issue
RCA_01409,Jenkins,Go,test,Configuration Error,VersionConflict,Version conflict: required gin-gonic==2.0.0 but installed gin-gonic==1.4.0,dependency_check.py line 97,Dependency version mismatch in CI environment | additional context: retry attempted; cache restored; environment variables loaded; exit code 1,test | Configuration Error | VersionConflict | Version conflict: required gin-gonic==2.0.0 but installed gin-gonic==1.4.0 | dependency_check.py line 97 | Dependency version mismatch in CI environment | additional context: retry attempted; cache restored; environment variables loaded; exit code 1,FALSE,dependency_issue
RCA_00831,Azure DevOps,Rust,build,Permission Error,AssertionError,AssertionError: assert 180 == 190,tests/order_service_test.rs line 73,FAILED tests/order_service_test.rs::test_process_order - expected value in test appears outdated,build | Permission Error | AssertionError | AssertionError: assert 180 == 190 | tests/order_service_test.rs line 73 | FAILED tests/order_service_test.rs::test_process_order - expected value in test appears outdated,FALSE,test_script_issue
RCA_01034,GitLab CI,Python,deploy,Test Failure,TimeoutError,TimeoutError: waiting for element '#submit-button' exceeded 10 seconds,tests/test_user_service.py line 79,FAILED tests/test_user_service.py::test_calculate_total - UI locator or wait condition is unstable,deploy | Test Failure | TimeoutError | TimeoutError: waiting for element '#submit-button' exceeded 10 seconds | tests/test_user_service.py line 79 | FAILED tests/test_user_service.py::test_calculate_total - UI locator or wait condition is unstable,FALSE,test_script_issue
RCA_01314,Jenkins,Java,build,Permission Error,DeploymentError,DeploymentError: health check failed after deployment,deploy/health_check.py line 55,Service did not become healthy after deployment,build | Permission Error | DeploymentError | DeploymentError: health check failed after deployment | deploy/health_check.py line 55 | Service did not become healthy after deployment,TRUE,deployment_issue
RCA_00625,GitLab CI,NodeJS,build,Network Error,HTTPError,HTTPError: 503 Service Unavailable from upstream service,external_api_client.py line 16,External API returned 503 during tests/priceCalculator.test.js::test_calculate_total | additional context: retry attempted; cache restored; environment variables loaded; exit code 1,build | Network Error | HTTPError | HTTPError: 503 Service Unavailable from upstream service | external_api_client.py line 16 | External API returned 503 during tests/priceCalculator.test.js::test_calculate_total | additional context: retry attempted; cache restored; environment variables loaded; exit code 1,TRUE,network_issue
RCA_00082,CircleCI,NodeJS,build,Configuration Error,PermissionError,PermissionError: cannot write to reports/output.json,app/report.py line 61,CI runner cannot write to report output directory,build | Configuration Error | PermissionError | PermissionError: cannot write to reports/output.json | app/report.py line 61 | CI runner cannot write to report output directory,TRUE,environment_config_issue
RCA_01235,Jenkins,Go,deploy,Dependency Error,TypeError,TypeError: unsupported operand type(s) for +: 'int' and 'str',internal/service/user_service.go line 114 in apply_discount,FAILED internal/service/user_service_test.go::test_process_order - type mismatch in business logic,deploy | Dependency Error | TypeError | TypeError: unsupported operand type(s) for +: 'int' and 'str' | internal/service/user_service.go line 114 in apply_discount | FAILED internal/service/user_service_test.go::test_process_order - type mismatch in business logic,TRUE,application_defect
RCA_00917,Jenkins,Go,test,Build Failure,NameError,NameError: name 'total_amunt' is not defined,internal/service/user_service.go line 131 in validate_payment,FAILED internal/service/order_service_test.go::test_api_response - undefined variable raised from application code | additional context: retry attempted; cache restored; environment variables loaded; exit code 1,test | Build Failure | NameError | NameError: name 'total_amunt' is not defined | internal/service/user_service.go line 131 in validate_payment | FAILED internal/service/order_service_test.go::test_api_response - undefined variable raised from application code | additional context: retry attempted; cache restored; environment variables loaded; exit code 1,FALSE,application_defect
RCA_00742,Azure DevOps,C++,deploy,Build Failure,TypeError,TypeError: unsupported operand type(s) for +: 'int' and 'str',src/user_service.cpp line 128 in apply_discount,FAILED tests/test_user_service.cpp::test_deploy_health - type mismatch in business logic,deploy | Build Failure | TypeError | TypeError: unsupported operand type(s) for +: 'int' and 'str' | src/user_service.cpp line 128 in apply_discount | FAILED tests/test_user_service.cpp::test_deploy_health - type mismatch in business logic,FALSE,dependency_issue
RCA_01114,Jenkins,Java,deploy,Test Failure,TypeError,TypeError: unsupported operand type(s) for +: 'int' and 'str',src/main/java/com/demo/OrderService.java line 18 in process_order,FAILED src/test/java/com/demo/OrderServiceTest.java::test_api_response - type mismatch in business logic,deploy | Test Failure | TypeError | TypeError: unsupported operand type(s) for +: 'int' and 'str' | src/main/java/com/demo/OrderService.java line 18 in process_order | FAILED src/test/java/com/demo/OrderServiceTest.java::test_api_response - type mismatch in business logic,FALSE,application_defect
RCA_00334,GitLab CI,Python,test,Permission Error,ConnectionTimeout,ConnectionTimeout: request timed out after 60 seconds,external_api_client.py line 97,External service call timed out while running tests/test_order_service.py::test_process_order,test | Permission Error | ConnectionTimeout | ConnectionTimeout: request timed out after 60 seconds | external_api_client.py line 97 | External service call timed out while running tests/test_order_service.py::test_process_order,FALSE,network_issue
RCA_00486,GitLab CI,Python,deploy,Build Failure,ImportError,ImportError: cannot import name 'apply_discounts' from application module,tests/test_calculator.py line 79,ERROR collecting tests/test_calculator.py::test_process_order - test imports old function name,deploy | Build Failure | ImportError | ImportError: cannot import name 'apply_discounts' from application module | tests/test_calculator.py line 79 | ERROR collecting tests/test_calculator.py::test_process_order - test imports old function name,TRUE,test_script_issue
RCA_00515,Jenkins,Python,build,Network Error,ConnectionTimeout,ConnectionTimeout: request timed out after 30 seconds,external_api_client.py line 27,External service call timed out while running tests/test_payment_service.py::test_payment_validation,build | Network Error | ConnectionTimeout | ConnectionTimeout: request timed out after 30 seconds | external_api_client.py line 27 | External service call timed out while running tests/test_payment_service.py::test_payment_validation,FALSE,network_issue
RCA_01230,Azure DevOps,C++,test,Security Scan Failure,FixtureError,fixture 'sample_user' not found,tests/test_order_service.cpp line 103,ERROR at setup of tests/test_order_service.cpp::test_process_order - missing test fixture,test | Security Scan Failure | FixtureError | fixture 'sample_user' not found | tests/test_order_service.cpp line 103 | ERROR at setup of tests/test_order_service.cpp::test_process_order - missing test fixture,FALSE,application_defect
RCA_00897,GitHub Actions,Python,deploy,Deployment Failure,AssertionError,AssertionError: expected status 200 but got 500,app/calculator.py line 30 in get_user_profile,FAILED tests/test_user_service.py::test_process_order - application returned internal server error,deploy | Deployment Failure | AssertionError | AssertionError: expected status 200 but got 500 | app/calculator.py line 30 in get_user_profile | FAILED tests/test_user_service.py::test_process_order - application returned internal server error,FALSE,application_defect
RCA_00025,Azure DevOps,Rust,test,Network Error,DependencyResolutionError,Could not resolve dependency 'requests>=2.0.0',package_manager.py line 7,Dependency resolver failed during install step,test | Network Error | DependencyResolutionError | Could not resolve dependency 'requests>=2.0.0' | package_manager.py line 7 | Dependency resolver failed during install step,TRUE,dependency_issue
RCA_01200,CircleCI,Rust,deploy,Permission Error,VersionConflict,Version conflict: required spring-core==2.0.0 but installed spring-core==1.4.0,dependency_check.py line 73,Dependency version mismatch in CI environment,deploy | Permission Error | VersionConflict | Version conflict: required spring-core==2.0.0 but installed spring-core==1.4.0 | dependency_check.py line 73 | Dependency version mismatch in CI environment,TRUE,dependency_issue
RCA_01367,GitLab CI,Java,test,Test Failure,ModuleNotFoundError,ModuleNotFoundError: No module named 'numpy',src/test/java/com/demo/UserServiceTest.java line 46,ImportError while importing test module because dependency numpy is missing | additional context: retry attempted; cache restored; environment variables loaded; exit code 1,test | Test Failure | ModuleNotFoundError | ModuleNotFoundError: No module named 'numpy' | src/test/java/com/demo/UserServiceTest.java line 46 | ImportError while importing test module because dependency numpy is missing | additional context: retry attempted; cache restored; environment variables loaded; exit code 1,FALSE,dependency_issue
RCA_01060,Jenkins,Python,deploy,Network Error,KeyError,KeyError: 'SERVICE_URL',app/config.py line 94 in load_config,Missing environment variable in CI runner,deploy | Network Error | KeyError | KeyError: 'SERVICE_URL' | app/config.py line 94 in load_config | Missing environment variable in CI runner,FALSE,environment_config_issue
RCA_00313,GitHub Actions,Rust,build,Dependency Error,ImagePullBackOff,ImagePullBackOff: failed to pull image 'registry.internal/order-api:1.2.0',kubernetes/deploy.yaml line 123,Deployment failed because container image could not be pulled,build | Dependency Error | ImagePullBackOff | ImagePullBackOff: failed to pull image 'registry.internal/order-api:1.2.0' | kubernetes/deploy.yaml line 123 | Deployment failed because container image could not be pulled,FALSE,deployment_issue
RCA_00939,GitHub Actions,C++,test,Test Failure,TypeError,TypeError: unsupported operand type(s) for +: 'int' and 'str',src/config.cpp line 4 in process_order,FAILED tests/test_order_service.cpp::test_apply_discount - type mismatch in business logic,test | Test Failure | TypeError | TypeError: unsupported operand type(s) for +: 'int' and 'str' | src/config.cpp line 4 in process_order | FAILED tests/test_order_service.cpp::test_apply_discount - type mismatch in business logic,FALSE,application_defect
RCA_01175,GitLab CI,Go,deploy,Timeout,SyntaxError,SyntaxError: invalid syntax near 'return',internal/config/config.go line 14,ERROR collecting internal/service/order_service_test.go::test_payment_validation - syntax error in source file,deploy | Timeout | SyntaxError | SyntaxError: invalid syntax near 'return' | internal/config/config.go line 14 | ERROR collecting internal/service/order_service_test.go::test_payment_validation - syntax error in source file,FALSE,test_script_issue
RCA_01410,CircleCI,Rust,test,Build Failure,FileNotFoundError,FileNotFoundError: config/test_config.json not found,app/config.py line 32,Configuration file path does not exist in CI environment,test | Build Failure | FileNotFoundError | FileNotFoundError: config/test_config.json not found | app/config.py line 32 | Configuration file path does not exist in CI environment,FALSE,environment_config_issue
RCA_01245,GitLab CI,Python,deploy,Configuration Error,NameError,NameError: name 'paylod' is not defined,app/user_service.py line 12 in create_user,FAILED tests/test_order_service.py::test_api_response - undefined variable raised from application code,deploy | Configuration Error | NameError | NameError: name 'paylod' is not defined | app/user_service.py line 12 in create_user | FAILED tests/test_order_service.py::test_api_response - undefined variable raised from application code,TRUE,application_defect
RCA_00365,Azure DevOps,Java,build,Timeout,AssertionError,AssertionError: assert 180 == 190,src/test/java/com/demo/UserServiceTest.java line 120,FAILED src/test/java/com/demo/UserServiceTest.java::test_create_user - expected value in test appears outdated | additional context: retry attempted; cache restored; environment variables loaded; exit code 1,build | Timeout | AssertionError | AssertionError: assert 180 == 190 | src/test/java/com/demo/UserServiceTest.java line 120 | FAILED src/test/java/com/demo/UserServiceTest.java::test_create_user - expected value in test appears outdated | additional context: retry attempted; cache restored; environment variables loaded; exit code 1,TRUE,environment_config_issue
RCA_01446,GitLab CI,Go,deploy,Dependency Error,PermissionError,PermissionError: cannot write to reports/output.json,app/report.py line 102,CI runner cannot write to report output directory,deploy | Dependency Error | PermissionError | PermissionError: cannot write to reports/output.json | app/report.py line 102 | CI runner cannot write to report output directory,FALSE,application_defect
RCA_01332,CircleCI,C++,deploy,Dependency Error,FileNotFoundError,FileNotFoundError: config/test_config.json not found,app/config.py line 114,Configuration file path does not exist in CI environment,deploy | Dependency Error | FileNotFoundError | FileNotFoundError: config/test_config.json not found | app/config.py line 114 | Configuration file path does not exist in CI environment,TRUE,dependency_issue
RCA_00708,GitHub Actions,NodeJS,deploy,Deployment Failure,ConnectionTimeout,ConnectionTimeout: request timed out after 30 seconds,external_api_client.py line 42,External service call timed out while running tests/userController.test.js::test_calculate_total,deploy | Deployment Failure | ConnectionTimeout | ConnectionTimeout: request timed out after 30 seconds | external_api_client.py line 42 | External service call timed out while running tests/userController.test.js::test_calculate_total,FALSE,network_issue
RCA_00092,Azure DevOps,Java,build,Security Scan Failure,DependencyResolutionError,Could not resolve dependency 'pytest>=2.0.0',package_manager.py line 19,Dependency resolver failed during install step,build | Security Scan Failure | DependencyResolutionError | Could not resolve dependency 'pytest>=2.0.0' | package_manager.py line 19 | Dependency resolver failed during install step,TRUE,dependency_issue
RCA_00823,CircleCI,Rust,deploy,Security Scan Failure,SecretDetected,Secret scanning detected possible credential in 'src/user_service.rs',security/scanner.py line 87,Secret detected by repository scan policy,deploy | Security Scan Failure | SecretDetected | Secret scanning detected possible credential in 'src/user_service.rs' | security/scanner.py line 87 | Secret detected by repository scan policy,FALSE,security_policy_issue
RCA_01029,GitHub Actions,Java,test,Build Failure,AssertionError,AssertionError: expected status 200 but got 500,src/main/java/com/demo/UserService.java line 52 in validate_payment,FAILED src/test/java/com/demo/OrderServiceTest.java::test_payment_validation - application returned internal server error,test | Build Failure | AssertionError | AssertionError: expected status 200 but got 500 | src/main/java/com/demo/UserService.java line 52 in validate_payment | FAILED src/test/java/com/demo/OrderServiceTest.java::test_payment_validation - application returned internal server error,TRUE,application_defect
RCA_00110,Jenkins,Python,test,Dependency Error,ImagePullBackOff,ImagePullBackOff: failed to pull image 'ghcr.io/org/payment-service:sha-1234',kubernetes/deploy.yaml line 23,Deployment failed because container image could not be pulled,test | Dependency Error | ImagePullBackOff | ImagePullBackOff: failed to pull image 'ghcr.io/org/payment-service:sha-1234' | kubernetes/deploy.yaml line 23 | Deployment failed because container image could not be pulled,FALSE,network_issue
RCA_00085,Jenkins,Go,test,Resource Exhaustion,SyntaxError,SyntaxError: invalid syntax near 'return',internal/config/config.go line 114,ERROR collecting internal/service/user_service_test.go::test_deploy_health - syntax error in source file | additional context: retry attempted; cache restored; environment variables loaded; exit code 1,test | Resource Exhaustion | SyntaxError | SyntaxError: invalid syntax near 'return' | internal/config/config.go line 114 | ERROR collecting internal/service/user_service_test.go::test_deploy_health - syntax error in source file | additional context: retry attempted; cache restored; environment variables loaded; exit code 1,TRUE,application_defect
RCA_01428,GitHub Actions,Python,build,Deployment Failure,ImportError,ImportError: cannot import name 'get_user_profiles' from application module,tests/test_order_service.py line 18,ERROR collecting tests/test_order_service.py::test_payment_validation - test imports old function name,build | Deployment Failure | ImportError | ImportError: cannot import name 'get_user_profiles' from application module | tests/test_order_service.py line 18 | ERROR collecting tests/test_order_service.py::test_payment_validation - test imports old function name,TRUE,test_script_issue
RCA_00533,GitLab CI,NodeJS,deploy,Configuration Error,MigrationError,Database migration failed: column 'status' already exists,migrations/2026_update.sql line 103,Deployment failed during database migration,deploy | Configuration Error | MigrationError | Database migration failed: column 'status' already exists | migrations/2026_update.sql line 103 | Deployment failed during database migration,FALSE,deployment_issue
RCA_00160,GitHub Actions,Java,deploy,Test Failure,TypeError,TypeError: unsupported operand type(s) for +: 'int' and 'str',src/main/java/com/demo/OrderService.java line 136 in process_order,FAILED src/test/java/com/demo/OrderServiceTest.java::test_create_user - type mismatch in business logic,deploy | Test Failure | TypeError | TypeError: unsupported operand type(s) for +: 'int' and 'str' | src/main/java/com/demo/OrderService.java line 136 in process_order | FAILED src/test/java/com/demo/OrderServiceTest.java::test_create_user - type mismatch in business logic,TRUE,application_defect
RCA_00262,GitLab CI,Python,test,Network Error,KeyError,KeyError: 'APP_ENV',app/config.py line 30 in load_config,Missing environment variable in CI runner,test | Network Error | KeyError | KeyError: 'APP_ENV' | app/config.py line 30 in load_config | Missing environment variable in CI runner,TRUE,environment_config_issue
RCA_01355,GitHub Actions,Go,build,Test Failure,TimeoutError,Job exceeded maximum execution time of 600 seconds,runner/workflow.py line 60,Workflow timed out during test execution,build | Test Failure | TimeoutError | Job exceeded maximum execution time of 600 seconds | runner/workflow.py line 60 | Workflow timed out during test execution,TRUE,deployment_issue
RCA_00242,GitHub Actions,NodeJS,test,Timeout,AssertionError,AssertionError: assert 180 == 190,tests/orderService.test.js line 15,FAILED tests/orderService.test.js::test_payment_validation - expected value in test appears outdated,test | Timeout | AssertionError | AssertionError: assert 180 == 190 | tests/orderService.test.js line 15 | FAILED tests/orderService.test.js::test_payment_validation - expected value in test appears outdated,TRUE,test_script_issue
RCA_00260,GitLab CI,Rust,test,Configuration Error,AssertionError,AssertionError: assert 180 == 190,tests/order_service_test.rs line 19,FAILED tests/order_service_test.rs::test_create_user - expected value in test appears outdated,test | Configuration Error | AssertionError | AssertionError: assert 180 == 190 | tests/order_service_test.rs line 19 | FAILED tests/order_service_test.rs::test_create_user - expected value in test appears outdated,TRUE,test_script_issue
RCA_01419,Jenkins,NodeJS,deploy,Timeout,KeyError,KeyError: 'SECRET_KEY',app/config.py line 27 in load_config,Missing environment variable in CI runner | additional context: retry attempted; cache restored; environment variables loaded; exit code 1,deploy | Timeout | KeyError | KeyError: 'SECRET_KEY' | app/config.py line 27 in load_config | Missing environment variable in CI runner | additional context: retry attempted; cache restored; environment variables loaded; exit code 1,TRUE,environment_config_issue
RCA_00459,GitHub Actions,Python,build,Timeout,DeploymentError,DeploymentError: health check failed after deployment,deploy/health_check.py line 107,Service did not become healthy after deployment,build | Timeout | DeploymentError | DeploymentError: health check failed after deployment | deploy/health_check.py line 107 | Service did not become healthy after deployment,FALSE,deployment_issue
RCA_00047,GitHub Actions,C++,build,Security Scan Failure,TimeoutError,Job exceeded maximum execution time of 600 seconds,runner/workflow.py line 58,Workflow timed out during test execution,build | Security Scan Failure | TimeoutError | Job exceeded maximum execution time of 600 seconds | runner/workflow.py line 58 | Workflow timed out during test execution,FALSE,infrastructure_resource_issue
RCA_01384,Jenkins,Rust,deploy,Permission Error,OSError,OSError: [Errno 28] No space left on device,runner/cache.py line 60,Disk full while restoring cache or building image,deploy | Permission Error | OSError | OSError: [Errno 28] No space left on device | runner/cache.py line 60 | Disk full while restoring cache or building image,TRUE,infrastructure_resource_issue
RCA_01063,GitHub Actions,Java,build,Deployment Failure,ConnectionTimeout,ConnectionTimeout: request timed out after 30 seconds,external_api_client.py line 140,External service call timed out while running src/test/java/com/demo/OrderServiceTest.java::test_create_user,build | Deployment Failure | ConnectionTimeout | ConnectionTimeout: request timed out after 30 seconds | external_api_client.py line 140 | External service call timed out while running src/test/java/com/demo/OrderServiceTest.java::test_create_user,FALSE,network_issue
RCA_00283,GitHub Actions,Python,test,Resource Exhaustion,DependencyResolutionError,Could not resolve dependency 'fastapi>=2.0.0',package_manager.py line 56,Dependency resolver failed during install step,test | Resource Exhaustion | DependencyResolutionError | Could not resolve dependency 'fastapi>=2.0.0' | package_manager.py line 56 | Dependency resolver failed during install step,TRUE,application_defect
RCA_00246,Azure DevOps,Go,deploy,Dependency Error,SecurityScanError,High severity vulnerability found in package 'serde',security/scanner.py line 4,Security scan failed due to vulnerable dependency,deploy | Dependency Error | SecurityScanError | High severity vulnerability found in package 'serde' | security/scanner.py line 4 | Security scan failed due to vulnerable dependency,TRUE,security_policy_issue
RCA_00744,CircleCI,Go,deploy,Network Error,OSError,OSError: [Errno 28] No space left on device,runner/cache.py line 73,Disk full while restoring cache or building image,deploy | Network Error | OSError | OSError: [Errno 28] No space left on device | runner/cache.py line 73 | Disk full while restoring cache or building image,TRUE,infrastructure_resource_issue
RCA_01141,CircleCI,C++,build,Build Failure,MigrationError,Database migration failed: column 'status' already exists,migrations/2026_update.sql line 60,Deployment failed during database migration,build | Build Failure | MigrationError | Database migration failed: column 'status' already exists | migrations/2026_update.sql line 60 | Deployment failed during database migration,TRUE,environment_config_issue
RCA_01148,GitHub Actions,Rust,test,Deployment Failure,TimeoutError,TimeoutError: waiting for element 'button.save' exceeded 10 seconds,tests/order_service_test.rs line 65,FAILED tests/order_service_test.rs::test_deploy_health - UI locator or wait condition is unstable,test | Deployment Failure | TimeoutError | TimeoutError: waiting for element 'button.save' exceeded 10 seconds | tests/order_service_test.rs line 65 | FAILED tests/order_service_test.rs::test_deploy_health - UI locator or wait condition is unstable,TRUE,test_script_issue
RCA_00140,GitHub Actions,Java,build,Configuration Error,VersionConflict,Version conflict: required serde==2.0.0 but installed serde==1.4.0,dependency_check.py line 52,Dependency version mismatch in CI environment | additional context: retry attempted; cache restored; environment variables loaded; exit code 1,build | Configuration Error | VersionConflict | Version conflict: required serde==2.0.0 but installed serde==1.4.0 | dependency_check.py line 52 | Dependency version mismatch in CI environment | additional context: retry attempted; cache restored; environment variables loaded; exit code 1,TRUE,dependency_issue
RCA_01155,Azure DevOps,Rust,build,Dependency Error,ModuleNotFoundError,ModuleNotFoundError: No module named 'pytest',tests/order_service_test.rs line 95,ImportError while importing test module because dependency pytest is missing,build | Dependency Error | ModuleNotFoundError | ModuleNotFoundError: No module named 'pytest' | tests/order_service_test.rs line 95 | ImportError while importing test module because dependency pytest is missing,TRUE,dependency_issue
RCA_00559,GitLab CI,Rust,test,Permission Error,ConnectionTimeout,ConnectionTimeout: request timed out after 30 seconds,external_api_client.py line 84,External service call timed out while running tests/order_service_test.rs::test_api_response,test | Permission Error | ConnectionTimeout | ConnectionTimeout: request timed out after 30 seconds | external_api_client.py line 84 | External service call timed out while running tests/order_service_test.rs::test_api_response,TRUE,network_issue
RCA_00213,GitLab CI,Java,test,Network Error,AssertionError,AssertionError: assert 180 == 190,src/test/java/com/demo/UserServiceTest.java line 15,FAILED src/test/java/com/demo/UserServiceTest.java::test_apply_discount - expected value in test appears outdated,test | Network Error | AssertionError | AssertionError: assert 180 == 190 | src/test/java/com/demo/UserServiceTest.java line 15 | FAILED src/test/java/com/demo/UserServiceTest.java::test_apply_discount - expected value in test appears outdated,TRUE,test_script_issue
RCA_01152,Azure DevOps,C++,test,Security Scan Failure,VersionConflict,Version conflict: required lodash==2.0.0 but installed lodash==1.4.0,dependency_check.py line 6,Dependency version mismatch in CI environment,test | Security Scan Failure | VersionConflict | Version conflict: required lodash==2.0.0 but installed lodash==1.4.0 | dependency_check.py line 6 | Dependency version mismatch in CI environment,FALSE,application_defect
RCA_01186,CircleCI,NodeJS,test,Deployment Failure,AssertionError,AssertionError: assert 180 == 190,tests/orderService.test.js line 63,FAILED tests/orderService.test.js::test_deploy_health - expected value in test appears outdated | additional context: retry attempted; cache restored; environment variables loaded; exit code 1,test | Deployment Failure | AssertionError | AssertionError: assert 180 == 190 | tests/orderService.test.js line 63 | FAILED tests/orderService.test.js::test_deploy_health - expected value in test appears outdated | additional context: retry attempted; cache restored; environment variables loaded; exit code 1,TRUE,test_script_issue
RCA_00596,GitHub Actions,Python,deploy,Permission Error,ConnectionTimeout,ConnectionTimeout: request timed out after 10 seconds,external_api_client.py line 114,External service call timed out while running tests/test_order_service.py::test_payment_validation | additional context: retry attempted; cache restored; environment variables loaded; exit code 1,deploy | Permission Error | ConnectionTimeout | ConnectionTimeout: request timed out after 10 seconds | external_api_client.py line 114 | External service call timed out while running tests/test_order_service.py::test_payment_validation | additional context: retry attempted; cache restored; environment variables loaded; exit code 1,FALSE,network_issue
RCA_00947,Jenkins,Go,test,Permission Error,FileNotFoundError,FileNotFoundError: config/test_config.json not found,app/config.py line 121,Configuration file path does not exist in CI environment,test | Permission Error | FileNotFoundError | FileNotFoundError: config/test_config.json not found | app/config.py line 121 | Configuration file path does not exist in CI environment,TRUE,environment_config_issue
RCA_00452,CircleCI,Go,build,Security Scan Failure,FixtureError,fixture 'sample_user' not found,internal/service/user_service_test.go line 65,ERROR at setup of internal/service/user_service_test.go::test_api_response - missing test fixture,build | Security Scan Failure | FixtureError | fixture 'sample_user' not found | internal/service/user_service_test.go line 65 | ERROR at setup of internal/service/user_service_test.go::test_api_response - missing test fixture,TRUE,test_script_issue
RCA_01337,GitLab CI,Go,build,Security Scan Failure,DependencyResolutionError,Could not resolve dependency 'gin-gonic>=2.0.0',package_manager.py line 41,Dependency resolver failed during install step,build | Security Scan Failure | DependencyResolutionError | Could not resolve dependency 'gin-gonic>=2.0.0' | package_manager.py line 41 | Dependency resolver failed during install step,FALSE,dependency_issue
RCA_00113,CircleCI,Python,test,Network Error,ImportError,ImportError: cannot import name 'process_orders' from application module,tests/test_calculator.py line 138,ERROR collecting tests/test_calculator.py::test_apply_discount - test imports old function name | additional context: retry attempted; cache restored; environment variables loaded; exit code 1,test | Network Error | ImportError | ImportError: cannot import name 'process_orders' from application module | tests/test_calculator.py line 138 | ERROR collecting tests/test_calculator.py::test_apply_discount - test imports old function name | additional context: retry attempted; cache restored; environment variables loaded; exit code 1,FALSE,test_script_issue
RCA_00359,Azure DevOps,Python,test,Network Error,AssertionError,AssertionError: expected status 200 but got 500,app/payment_service.py line 83 in get_user_profile,FAILED tests/test_user_service.py::test_apply_discount - application returned internal server error,test | Network Error | AssertionError | AssertionError: expected status 200 but got 500 | app/payment_service.py line 83 in get_user_profile | FAILED tests/test_user_service.py::test_apply_discount - application returned internal server error,TRUE,application_defect
RCA_01115,GitHub Actions,Rust,test,Build Failure,HTTPError,HTTPError: 503 Service Unavailable from upstream service,external_api_client.py line 76,External API returned 503 during tests/order_service_test.rs::test_apply_discount,test | Build Failure | HTTPError | HTTPError: 503 Service Unavailable from upstream service | external_api_client.py line 76 | External API returned 503 during tests/order_service_test.rs::test_apply_discount,TRUE,network_issue
RCA_00057,GitHub Actions,Rust,test,Build Failure,VersionConflict,Version conflict: required fastapi==2.0.0 but installed fastapi==1.4.0,dependency_check.py line 70,Dependency version mismatch in CI environment | additional context: retry attempted; cache restored; environment variables loaded; exit code 1,test | Build Failure | VersionConflict | Version conflict: required fastapi==2.0.0 but installed fastapi==1.4.0 | dependency_check.py line 70 | Dependency version mismatch in CI environment | additional context: retry attempted; cache restored; environment variables loaded; exit code 1,TRUE,dependency_issue
RCA_00852,Jenkins,NodeJS,deploy,Configuration Error,TimeoutError,Job exceeded maximum execution time of 600 seconds,runner/workflow.py line 120,Workflow timed out during test execution,deploy | Configuration Error | TimeoutError | Job exceeded maximum execution time of 600 seconds | runner/workflow.py line 120 | Workflow timed out during test execution,FALSE,infrastructure_resource_issue
RCA_00517,GitLab CI,Java,test,Deployment Failure,NameError,NameError: name 'quanity' is not defined,src/main/java/com/demo/PaymentService.java line 29 in calculate_total,FAILED src/test/java/com/demo/OrderServiceTest.java::test_create_user - undefined variable raised from application code | additional context: retry attempted; cache restored; environment variables loaded; exit code 1,test | Deployment Failure | NameError | NameError: name 'quanity' is not defined | src/main/java/com/demo/PaymentService.java line 29 in calculate_total | FAILED src/test/java/com/demo/OrderServiceTest.java::test_create_user - undefined variable raised from application code | additional context: retry attempted; cache restored; environment variables loaded; exit code 1,FALSE,application_defect
RCA_00406,GitLab CI,Rust,deploy,Resource Exhaustion,KeyError,KeyError: 'GITHUB_TOKEN',app/config.py line 101 in load_config,Missing environment variable in CI runner,deploy | Resource Exhaustion | KeyError | KeyError: 'GITHUB_TOKEN' | app/config.py line 101 in load_config | Missing environment variable in CI runner,FALSE,environment_config_issue
RCA_00896,Azure DevOps,Go,build,Resource Exhaustion,OSError,OSError: [Errno 28] No space left on device,runner/cache.py line 22,Disk full while restoring cache or building image,build | Resource Exhaustion | OSError | OSError: [Errno 28] No space left on device | runner/cache.py line 22 | Disk full while restoring cache or building image,TRUE,infrastructure_resource_issue
RCA_01378,Azure DevOps,C++,build,Test Failure,DependencyResolutionError,Could not resolve dependency 'fastapi>=2.0.0',package_manager.py line 101,Dependency resolver failed during install step,build | Test Failure | DependencyResolutionError | Could not resolve dependency 'fastapi>=2.0.0' | package_manager.py line 101 | Dependency resolver failed during install step,FALSE,dependency_issue
RCA_01249,GitHub Actions,Rust,build,Deployment Failure,DNSResolutionError,Temporary failure in name resolution for host 'registry.npmjs.org',urllib3/connection.py line 126,Max retries exceeded because DNS resolution failed,build | Deployment Failure | DNSResolutionError | Temporary failure in name resolution for host 'registry.npmjs.org' | urllib3/connection.py line 126 | Max retries exceeded because DNS resolution failed,FALSE,network_issue
RCA_01224,GitHub Actions,Java,build,Deployment Failure,AssertionError,AssertionError: assert 180 == 190,src/test/java/com/demo/UserServiceTest.java line 41,FAILED src/test/java/com/demo/UserServiceTest.java::test_apply_discount - expected value in test appears outdated | additional context: retry attempted; cache restored; environment variables loaded; exit code 1,build | Deployment Failure | AssertionError | AssertionError: assert 180 == 190 | src/test/java/com/demo/UserServiceTest.java line 41 | FAILED src/test/java/com/demo/UserServiceTest.java::test_apply_discount - expected value in test appears outdated | additional context: retry attempted; cache restored; environment variables loaded; exit code 1,FALSE,test_script_issue
RCA_00855,GitHub Actions,Python,build,Build Failure,PermissionError,PermissionError: cannot write to reports/output.json,app/report.py line 118,CI runner cannot write to report output directory,build | Build Failure | PermissionError | PermissionError: cannot write to reports/output.json | app/report.py line 118 | CI runner cannot write to report output directory,FALSE,environment_config_issue
RCA_01461,GitHub Actions,Go,deploy,Timeout,TimeoutError,TimeoutError: waiting for element 'button.save' exceeded 10 seconds,internal/service/order_service_test.go line 92,FAILED internal/service/order_service_test.go::test_apply_discount - UI locator or wait condition is unstable | additional context: retry attempted; cache restored; environment variables loaded; exit code 1,deploy | Timeout | TimeoutError | TimeoutError: waiting for element 'button.save' exceeded 10 seconds | internal/service/order_service_test.go line 92 | FAILED internal/service/order_service_test.go::test_apply_discount - UI locator or wait condition is unstable | additional context: retry attempted; cache restored; environment variables loaded; exit code 1,FALSE,test_script_issue
RCA_01489,GitLab CI,Go,test,Test Failure,ModuleNotFoundError,ModuleNotFoundError: No module named 'lodash',internal/service/user_service_test.go line 56,ImportError while importing test module because dependency lodash is missing,test | Test Failure | ModuleNotFoundError | ModuleNotFoundError: No module named 'lodash' | internal/service/user_service_test.go line 56 | ImportError while importing test module because dependency lodash is missing,TRUE,dependency_issue
RCA_00070,Azure DevOps,C++,deploy,Dependency Error,AssertionError,AssertionError: expected status 200 but got 500,src/main.cpp line 129 in create_user,FAILED tests/test_order_service.cpp::test_calculate_total - application returned internal server error,deploy | Dependency Error | AssertionError | AssertionError: expected status 200 but got 500 | src/main.cpp line 129 in create_user | FAILED tests/test_order_service.cpp::test_calculate_total - application returned internal server error,TRUE,application_defect
RCA_00654,Azure DevOps,C++,build,Deployment Failure,ImportError,ImportError: cannot import name 'validate_payments' from application module,tests/test_user_service.cpp line 61,ERROR collecting tests/test_user_service.cpp::test_payment_validation - test imports old function name,build | Deployment Failure | ImportError | ImportError: cannot import name 'validate_payments' from application module | tests/test_user_service.cpp line 61 | ERROR collecting tests/test_user_service.cpp::test_payment_validation - test imports old function name,TRUE,application_defect
RCA_00804,GitLab CI,Python,build,Resource Exhaustion,VersionConflict,Version conflict: required serde==2.0.0 but installed serde==1.4.0,dependency_check.py line 19,Dependency version mismatch in CI environment,build | Resource Exhaustion | VersionConflict | Version conflict: required serde==2.0.0 but installed serde==1.4.0 | dependency_check.py line 19 | Dependency version mismatch in CI environment,FALSE,dependency_issue
RCA_00035,Azure DevOps,Go,test,Deployment Failure,DNSResolutionError,Temporary failure in name resolution for host 'auth.service.local',urllib3/connection.py line 78,Max retries exceeded because DNS resolution failed,test | Deployment Failure | DNSResolutionError | Temporary failure in name resolution for host 'auth.service.local' | urllib3/connection.py line 78 | Max retries exceeded because DNS resolution failed,TRUE,network_issue
RCA_00045,CircleCI,Python,build,Timeout,TimeoutError,Job exceeded maximum execution time of 600 seconds,runner/workflow.py line 137,Workflow timed out during test execution,build | Timeout | TimeoutError | Job exceeded maximum execution time of 600 seconds | runner/workflow.py line 137 | Workflow timed out during test execution,FALSE,test_script_issue
RCA_00975,Azure DevOps,Go,test,Build Failure,MemoryError,MemoryError: process killed because memory limit was exceeded,runner/executor.py line 118,CI job exceeded memory limit during test execution,test | Build Failure | MemoryError | MemoryError: process killed because memory limit was exceeded | runner/executor.py line 118 | CI job exceeded memory limit during test execution,FALSE,infrastructure_resource_issue
RCA_01496,Azure DevOps,Go,deploy,Build Failure,FileNotFoundError,FileNotFoundError: config/test_config.json not found,app/config.py line 61,Configuration file path does not exist in CI environment,deploy | Build Failure | FileNotFoundError | FileNotFoundError: config/test_config.json not found | app/config.py line 61 | Configuration file path does not exist in CI environment,TRUE,environment_config_issue
RCA_00250,Azure DevOps,Rust,test,Network Error,SyntaxError,SyntaxError: invalid syntax near 'return',src/config.rs line 65,ERROR collecting tests/user_service_test.rs::test_create_user - syntax error in source file,test | Network Error | SyntaxError | SyntaxError: invalid syntax near 'return' | src/config.rs line 65 | ERROR collecting tests/user_service_test.rs::test_create_user - syntax error in source file,FALSE,application_defect
RCA_00430,CircleCI,Python,build,Network Error,DNSResolutionError,Temporary failure in name resolution for host 'registry.npmjs.org',urllib3/connection.py line 25,Max retries exceeded because DNS resolution failed,build | Network Error | DNSResolutionError | Temporary failure in name resolution for host 'registry.npmjs.org' | urllib3/connection.py line 25 | Max retries exceeded because DNS resolution failed,FALSE,deployment_issue
RCA_00458,GitHub Actions,Go,build,Deployment Failure,ImagePullBackOff,ImagePullBackOff: failed to pull image 'registry.internal/order-api:1.2.0',kubernetes/deploy.yaml line 18,Deployment failed because container image could not be pulled,build | Deployment Failure | ImagePullBackOff | ImagePullBackOff: failed to pull image 'registry.internal/order-api:1.2.0' | kubernetes/deploy.yaml line 18 | Deployment failed because container image could not be pulled,TRUE,deployment_issue
RCA_00073,CircleCI,Python,test,Deployment Failure,HTTPError,HTTPError: 503 Service Unavailable from upstream service,external_api_client.py line 82,External API returned 503 during tests/test_calculator.py::test_payment_validation,test | Deployment Failure | HTTPError | HTTPError: 503 Service Unavailable from upstream service | external_api_client.py line 82 | External API returned 503 during tests/test_calculator.py::test_payment_validation,TRUE,environment_config_issue
RCA_01204,Jenkins,Python,build,Deployment Failure,FileNotFoundError,FileNotFoundError: config/test_config.json not found,app/config.py line 45,Configuration file path does not exist in CI environment,build | Deployment Failure | FileNotFoundError | FileNotFoundError: config/test_config.json not found | app/config.py line 45 | Configuration file path does not exist in CI environment,TRUE,environment_config_issue
RCA_00007,GitLab CI,Java,build,Configuration Error,FixtureError,fixture 'sample_user' not found,src/test/java/com/demo/OrderServiceTest.java line 57,ERROR at setup of src/test/java/com/demo/OrderServiceTest.java::test_calculate_total - missing test fixture,build | Configuration Error | FixtureError | fixture 'sample_user' not found | src/test/java/com/demo/OrderServiceTest.java line 57 | ERROR at setup of src/test/java/com/demo/OrderServiceTest.java::test_calculate_total - missing test fixture,TRUE,environment_config_issue
RCA_00153,GitHub Actions,Go,test,Build Failure,SecurityScanError,High severity vulnerability found in package 'fastapi',security/scanner.py line 13,Security scan failed due to vulnerable dependency,test | Build Failure | SecurityScanError | High severity vulnerability found in package 'fastapi' | security/scanner.py line 13 | Security scan failed due to vulnerable dependency,TRUE,security_policy_issue
RCA_00671,Jenkins,Rust,build,Build Failure,AssertionError,AssertionError: assert 180 == 190,tests/order_service_test.rs line 71,FAILED tests/order_service_test.rs::test_process_order - expected value in test appears outdated,build | Build Failure | AssertionError | AssertionError: assert 180 == 190 | tests/order_service_test.rs line 71 | FAILED tests/order_service_test.rs::test_process_order - expected value in test appears outdated,TRUE,test_script_issue
RCA_00077,GitHub Actions,Rust,build,Test Failure,TimeoutError,Job exceeded maximum execution time of 600 seconds,runner/workflow.py line 55,Workflow timed out during test execution,build | Test Failure | TimeoutError | Job exceeded maximum execution time of 600 seconds | runner/workflow.py line 55 | Workflow timed out during test execution,TRUE,test_script_issue
RCA_00386,Jenkins,Python,deploy,Dependency Error,SyntaxError,SyntaxError: invalid syntax near 'return',app/order_service.py line 23,ERROR collecting tests/test_user_service.py::test_payment_validation - syntax error in source file,deploy | Dependency Error | SyntaxError | SyntaxError: invalid syntax near 'return' | app/order_service.py line 23 | ERROR collecting tests/test_user_service.py::test_payment_validation - syntax error in source file,TRUE,application_defect
RCA_00072,Azure DevOps,C++,test,Deployment Failure,FixtureError,fixture 'sample_user' not found,tests/test_order_service.cpp line 9,ERROR at setup of tests/test_order_service.cpp::test_create_user - missing test fixture,test | Deployment Failure | FixtureError | fixture 'sample_user' not found | tests/test_order_service.cpp line 9 | ERROR at setup of tests/test_order_service.cpp::test_create_user - missing test fixture,TRUE,test_script_issue
RCA_00233,GitLab CI,C++,build,Deployment Failure,ImagePullBackOff,ImagePullBackOff: failed to pull image 'demo-api:latest',kubernetes/deploy.yaml line 75,Deployment failed because container image could not be pulled,build | Deployment Failure | ImagePullBackOff | ImagePullBackOff: failed to pull image 'demo-api:latest' | kubernetes/deploy.yaml line 75 | Deployment failed because container image could not be pulled,FALSE,deployment_issue
RCA_01316,GitLab CI,Go,test,Deployment Failure,PermissionError,PermissionError: cannot write to reports/output.json,app/report.py line 7,CI runner cannot write to report output directory | additional context: retry attempted; cache restored; environment variables loaded; exit code 1,test | Deployment Failure | PermissionError | PermissionError: cannot write to reports/output.json | app/report.py line 7 | CI runner cannot write to report output directory | additional context: retry attempted; cache restored; environment variables loaded; exit code 1,TRUE,environment_config_issue
RCA_00753,Jenkins,NodeJS,build,Security Scan Failure,DNSResolutionError,Temporary failure in name resolution for host 'internal-api.company.local',urllib3/connection.py line 125,Max retries exceeded because DNS resolution failed,build | Security Scan Failure | DNSResolutionError | Temporary failure in name resolution for host 'internal-api.company.local' | urllib3/connection.py line 125 | Max retries exceeded because DNS resolution failed,FALSE,network_issue
RCA_01310,Jenkins,Python,test,Configuration Error,AssertionError,AssertionError: assert 180 == 190,tests/test_calculator.py line 114,FAILED tests/test_calculator.py::test_process_order - expected value in test appears outdated | additional context: retry attempted; cache restored; environment variables loaded; exit code 1,test | Configuration Error | AssertionError | AssertionError: assert 180 == 190 | tests/test_calculator.py line 114 | FAILED tests/test_calculator.py::test_process_order - expected value in test appears outdated | additional context: retry attempted; cache restored; environment variables loaded; exit code 1,TRUE,test_script_issue
RCA_00331,Azure DevOps,Java,deploy,Security Scan Failure,FixtureError,fixture 'sample_user' not found,src/test/java/com/demo/OrderServiceTest.java line 112,ERROR at setup of src/test/java/com/demo/OrderServiceTest.java::test_apply_discount - missing test fixture,deploy | Security Scan Failure | FixtureError | fixture 'sample_user' not found | src/test/java/com/demo/OrderServiceTest.java line 112 | ERROR at setup of src/test/java/com/demo/OrderServiceTest.java::test_apply_discount - missing test fixture,TRUE,test_script_issue
RCA_01381,Jenkins,Java,build,Security Scan Failure,ImagePullBackOff,ImagePullBackOff: failed to pull image 'ghcr.io/org/payment-service:sha-1234',kubernetes/deploy.yaml line 109,Deployment failed because container image could not be pulled,build | Security Scan Failure | ImagePullBackOff | ImagePullBackOff: failed to pull image 'ghcr.io/org/payment-service:sha-1234' | kubernetes/deploy.yaml line 109 | Deployment failed because container image could not be pulled,FALSE,deployment_issue
RCA_01057,Jenkins,Python,deploy,Build Failure,ConnectionTimeout,ConnectionTimeout: request timed out after 10 seconds,external_api_client.py line 15,External service call timed out while running tests/test_calculator.py::test_api_response,deploy | Build Failure | ConnectionTimeout | ConnectionTimeout: request timed out after 10 seconds | external_api_client.py line 15 | External service call timed out while running tests/test_calculator.py::test_api_response,TRUE,network_issue
RCA_00595,Jenkins,Rust,build,Deployment Failure,TypeError,TypeError: unsupported operand type(s) for +: 'int' and 'str',src/main.rs line 131 in get_user_profile,FAILED tests/user_service_test.rs::test_create_user - type mismatch in business logic,build | Deployment Failure | TypeError | TypeError: unsupported operand type(s) for +: 'int' and 'str' | src/main.rs line 131 in get_user_profile | FAILED tests/user_service_test.rs::test_create_user - type mismatch in business logic,TRUE,application_defect
RCA_00709,CircleCI,NodeJS,test,Security Scan Failure,SASTFinding,SAST found SQL injection risk in function 'calculate_total',src/routes/api.js line 17,Static analysis found security issue,test | Security Scan Failure | SASTFinding | SAST found SQL injection risk in function 'calculate_total' | src/routes/api.js line 17 | Static analysis found security issue,FALSE,security_policy_issue
RCA_01289,Jenkins,NodeJS,build,Security Scan Failure,ImportError,ImportError: cannot import name 'create_users' from application module,tests/priceCalculator.test.js line 81,ERROR collecting tests/priceCalculator.test.js::test_apply_discount - test imports old function name | additional context: retry attempted; cache restored; environment variables loaded; exit code 1,build | Security Scan Failure | ImportError | ImportError: cannot import name 'create_users' from application module | tests/priceCalculator.test.js line 81 | ERROR collecting tests/priceCalculator.test.js::test_apply_discount - test imports old function name | additional context: retry attempted; cache restored; environment variables loaded; exit code 1,FALSE,test_script_issue
RCA_00205,Jenkins,NodeJS,deploy,Deployment Failure,KeyError,KeyError: 'API_TOKEN',app/config.py line 81 in load_config,Missing environment variable in CI runner,deploy | Deployment Failure | KeyError | KeyError: 'API_TOKEN' | app/config.py line 81 in load_config | Missing environment variable in CI runner,TRUE,environment_config_issue
RCA_01207,Jenkins,C++,test,Network Error,FileNotFoundError,FileNotFoundError: config/test_config.json not found,app/config.py line 107,Configuration file path does not exist in CI environment,test | Network Error | FileNotFoundError | FileNotFoundError: config/test_config.json not found | app/config.py line 107 | Configuration file path does not exist in CI environment,FALSE,environment_config_issue
RCA_00017,GitHub Actions,Python,deploy,Configuration Error,NameError,NameError: name 'usr_id' is not defined,app/payment_service.py line 77 in create_user,FAILED tests/test_order_service.py::test_apply_discount - undefined variable raised from application code,deploy | Configuration Error | NameError | NameError: name 'usr_id' is not defined | app/payment_service.py line 77 in create_user | FAILED tests/test_order_service.py::test_apply_discount - undefined variable raised from application code,TRUE,application_defect
RCA_01027,Azure DevOps,Python,build,Permission Error,AssertionError,AssertionError: assert 180 == 190,tests/test_calculator.py line 128,FAILED tests/test_calculator.py::test_deploy_health - expected value in test appears outdated | additional context: retry attempted; cache restored; environment variables loaded; exit code 1,build | Permission Error | AssertionError | AssertionError: assert 180 == 190 | tests/test_calculator.py line 128 | FAILED tests/test_calculator.py::test_deploy_health - expected value in test appears outdated | additional context: retry attempted; cache restored; environment variables loaded; exit code 1,TRUE,test_script_issue
RCA_01276,GitHub Actions,Go,deploy,Configuration Error,FixtureError,fixture 'sample_user' not found,internal/service/order_service_test.go line 10,ERROR at setup of internal/service/order_service_test.go::test_deploy_health - missing test fixture | additional context: retry attempted; cache restored; environment variables loaded; exit code 1,deploy | Configuration Error | FixtureError | fixture 'sample_user' not found | internal/service/order_service_test.go line 10 | ERROR at setup of internal/service/order_service_test.go::test_deploy_health - missing test fixture | additional context: retry attempted; cache restored; environment variables loaded; exit code 1,TRUE,environment_config_issue
RCA_00801,GitLab CI,C++,build,Test Failure,SyntaxError,SyntaxError: invalid syntax near 'return',src/config.cpp line 94,ERROR collecting tests/test_user_service.cpp::test_create_user - syntax error in source file,build | Test Failure | SyntaxError | SyntaxError: invalid syntax near 'return' | src/config.cpp line 94 | ERROR collecting tests/test_user_service.cpp::test_create_user - syntax error in source file,FALSE,dependency_issue
RCA_01296,Jenkins,Rust,deploy,Timeout,NameError,NameError: name 'usr_id' is not defined,src/main.rs line 52 in validate_payment,FAILED tests/order_service_test.rs::test_calculate_total - undefined variable raised from application code,deploy | Timeout | NameError | NameError: name 'usr_id' is not defined | src/main.rs line 52 in validate_payment | FAILED tests/order_service_test.rs::test_calculate_total - undefined variable raised from application code,FALSE,application_defect
RCA_00005,CircleCI,Rust,build,Dependency Error,ModuleNotFoundError,ModuleNotFoundError: No module named 'numpy',tests/user_service_test.rs line 81,ImportError while importing test module because dependency numpy is missing | additional context: retry attempted; cache restored; environment variables loaded; exit code 1,build | Dependency Error | ModuleNotFoundError | ModuleNotFoundError: No module named 'numpy' | tests/user_service_test.rs line 81 | ImportError while importing test module because dependency numpy is missing | additional context: retry attempted; cache restored; environment variables loaded; exit code 1,TRUE,application_defect
RCA_00112,CircleCI,Python,deploy,Permission Error,SASTFinding,SAST found SQL injection risk in function 'get_user_profile',app/order_service.py line 121,Static analysis found security issue | additional context: retry attempted; cache restored; environment variables loaded; exit code 1,deploy | Permission Error | SASTFinding | SAST found SQL injection risk in function 'get_user_profile' | app/order_service.py line 121 | Static analysis found security issue | additional context: retry attempted; cache restored; environment variables loaded; exit code 1,TRUE,security_policy_issue
RCA_01345,GitLab CI,Rust,build,Timeout,ConnectionTimeout,ConnectionTimeout: request timed out after 10 seconds,external_api_client.py line 87,External service call timed out while running tests/order_service_test.rs::test_create_user,build | Timeout | ConnectionTimeout | ConnectionTimeout: request timed out after 10 seconds | external_api_client.py line 87 | External service call timed out while running tests/order_service_test.rs::test_create_user,TRUE,network_issue
RCA_00216,Jenkins,C++,deploy,Dependency Error,DependencyResolutionError,Could not resolve dependency 'spring-core>=2.0.0',package_manager.py line 110,Dependency resolver failed during install step | additional context: retry attempted; cache restored; environment variables loaded; exit code 1,deploy | Dependency Error | DependencyResolutionError | Could not resolve dependency 'spring-core>=2.0.0' | package_manager.py line 110 | Dependency resolver failed during install step | additional context: retry attempted; cache restored; environment variables loaded; exit code 1,FALSE,dependency_issue
RCA_00138,GitHub Actions,Python,test,Dependency Error,PermissionError,PermissionError: cannot write to reports/output.json,app/report.py line 96,CI runner cannot write to report output directory,test | Dependency Error | PermissionError | PermissionError: cannot write to reports/output.json | app/report.py line 96 | CI runner cannot write to report output directory,FALSE,environment_config_issue
RCA_00306,GitHub Actions,Java,deploy,Build Failure,SyntaxError,SyntaxError: invalid syntax near 'return',src/main/java/com/demo/PaymentService.java line 21,ERROR collecting src/test/java/com/demo/UserServiceTest.java::test_process_order - syntax error in source file,deploy | Build Failure | SyntaxError | SyntaxError: invalid syntax near 'return' | src/main/java/com/demo/PaymentService.java line 21 | ERROR collecting src/test/java/com/demo/UserServiceTest.java::test_process_order - syntax error in source file,TRUE,application_defect
RCA_01348,CircleCI,Rust,deploy,Configuration Error,MigrationError,Database migration failed: column 'status' already exists,migrations/2026_update.sql line 42,Deployment failed during database migration,deploy | Configuration Error | MigrationError | Database migration failed: column 'status' already exists | migrations/2026_update.sql line 42 | Deployment failed during database migration,FALSE,environment_config_issue
RCA_01120,Azure DevOps,Rust,test,Configuration Error,ImagePullBackOff,ImagePullBackOff: failed to pull image 'demo-api:latest',kubernetes/deploy.yaml line 97,Deployment failed because container image could not be pulled | additional context: retry attempted; cache restored; environment variables loaded; exit code 1,test | Configuration Error | ImagePullBackOff | ImagePullBackOff: failed to pull image 'demo-api:latest' | kubernetes/deploy.yaml line 97 | Deployment failed because container image could not be pulled | additional context: retry attempted; cache restored; environment variables loaded; exit code 1,FALSE,deployment_issue
RCA_01391,Jenkins,Java,build,Network Error,TimeoutError,TimeoutError: waiting for element 'button.save' exceeded 10 seconds,src/test/java/com/demo/OrderServiceTest.java line 138,FAILED src/test/java/com/demo/OrderServiceTest.java::test_create_user - UI locator or wait condition is unstable,build | Network Error | TimeoutError | TimeoutError: waiting for element 'button.save' exceeded 10 seconds | src/test/java/com/demo/OrderServiceTest.java line 138 | FAILED src/test/java/com/demo/OrderServiceTest.java::test_create_user - UI locator or wait condition is unstable,FALSE,test_script_issue
RCA_00601,CircleCI,Java,build,Dependency Error,ImportError,ImportError: cannot import name 'get_user_profiles' from application module,src/test/java/com/demo/UserServiceTest.java line 61,ERROR collecting src/test/java/com/demo/UserServiceTest.java::test_create_user - test imports old function name,build | Dependency Error | ImportError | ImportError: cannot import name 'get_user_profiles' from application module | src/test/java/com/demo/UserServiceTest.java line 61 | ERROR collecting src/test/java/com/demo/UserServiceTest.java::test_create_user - test imports old function name,TRUE,test_script_issue
RCA_01326,GitLab CI,NodeJS,deploy,Configuration Error,HTTPError,HTTPError: 503 Service Unavailable from upstream service,external_api_client.py line 10,External API returned 503 during tests/userController.test.js::test_calculate_total,deploy | Configuration Error | HTTPError | HTTPError: 503 Service Unavailable from upstream service | external_api_client.py line 10 | External API returned 503 during tests/userController.test.js::test_calculate_total,FALSE,network_issue
RCA_01485,GitHub Actions,NodeJS,deploy,Permission Error,TypeError,TypeError: unsupported operand type(s) for +: 'int' and 'str',src/controllers/userController.js line 39 in validate_payment,FAILED tests/userController.test.js::test_payment_validation - type mismatch in business logic,deploy | Permission Error | TypeError | TypeError: unsupported operand type(s) for +: 'int' and 'str' | src/controllers/userController.js line 39 in validate_payment | FAILED tests/userController.test.js::test_payment_validation - type mismatch in business logic,FALSE,application_defect
RCA_00393,Jenkins,Python,test,Resource Exhaustion,DependencyResolutionError,Could not resolve dependency 'requests>=2.0.0',package_manager.py line 31,Dependency resolver failed during install step | additional context: retry attempted; cache restored; environment variables loaded; exit code 1,test | Resource Exhaustion | DependencyResolutionError | Could not resolve dependency 'requests>=2.0.0' | package_manager.py line 31 | Dependency resolver failed during install step | additional context: retry attempted; cache restored; environment variables loaded; exit code 1,TRUE,environment_config_issue
RCA_00793,Jenkins,C++,deploy,Security Scan Failure,AssertionError,AssertionError: assert 180 == 190,tests/test_order_service.cpp line 130,FAILED tests/test_order_service.cpp::test_api_response - expected value in test appears outdated,deploy | Security Scan Failure | AssertionError | AssertionError: assert 180 == 190 | tests/test_order_service.cpp line 130 | FAILED tests/test_order_service.cpp::test_api_response - expected value in test appears outdated,FALSE,test_script_issue
RCA_01076,CircleCI,NodeJS,deploy,Build Failure,ImagePullBackOff,ImagePullBackOff: failed to pull image 'ghcr.io/org/payment-service:sha-1234',kubernetes/deploy.yaml line 16,Deployment failed because container image could not be pulled,deploy | Build Failure | ImagePullBackOff | ImagePullBackOff: failed to pull image 'ghcr.io/org/payment-service:sha-1234' | kubernetes/deploy.yaml line 16 | Deployment failed because container image could not be pulled,TRUE,network_issue
RCA_00565,Jenkins,Go,test,Test Failure,ImagePullBackOff,ImagePullBackOff: failed to pull image 'registry.internal/order-api:1.2.0',kubernetes/deploy.yaml line 68,Deployment failed because container image could not be pulled,test | Test Failure | ImagePullBackOff | ImagePullBackOff: failed to pull image 'registry.internal/order-api:1.2.0' | kubernetes/deploy.yaml line 68 | Deployment failed because container image could not be pulled,FALSE,deployment_issue
RCA_00789,GitLab CI,NodeJS,deploy,Deployment Failure,KeyError,KeyError: 'SERVICE_URL',app/config.py line 120 in load_config,Missing environment variable in CI runner,deploy | Deployment Failure | KeyError | KeyError: 'SERVICE_URL' | app/config.py line 120 in load_config | Missing environment variable in CI runner,TRUE,environment_config_issue
RCA_00773,Azure DevOps,Python,build,Dependency Error,VersionConflict,Version conflict: required pytest==2.0.0 but installed pytest==1.4.0,dependency_check.py line 11,Dependency version mismatch in CI environment,build | Dependency Error | VersionConflict | Version conflict: required pytest==2.0.0 but installed pytest==1.4.0 | dependency_check.py line 11 | Dependency version mismatch in CI environment,TRUE,dependency_issue
RCA_01339,GitHub Actions,Go,build,Test Failure,FixtureError,fixture 'sample_user' not found,internal/service/order_service_test.go line 109,ERROR at setup of internal/service/order_service_test.go::test_create_user - missing test fixture,build | Test Failure | FixtureError | fixture 'sample_user' not found | internal/service/order_service_test.go line 109 | ERROR at setup of internal/service/order_service_test.go::test_create_user - missing test fixture,FALSE,test_script_issue
RCA_01456,Azure DevOps,Rust,test,Resource Exhaustion,SyntaxError,SyntaxError: invalid syntax near 'return',src/config.rs line 119,ERROR collecting tests/order_service_test.rs::test_deploy_health - syntax error in source file,test | Resource Exhaustion | SyntaxError | SyntaxError: invalid syntax near 'return' | src/config.rs line 119 | ERROR collecting tests/order_service_test.rs::test_deploy_health - syntax error in source file,TRUE,environment_config_issue
RCA_01414,Azure DevOps,Python,build,Security Scan Failure,TimeoutError,TimeoutError: waiting for element 'input[name=email]' exceeded 10 seconds,tests/test_order_service.py line 99,FAILED tests/test_order_service.py::test_process_order - UI locator or wait condition is unstable,build | Security Scan Failure | TimeoutError | TimeoutError: waiting for element 'input[name=email]' exceeded 10 seconds | tests/test_order_service.py line 99 | FAILED tests/test_order_service.py::test_process_order - UI locator or wait condition is unstable,FALSE,test_script_issue
RCA_00141,GitLab CI,Rust,test,Configuration Error,PermissionError,PermissionError: cannot write to reports/output.json,app/report.py line 88,CI runner cannot write to report output directory,test | Configuration Error | PermissionError | PermissionError: cannot write to reports/output.json | app/report.py line 88 | CI runner cannot write to report output directory,FALSE,dependency_issue
RCA_00185,Azure DevOps,Java,build,Build Failure,MemoryError,MemoryError: process killed because memory limit was exceeded,runner/executor.py line 106,CI job exceeded memory limit during test execution,build | Build Failure | MemoryError | MemoryError: process killed because memory limit was exceeded | runner/executor.py line 106 | CI job exceeded memory limit during test execution,TRUE,test_script_issue
RCA_01074,GitHub Actions,Go,deploy,Network Error,TypeError,TypeError: unsupported operand type(s) for +: 'int' and 'str',internal/service/user_service.go line 129 in create_user,FAILED internal/service/order_service_test.go::test_process_order - type mismatch in business logic | additional context: retry attempted; cache restored; environment variables loaded; exit code 1,deploy | Network Error | TypeError | TypeError: unsupported operand type(s) for +: 'int' and 'str' | internal/service/user_service.go line 129 in create_user | FAILED internal/service/order_service_test.go::test_process_order - type mismatch in business logic | additional context: retry attempted; cache restored; environment variables loaded; exit code 1,FALSE,application_defect
RCA_01353,Azure DevOps,Rust,build,Permission Error,ConnectionTimeout,ConnectionTimeout: request timed out after 10 seconds,external_api_client.py line 81,External service call timed out while running tests/user_service_test.rs::test_apply_discount,build | Permission Error | ConnectionTimeout | ConnectionTimeout: request timed out after 10 seconds | external_api_client.py line 81 | External service call timed out while running tests/user_service_test.rs::test_apply_discount,TRUE,network_issue
RCA_00004,GitLab CI,Rust,test,Test Failure,PermissionError,PermissionError: cannot write to reports/output.json,app/report.py line 27,CI runner cannot write to report output directory,test | Test Failure | PermissionError | PermissionError: cannot write to reports/output.json | app/report.py line 27 | CI runner cannot write to report output directory,FALSE,environment_config_issue
RCA_00087,Azure DevOps,Python,build,Dependency Error,VersionConflict,Version conflict: required serde==2.0.0 but installed serde==1.4.0,dependency_check.py line 89,Dependency version mismatch in CI environment,build | Dependency Error | VersionConflict | Version conflict: required serde==2.0.0 but installed serde==1.4.0 | dependency_check.py line 89 | Dependency version mismatch in CI environment,FALSE,dependency_issue
RCA_01465,GitHub Actions,NodeJS,deploy,Security Scan Failure,HTTPError,HTTPError: 503 Service Unavailable from upstream service,external_api_client.py line 61,External API returned 503 during tests/orderService.test.js::test_create_user,deploy | Security Scan Failure | HTTPError | HTTPError: 503 Service Unavailable from upstream service | external_api_client.py line 61 | External API returned 503 during tests/orderService.test.js::test_create_user,FALSE,network_issue
RCA_00763,GitLab CI,Go,build,Resource Exhaustion,TypeError,TypeError: unsupported operand type(s) for +: 'int' and 'str',internal/service/order_service.go line 41 in get_user_profile,FAILED internal/service/order_service_test.go::test_process_order - type mismatch in business logic,build | Resource Exhaustion | TypeError | TypeError: unsupported operand type(s) for +: 'int' and 'str' | internal/service/order_service.go line 41 in get_user_profile | FAILED internal/service/order_service_test.go::test_process_order - type mismatch in business logic,FALSE,application_defect
RCA_01028,CircleCI,Java,build,Permission Error,SyntaxError,SyntaxError: invalid syntax near 'return',src/main/java/com/demo/UserService.java line 15,ERROR collecting src/test/java/com/demo/OrderServiceTest.java::test_api_response - syntax error in source file,build | Permission Error | SyntaxError | SyntaxError: invalid syntax near 'return' | src/main/java/com/demo/UserService.java line 15 | ERROR collecting src/test/java/com/demo/OrderServiceTest.java::test_api_response - syntax error in source file,FALSE,application_defect
RCA_00186,CircleCI,NodeJS,test,Security Scan Failure,ConnectionTimeout,ConnectionTimeout: request timed out after 10 seconds,external_api_client.py line 58,External service call timed out while running tests/priceCalculator.test.js::test_create_user,test | Security Scan Failure | ConnectionTimeout | ConnectionTimeout: request timed out after 10 seconds | external_api_client.py line 58 | External service call timed out while running tests/priceCalculator.test.js::test_create_user,FALSE,network_issue
RCA_00861,CircleCI,Rust,test,Test Failure,ImportError,ImportError: cannot import name 'get_user_profiles' from application module,tests/user_service_test.rs line 107,ERROR collecting tests/user_service_test.rs::test_deploy_health - test imports old function name,test | Test Failure | ImportError | ImportError: cannot import name 'get_user_profiles' from application module | tests/user_service_test.rs line 107 | ERROR collecting tests/user_service_test.rs::test_deploy_health - test imports old function name,FALSE,application_defect
RCA_00849,Jenkins,Go,test,Test Failure,HTTPError,HTTPError: 503 Service Unavailable from upstream service,external_api_client.py line 29,External API returned 503 during internal/service/order_service_test.go::test_payment_validation,test | Test Failure | HTTPError | HTTPError: 503 Service Unavailable from upstream service | external_api_client.py line 29 | External API returned 503 during internal/service/order_service_test.go::test_payment_validation,TRUE,network_issue
RCA_01053,GitLab CI,Python,test,Network Error,DNSResolutionError,Temporary failure in name resolution for host 'registry.npmjs.org',urllib3/connection.py line 22,Max retries exceeded because DNS resolution failed,test | Network Error | DNSResolutionError | Temporary failure in name resolution for host 'registry.npmjs.org' | urllib3/connection.py line 22 | Max retries exceeded because DNS resolution failed,FALSE,network_issue
RCA_00879,Jenkins,Go,deploy,Timeout,AssertionError,AssertionError: assert 180 == 190,internal/service/user_service_test.go line 109,FAILED internal/service/user_service_test.go::test_create_user - expected value in test appears outdated,deploy | Timeout | AssertionError | AssertionError: assert 180 == 190 | internal/service/user_service_test.go line 109 | FAILED internal/service/user_service_test.go::test_create_user - expected value in test appears outdated,FALSE,test_script_issue
RCA_01172,Azure DevOps,Java,deploy,Resource Exhaustion,KeyError,KeyError: 'SECRET_KEY',app/config.py line 140 in load_config,Missing environment variable in CI runner,deploy | Resource Exhaustion | KeyError | KeyError: 'SECRET_KEY' | app/config.py line 140 in load_config | Missing environment variable in CI runner,TRUE,environment_config_issue
RCA_01211,Azure DevOps,Python,deploy,Network Error,AssertionError,AssertionError: assert 180 == 190,tests/test_order_service.py line 63,FAILED tests/test_order_service.py::test_apply_discount - expected value in test appears outdated,deploy | Network Error | AssertionError | AssertionError: assert 180 == 190 | tests/test_order_service.py line 63 | FAILED tests/test_order_service.py::test_apply_discount - expected value in test appears outdated,FALSE,test_script_issue
RCA_00349,GitHub Actions,Java,test,Permission Error,NameError,NameError: name 'config_pth' is not defined,src/main/java/com/demo/UserService.java line 133 in create_user,FAILED src/test/java/com/demo/UserServiceTest.java::test_calculate_total - undefined variable raised from application code,test | Permission Error | NameError | NameError: name 'config_pth' is not defined | src/main/java/com/demo/UserService.java line 133 in create_user | FAILED src/test/java/com/demo/UserServiceTest.java::test_calculate_total - undefined variable raised from application code,FALSE,application_defect
RCA_01347,Jenkins,Rust,test,Dependency Error,KeyError,KeyError: 'GITHUB_TOKEN',app/config.py line 86 in load_config,Missing environment variable in CI runner,test | Dependency Error | KeyError | KeyError: 'GITHUB_TOKEN' | app/config.py line 86 in load_config | Missing environment variable in CI runner,FALSE,environment_config_issue
RCA_00966,GitHub Actions,Rust,deploy,Test Failure,AssertionError,AssertionError: assert 180 == 190,tests/user_service_test.rs line 115,FAILED tests/user_service_test.rs::test_calculate_total - expected value in test appears outdated | additional context: retry attempted; cache restored; environment variables loaded; exit code 1,deploy | Test Failure | AssertionError | AssertionError: assert 180 == 190 | tests/user_service_test.rs line 115 | FAILED tests/user_service_test.rs::test_calculate_total - expected value in test appears outdated | additional context: retry attempted; cache restored; environment variables loaded; exit code 1,TRUE,application_defect
RCA_00757,Azure DevOps,Python,deploy,Timeout,TimeoutError,TimeoutError: waiting for element 'input[name=email]' exceeded 10 seconds,tests/test_user_service.py line 95,FAILED tests/test_user_service.py::test_apply_discount - UI locator or wait condition is unstable,deploy | Timeout | TimeoutError | TimeoutError: waiting for element 'input[name=email]' exceeded 10 seconds | tests/test_user_service.py line 95 | FAILED tests/test_user_service.py::test_apply_discount - UI locator or wait condition is unstable,TRUE,test_script_issue
RCA_01125,CircleCI,Rust,test,Dependency Error,DependencyResolutionError,Could not resolve dependency 'pytest>=2.0.0',package_manager.py line 10,Dependency resolver failed during install step | additional context: retry attempted; cache restored; environment variables loaded; exit code 1,test | Dependency Error | DependencyResolutionError | Could not resolve dependency 'pytest>=2.0.0' | package_manager.py line 10 | Dependency resolver failed during install step | additional context: retry attempted; cache restored; environment variables loaded; exit code 1,FALSE,dependency_issue
RCA_01421,Azure DevOps,Java,deploy,Timeout,DependencyResolutionError,Could not resolve dependency 'junit>=2.0.0',package_manager.py line 108,Dependency resolver failed during install step,deploy | Timeout | DependencyResolutionError | Could not resolve dependency 'junit>=2.0.0' | package_manager.py line 108 | Dependency resolver failed during install step,TRUE,environment_config_issue
RCA_00214,GitHub Actions,C++,deploy,Security Scan Failure,SyntaxError,SyntaxError: invalid syntax near 'return',src/main.cpp line 69,ERROR collecting tests/test_order_service.cpp::test_api_response - syntax error in source file,deploy | Security Scan Failure | SyntaxError | SyntaxError: invalid syntax near 'return' | src/main.cpp line 69 | ERROR collecting tests/test_order_service.cpp::test_api_response - syntax error in source file,FALSE,application_defect
RCA_00388,Azure DevOps,NodeJS,deploy,Security Scan Failure,TimeoutError,TimeoutError: waiting for element '#checkout-confirm' exceeded 10 seconds,tests/priceCalculator.test.js line 39,FAILED tests/priceCalculator.test.js::test_process_order - UI locator or wait condition is unstable | additional context: retry attempted; cache restored; environment variables loaded; exit code 1,deploy | Security Scan Failure | TimeoutError | TimeoutError: waiting for element '#checkout-confirm' exceeded 10 seconds | tests/priceCalculator.test.js line 39 | FAILED tests/priceCalculator.test.js::test_process_order - UI locator or wait condition is unstable | additional context: retry attempted; cache restored; environment variables loaded; exit code 1,TRUE,test_script_issue
RCA_00472,GitLab CI,Go,build,Resource Exhaustion,DNSResolutionError,Temporary failure in name resolution for host 'pypi.org',urllib3/connection.py line 116,Max retries exceeded because DNS resolution failed,build | Resource Exhaustion | DNSResolutionError | Temporary failure in name resolution for host 'pypi.org' | urllib3/connection.py line 116 | Max retries exceeded because DNS resolution failed,TRUE,network_issue
RCA_00508,Azure DevOps,Go,build,Build Failure,HTTPError,HTTPError: 503 Service Unavailable from upstream service,external_api_client.py line 28,External API returned 503 during internal/service/order_service_test.go::test_create_user,build | Build Failure | HTTPError | HTTPError: 503 Service Unavailable from upstream service | external_api_client.py line 28 | External API returned 503 during internal/service/order_service_test.go::test_create_user,TRUE,network_issue
RCA_01151,GitLab CI,Java,test,Build Failure,DeploymentError,DeploymentError: health check failed after deployment,deploy/health_check.py line 21,Service did not become healthy after deployment,test | Build Failure | DeploymentError | DeploymentError: health check failed after deployment | deploy/health_check.py line 21 | Service did not become healthy after deployment,FALSE,network_issue
RCA_00279,Azure DevOps,Go,test,Resource Exhaustion,FixtureError,fixture 'sample_user' not found,internal/service/user_service_test.go line 93,ERROR at setup of internal/service/user_service_test.go::test_process_order - missing test fixture,test | Resource Exhaustion | FixtureError | fixture 'sample_user' not found | internal/service/user_service_test.go line 93 | ERROR at setup of internal/service/user_service_test.go::test_process_order - missing test fixture,FALSE,test_script_issue
RCA_00281,CircleCI,Java,build,Network Error,OSError,OSError: [Errno 28] No space left on device,runner/cache.py line 26,Disk full while restoring cache or building image | additional context: retry attempted; cache restored; environment variables loaded; exit code 1,build | Network Error | OSError | OSError: [Errno 28] No space left on device | runner/cache.py line 26 | Disk full while restoring cache or building image | additional context: retry attempted; cache restored; environment variables loaded; exit code 1,FALSE,infrastructure_resource_issue
RCA_01350,CircleCI,NodeJS,build,Security Scan Failure,FixtureError,fixture 'sample_user' not found,tests/orderService.test.js line 117,ERROR at setup of tests/orderService.test.js::test_payment_validation - missing test fixture | additional context: retry attempted; cache restored; environment variables loaded; exit code 1,build | Security Scan Failure | FixtureError | fixture 'sample_user' not found | tests/orderService.test.js line 117 | ERROR at setup of tests/orderService.test.js::test_payment_validation - missing test fixture | additional context: retry attempted; cache restored; environment variables loaded; exit code 1,FALSE,test_script_issue
RCA_00010,GitHub Actions,Python,test,Dependency Error,FileNotFoundError,FileNotFoundError: config/test_config.json not found,app/config.py line 111,Configuration file path does not exist in CI environment,test | Dependency Error | FileNotFoundError | FileNotFoundError: config/test_config.json not found | app/config.py line 111 | Configuration file path does not exist in CI environment,TRUE,environment_config_issue
RCA_01188,CircleCI,NodeJS,build,Configuration Error,TypeError,TypeError: unsupported operand type(s) for +: 'int' and 'str',src/utils/priceCalculator.js line 55 in create_user,FAILED tests/orderService.test.js::test_api_response - type mismatch in business logic,build | Configuration Error | TypeError | TypeError: unsupported operand type(s) for +: 'int' and 'str' | src/utils/priceCalculator.js line 55 in create_user | FAILED tests/orderService.test.js::test_api_response - type mismatch in business logic,FALSE,application_defect
RCA_01147,GitLab CI,Go,deploy,Build Failure,SyntaxError,SyntaxError: invalid syntax near 'return',cmd/api/main.go line 29,ERROR collecting internal/service/user_service_test.go::test_api_response - syntax error in source file,deploy | Build Failure | SyntaxError | SyntaxError: invalid syntax near 'return' | cmd/api/main.go line 29 | ERROR collecting internal/service/user_service_test.go::test_api_response - syntax error in source file,FALSE,application_defect
RCA_00648,Jenkins,Python,build,Security Scan Failure,DeploymentError,DeploymentError: health check failed after deployment,deploy/health_check.py line 47,Service did not become healthy after deployment | additional context: retry attempted; cache restored; environment variables loaded; exit code 1,build | Security Scan Failure | DeploymentError | DeploymentError: health check failed after deployment | deploy/health_check.py line 47 | Service did not become healthy after deployment | additional context: retry attempted; cache restored; environment variables loaded; exit code 1,TRUE,deployment_issue
RCA_00066,GitLab CI,Python,build,Permission Error,SecurityScanError,High severity vulnerability found in package 'pytest',security/scanner.py line 110,Security scan failed due to vulnerable dependency | additional context: retry attempted; cache restored; environment variables loaded; exit code 1,build | Permission Error | SecurityScanError | High severity vulnerability found in package 'pytest' | security/scanner.py line 110 | Security scan failed due to vulnerable dependency | additional context: retry attempted; cache restored; environment variables loaded; exit code 1,FALSE,security_policy_issue
RCA_00257,CircleCI,Rust,build,Dependency Error,FileNotFoundError,FileNotFoundError: config/test_config.json not found,app/config.py line 48,Configuration file path does not exist in CI environment | additional context: retry attempted; cache restored; environment variables loaded; exit code 1,build | Dependency Error | FileNotFoundError | FileNotFoundError: config/test_config.json not found | app/config.py line 48 | Configuration file path does not exist in CI environment | additional context: retry attempted; cache restored; environment variables loaded; exit code 1,FALSE,deployment_issue
RCA_00586,GitHub Actions,Go,test,Configuration Error,ImportError,ImportError: cannot import name 'apply_discounts' from application module,internal/service/user_service_test.go line 26,ERROR collecting internal/service/user_service_test.go::test_payment_validation - test imports old function name,test | Configuration Error | ImportError | ImportError: cannot import name 'apply_discounts' from application module | internal/service/user_service_test.go line 26 | ERROR collecting internal/service/user_service_test.go::test_payment_validation - test imports old function name,TRUE,application_defect
RCA_00294,Jenkins,Rust,test,Security Scan Failure,FixtureError,fixture 'sample_user' not found,tests/order_service_test.rs line 117,ERROR at setup of tests/order_service_test.rs::test_apply_discount - missing test fixture,test | Security Scan Failure | FixtureError | fixture 'sample_user' not found | tests/order_service_test.rs line 117 | ERROR at setup of tests/order_service_test.rs::test_apply_discount - missing test fixture,TRUE,test_script_issue
RCA_00478,Jenkins,C++,build,Network Error,FileNotFoundError,FileNotFoundError: config/test_config.json not found,app/config.py line 40,Configuration file path does not exist in CI environment | additional context: retry attempted; cache restored; environment variables loaded; exit code 1,build | Network Error | FileNotFoundError | FileNotFoundError: config/test_config.json not found | app/config.py line 40 | Configuration file path does not exist in CI environment | additional context: retry attempted; cache restored; environment variables loaded; exit code 1,FALSE,environment_config_issue
RCA_00979,Jenkins,C++,deploy,Build Failure,HTTPError,HTTPError: 503 Service Unavailable from upstream service,external_api_client.py line 103,External API returned 503 during tests/test_order_service.cpp::test_create_user,deploy | Build Failure | HTTPError | HTTPError: 503 Service Unavailable from upstream service | external_api_client.py line 103 | External API returned 503 during tests/test_order_service.cpp::test_create_user,TRUE,network_issue
RCA_00898,GitHub Actions,Rust,deploy,Network Error,DNSResolutionError,Temporary failure in name resolution for host 'registry.npmjs.org',urllib3/connection.py line 9,Max retries exceeded because DNS resolution failed | additional context: retry attempted; cache restored; environment variables loaded; exit code 1,deploy | Network Error | DNSResolutionError | Temporary failure in name resolution for host 'registry.npmjs.org' | urllib3/connection.py line 9 | Max retries exceeded because DNS resolution failed | additional context: retry attempted; cache restored; environment variables loaded; exit code 1,FALSE,network_issue
RCA_00545,GitLab CI,Go,deploy,Permission Error,SyntaxError,SyntaxError: invalid syntax near 'return',internal/service/user_service.go line 42,ERROR collecting internal/service/user_service_test.go::test_deploy_health - syntax error in source file,deploy | Permission Error | SyntaxError | SyntaxError: invalid syntax near 'return' | internal/service/user_service.go line 42 | ERROR collecting internal/service/user_service_test.go::test_deploy_health - syntax error in source file,FALSE,application_defect
RCA_00026,Azure DevOps,Rust,test,Permission Error,VersionConflict,Version conflict: required spring-core==2.0.0 but installed spring-core==1.4.0,dependency_check.py line 13,Dependency version mismatch in CI environment | additional context: retry attempted; cache restored; environment variables loaded; exit code 1,test | Permission Error | VersionConflict | Version conflict: required spring-core==2.0.0 but installed spring-core==1.4.0 | dependency_check.py line 13 | Dependency version mismatch in CI environment | additional context: retry attempted; cache restored; environment variables loaded; exit code 1,TRUE,dependency_issue
RCA_01315,GitLab CI,C++,deploy,Deployment Failure,NameError,NameError: name 'quanity' is not defined,src/user_service.cpp line 131 in validate_payment,FAILED tests/test_user_service.cpp::test_payment_validation - undefined variable raised from application code,deploy | Deployment Failure | NameError | NameError: name 'quanity' is not defined | src/user_service.cpp line 131 in validate_payment | FAILED tests/test_user_service.cpp::test_payment_validation - undefined variable raised from application code,FALSE,application_defect
RCA_00460,Azure DevOps,Java,test,Security Scan Failure,AssertionError,AssertionError: expected status 200 but got 500,src/main/java/com/demo/PaymentService.java line 80 in apply_discount,FAILED src/test/java/com/demo/UserServiceTest.java::test_apply_discount - application returned internal server error,test | Security Scan Failure | AssertionError | AssertionError: expected status 200 but got 500 | src/main/java/com/demo/PaymentService.java line 80 in apply_discount | FAILED src/test/java/com/demo/UserServiceTest.java::test_apply_discount - application returned internal server error,FALSE,application_defect
RCA_00126,GitHub Actions,C++,deploy,Test Failure,TimeoutError,TimeoutError: waiting for element '#submit-button' exceeded 10 seconds,tests/test_user_service.cpp line 61,FAILED tests/test_user_service.cpp::test_process_order - UI locator or wait condition is unstable | additional context: retry attempted; cache restored; environment variables loaded; exit code 1,deploy | Test Failure | TimeoutError | TimeoutError: waiting for element '#submit-button' exceeded 10 seconds | tests/test_user_service.cpp line 61 | FAILED tests/test_user_service.cpp::test_process_order - UI locator or wait condition is unstable | additional context: retry attempted; cache restored; environment variables loaded; exit code 1,TRUE,test_script_issue
RCA_00864,Jenkins,Python,test,Network Error,TimeoutError,Job exceeded maximum execution time of 600 seconds,runner/workflow.py line 53,Workflow timed out during test execution,test | Network Error | TimeoutError | Job exceeded maximum execution time of 600 seconds | runner/workflow.py line 53 | Workflow timed out during test execution,TRUE,infrastructure_resource_issue
RCA_00830,Jenkins,NodeJS,deploy,Test Failure,ImportError,ImportError: cannot import name 'apply_discounts' from application module,tests/orderService.test.js line 133,ERROR collecting tests/orderService.test.js::test_apply_discount - test imports old function name,deploy | Test Failure | ImportError | ImportError: cannot import name 'apply_discounts' from application module | tests/orderService.test.js line 133 | ERROR collecting tests/orderService.test.js::test_apply_discount - test imports old function name,TRUE,test_script_issue
RCA_00556,GitLab CI,Go,deploy,Resource Exhaustion,DependencyResolutionError,Could not resolve dependency 'requests>=2.0.0',package_manager.py line 16,Dependency resolver failed during install step,deploy | Resource Exhaustion | DependencyResolutionError | Could not resolve dependency 'requests>=2.0.0' | package_manager.py line 16 | Dependency resolver failed during install step,TRUE,dependency_issue
RCA_00208,GitLab CI,Python,build,Dependency Error,AssertionError,AssertionError: expected status 200 but got 500,app/order_service.py line 123 in process_order,FAILED tests/test_order_service.py::test_deploy_health - application returned internal server error,build | Dependency Error | AssertionError | AssertionError: expected status 200 but got 500 | app/order_service.py line 123 in process_order | FAILED tests/test_order_service.py::test_deploy_health - application returned internal server error,FALSE,application_defect
RCA_00251,GitHub Actions,C++,deploy,Build Failure,FileNotFoundError,FileNotFoundError: config/test_config.json not found,app/config.py line 47,Configuration file path does not exist in CI environment | additional context: retry attempted; cache restored; environment variables loaded; exit code 1,deploy | Build Failure | FileNotFoundError | FileNotFoundError: config/test_config.json not found | app/config.py line 47 | Configuration file path does not exist in CI environment | additional context: retry attempted; cache restored; environment variables loaded; exit code 1,TRUE,environment_config_issue
RCA_00685,Jenkins,C++,test,Network Error,PermissionError,PermissionError: cannot write to reports/output.json,app/report.py line 139,CI runner cannot write to report output directory,test | Network Error | PermissionError | PermissionError: cannot write to reports/output.json | app/report.py line 139 | CI runner cannot write to report output directory,TRUE,environment_config_issue
RCA_01000,Azure DevOps,C++,test,Permission Error,NameError,NameError: name 'usr_id' is not defined,src/config.cpp line 61 in apply_discount,FAILED tests/test_user_service.cpp::test_create_user - undefined variable raised from application code,test | Permission Error | NameError | NameError: name 'usr_id' is not defined | src/config.cpp line 61 in apply_discount | FAILED tests/test_user_service.cpp::test_create_user - undefined variable raised from application code,FALSE,test_script_issue
RCA_00955,Jenkins,Go,deploy,Permission Error,KeyError,KeyError: 'SECRET_KEY',app/config.py line 67 in load_config,Missing environment variable in CI runner,deploy | Permission Error | KeyError | KeyError: 'SECRET_KEY' | app/config.py line 67 in load_config | Missing environment variable in CI runner,FALSE,environment_config_issue
RCA_01160,Jenkins,Rust,test,Deployment Failure,MemoryError,MemoryError: process killed because memory limit was exceeded,runner/executor.py line 73,CI job exceeded memory limit during test execution,test | Deployment Failure | MemoryError | MemoryError: process killed because memory limit was exceeded | runner/executor.py line 73 | CI job exceeded memory limit during test execution,FALSE,infrastructure_resource_issue
RCA_01447,GitHub Actions,Rust,test,Security Scan Failure,MemoryError,MemoryError: process killed because memory limit was exceeded,runner/executor.py line 13,CI job exceeded memory limit during test execution,test | Security Scan Failure | MemoryError | MemoryError: process killed because memory limit was exceeded | runner/executor.py line 13 | CI job exceeded memory limit during test execution,FALSE,infrastructure_resource_issue
RCA_00673,GitLab CI,NodeJS,build,Resource Exhaustion,FixtureError,fixture 'sample_user' not found,tests/priceCalculator.test.js line 118,ERROR at setup of tests/priceCalculator.test.js::test_payment_validation - missing test fixture,build | Resource Exhaustion | FixtureError | fixture 'sample_user' not found | tests/priceCalculator.test.js line 118 | ERROR at setup of tests/priceCalculator.test.js::test_payment_validation - missing test fixture,FALSE,test_script_issue
RCA_01219,Azure DevOps,NodeJS,build,Timeout,FixtureError,fixture 'sample_user' not found,tests/orderService.test.js line 139,ERROR at setup of tests/orderService.test.js::test_apply_discount - missing test fixture,build | Timeout | FixtureError | fixture 'sample_user' not found | tests/orderService.test.js line 139 | ERROR at setup of tests/orderService.test.js::test_apply_discount - missing test fixture,TRUE,test_script_issue
RCA_00248,GitLab CI,C++,deploy,Network Error,TimeoutError,Job exceeded maximum execution time of 600 seconds,runner/workflow.py line 32,Workflow timed out during test execution,deploy | Network Error | TimeoutError | Job exceeded maximum execution time of 600 seconds | runner/workflow.py line 32 | Workflow timed out during test execution,FALSE,infrastructure_resource_issue
RCA_00003,GitLab CI,Java,deploy,Security Scan Failure,OSError,OSError: [Errno 28] No space left on device,runner/cache.py line 60,Disk full while restoring cache or building image,deploy | Security Scan Failure | OSError | OSError: [Errno 28] No space left on device | runner/cache.py line 60 | Disk full while restoring cache or building image,FALSE,deployment_issue
RCA_01434,Jenkins,C++,deploy,Configuration Error,NameError,NameError: name 'usr_id' is not defined,src/user_service.cpp line 26 in apply_discount,FAILED tests/test_order_service.cpp::test_process_order - undefined variable raised from application code,deploy | Configuration Error | NameError | NameError: name 'usr_id' is not defined | src/user_service.cpp line 26 in apply_discount | FAILED tests/test_order_service.cpp::test_process_order - undefined variable raised from application code,FALSE,application_defect
RCA_00198,GitHub Actions,Rust,build,Permission Error,ConnectionTimeout,ConnectionTimeout: request timed out after 10 seconds,external_api_client.py line 112,External service call timed out while running tests/order_service_test.rs::test_calculate_total,build | Permission Error | ConnectionTimeout | ConnectionTimeout: request timed out after 10 seconds | external_api_client.py line 112 | External service call timed out while running tests/order_service_test.rs::test_calculate_total,TRUE,network_issue
RCA_00240,Azure DevOps,Rust,test,Resource Exhaustion,DependencyResolutionError,Could not resolve dependency 'pytest>=2.0.0',package_manager.py line 128,Dependency resolver failed during install step,test | Resource Exhaustion | DependencyResolutionError | Could not resolve dependency 'pytest>=2.0.0' | package_manager.py line 128 | Dependency resolver failed during install step,TRUE,dependency_issue
RCA_00243,Azure DevOps,Java,test,Network Error,AssertionError,AssertionError: expected status 200 but got 500,src/main/java/com/demo/UserService.java line 54 in get_user_profile,FAILED src/test/java/com/demo/UserServiceTest.java::test_create_user - application returned internal server error,test | Network Error | AssertionError | AssertionError: expected status 200 but got 500 | src/main/java/com/demo/UserService.java line 54 in get_user_profile | FAILED src/test/java/com/demo/UserServiceTest.java::test_create_user - application returned internal server error,FALSE,application_defect
RCA_01229,Jenkins,C++,test,Resource Exhaustion,PermissionError,PermissionError: cannot write to reports/output.json,app/report.py line 22,CI runner cannot write to report output directory,test | Resource Exhaustion | PermissionError | PermissionError: cannot write to reports/output.json | app/report.py line 22 | CI runner cannot write to report output directory,TRUE,environment_config_issue
RCA_01208,Jenkins,Python,test,Deployment Failure,HTTPError,HTTPError: 503 Service Unavailable from upstream service,external_api_client.py line 66,External API returned 503 during tests/test_order_service.py::test_create_user,test | Deployment Failure | HTTPError | HTTPError: 503 Service Unavailable from upstream service | external_api_client.py line 66 | External API returned 503 during tests/test_order_service.py::test_create_user,FALSE,network_issue
RCA_00802,GitLab CI,C++,test,Resource Exhaustion,KeyError,KeyError: 'SECRET_KEY',app/config.py line 85 in load_config,Missing environment variable in CI runner | additional context: retry attempted; cache restored; environment variables loaded; exit code 1,test | Resource Exhaustion | KeyError | KeyError: 'SECRET_KEY' | app/config.py line 85 in load_config | Missing environment variable in CI runner | additional context: retry attempted; cache restored; environment variables loaded; exit code 1,FALSE,dependency_issue
RCA_00551,CircleCI,NodeJS,build,Security Scan Failure,TimeoutError,TimeoutError: waiting for element 'button.save' exceeded 10 seconds,tests/userController.test.js line 82,FAILED tests/userController.test.js::test_calculate_total - UI locator or wait condition is unstable,build | Security Scan Failure | TimeoutError | TimeoutError: waiting for element 'button.save' exceeded 10 seconds | tests/userController.test.js line 82 | FAILED tests/userController.test.js::test_calculate_total - UI locator or wait condition is unstable,TRUE,test_script_issue
RCA_00976,Azure DevOps,Java,test,Test Failure,ModuleNotFoundError,ModuleNotFoundError: No module named 'requests',src/test/java/com/demo/UserServiceTest.java line 54,ImportError while importing test module because dependency requests is missing | additional context: retry attempted; cache restored; environment variables loaded; exit code 1,test | Test Failure | ModuleNotFoundError | ModuleNotFoundError: No module named 'requests' | src/test/java/com/demo/UserServiceTest.java line 54 | ImportError while importing test module because dependency requests is missing | additional context: retry attempted; cache restored; environment variables loaded; exit code 1,FALSE,dependency_issue
RCA_01445,Jenkins,Python,deploy,Security Scan Failure,TypeError,TypeError: unsupported operand type(s) for +: 'int' and 'str',app/calculator.py line 52 in calculate_total,FAILED tests/test_calculator.py::test_api_response - type mismatch in business logic,deploy | Security Scan Failure | TypeError | TypeError: unsupported operand type(s) for +: 'int' and 'str' | app/calculator.py line 52 in calculate_total | FAILED tests/test_calculator.py::test_api_response - type mismatch in business logic,TRUE,application_defect
RCA_00261,CircleCI,Go,build,Deployment Failure,FixtureError,fixture 'sample_user' not found,internal/service/user_service_test.go line 75,ERROR at setup of internal/service/user_service_test.go::test_create_user - missing test fixture,build | Deployment Failure | FixtureError | fixture 'sample_user' not found | internal/service/user_service_test.go line 75 | ERROR at setup of internal/service/user_service_test.go::test_create_user - missing test fixture,TRUE,test_script_issue
RCA_00562,GitLab CI,NodeJS,deploy,Dependency Error,PermissionError,PermissionError: cannot write to reports/output.json,app/report.py line 52,CI runner cannot write to report output directory,deploy | Dependency Error | PermissionError | PermissionError: cannot write to reports/output.json | app/report.py line 52 | CI runner cannot write to report output directory,TRUE,environment_config_issue
RCA_00055,GitLab CI,NodeJS,build,Network Error,TypeError,TypeError: unsupported operand type(s) for +: 'int' and 'str',src/routes/api.js line 48 in create_user,FAILED tests/orderService.test.js::test_apply_discount - type mismatch in business logic,build | Network Error | TypeError | TypeError: unsupported operand type(s) for +: 'int' and 'str' | src/routes/api.js line 48 in create_user | FAILED tests/orderService.test.js::test_apply_discount - type mismatch in business logic,FALSE,test_script_issue
RCA_01305,Azure DevOps,NodeJS,deploy,Permission Error,DeploymentError,DeploymentError: health check failed after deployment,deploy/health_check.py line 56,Service did not become healthy after deployment | additional context: retry attempted; cache restored; environment variables loaded; exit code 1,deploy | Permission Error | DeploymentError | DeploymentError: health check failed after deployment | deploy/health_check.py line 56 | Service did not become healthy after deployment | additional context: retry attempted; cache restored; environment variables loaded; exit code 1,TRUE,deployment_issue
RCA_00476,CircleCI,Java,build,Configuration Error,TypeError,TypeError: unsupported operand type(s) for +: 'int' and 'str',src/main/java/com/demo/OrderService.java line 33 in apply_discount,FAILED src/test/java/com/demo/UserServiceTest.java::test_payment_validation - type mismatch in business logic | additional context: retry attempted; cache restored; environment variables loaded; exit code 1,build | Configuration Error | TypeError | TypeError: unsupported operand type(s) for +: 'int' and 'str' | src/main/java/com/demo/OrderService.java line 33 in apply_discount | FAILED src/test/java/com/demo/UserServiceTest.java::test_payment_validation - type mismatch in business logic | additional context: retry attempted; cache restored; environment variables loaded; exit code 1,TRUE,application_defect
RCA_00480,Azure DevOps,Rust,deploy,Security Scan Failure,PermissionError,PermissionError: cannot write to reports/output.json,app/report.py line 61,CI runner cannot write to report output directory,deploy | Security Scan Failure | PermissionError | PermissionError: cannot write to reports/output.json | app/report.py line 61 | CI runner cannot write to report output directory,TRUE,application_defect
RCA_01096,Azure DevOps,Go,build,Build Failure,TimeoutError,TimeoutError: waiting for element '#checkout-confirm' exceeded 10 seconds,internal/service/order_service_test.go line 22,FAILED internal/service/order_service_test.go::test_payment_validation - UI locator or wait condition is unstable,build | Build Failure | TimeoutError | TimeoutError: waiting for element '#checkout-confirm' exceeded 10 seconds | internal/service/order_service_test.go line 22 | FAILED internal/service/order_service_test.go::test_payment_validation - UI locator or wait condition is unstable,TRUE,application_defect
RCA_00581,CircleCI,Go,test,Resource Exhaustion,PermissionError,PermissionError: cannot write to reports/output.json,app/report.py line 119,CI runner cannot write to report output directory | additional context: retry attempted; cache restored; environment variables loaded; exit code 1,test | Resource Exhaustion | PermissionError | PermissionError: cannot write to reports/output.json | app/report.py line 119 | CI runner cannot write to report output directory | additional context: retry attempted; cache restored; environment variables loaded; exit code 1,TRUE,environment_config_issue
RCA_00348,GitHub Actions,Python,deploy,Resource Exhaustion,PermissionError,PermissionError: cannot write to reports/output.json,app/report.py line 71,CI runner cannot write to report output directory | additional context: retry attempted; cache restored; environment variables loaded; exit code 1,deploy | Resource Exhaustion | PermissionError | PermissionError: cannot write to reports/output.json | app/report.py line 71 | CI runner cannot write to report output directory | additional context: retry attempted; cache restored; environment variables loaded; exit code 1,FALSE,application_defect
RCA_00347,Azure DevOps,Go,test,Security Scan Failure,SyntaxError,SyntaxError: invalid syntax near 'return',cmd/api/main.go line 21,ERROR collecting internal/service/order_service_test.go::test_deploy_health - syntax error in source file | additional context: retry attempted; cache restored; environment variables loaded; exit code 1,test | Security Scan Failure | SyntaxError | SyntaxError: invalid syntax near 'return' | cmd/api/main.go line 21 | ERROR collecting internal/service/order_service_test.go::test_deploy_health - syntax error in source file | additional context: retry attempted; cache restored; environment variables loaded; exit code 1,FALSE,dependency_issue
RCA_01252,CircleCI,Java,build,Security Scan Failure,MemoryError,MemoryError: process killed because memory limit was exceeded,runner/executor.py line 88,CI job exceeded memory limit during test execution,build | Security Scan Failure | MemoryError | MemoryError: process killed because memory limit was exceeded | runner/executor.py line 88 | CI job exceeded memory limit during test execution,FALSE,infrastructure_resource_issue
RCA_01346,GitHub Actions,Python,test,Network Error,KeyError,KeyError: 'GITHUB_TOKEN',app/config.py line 139 in load_config,Missing environment variable in CI runner,test | Network Error | KeyError | KeyError: 'GITHUB_TOKEN' | app/config.py line 139 in load_config | Missing environment variable in CI runner,TRUE,environment_config_issue
RCA_00193,GitLab CI,Go,test,Timeout,ModuleNotFoundError,ModuleNotFoundError: No module named 'spring-core',internal/service/order_service_test.go line 59,ImportError while importing test module because dependency spring-core is missing,test | Timeout | ModuleNotFoundError | ModuleNotFoundError: No module named 'spring-core' | internal/service/order_service_test.go line 59 | ImportError while importing test module because dependency spring-core is missing,FALSE,dependency_issue
RCA_00561,GitHub Actions,Rust,deploy,Resource Exhaustion,SecretDetected,Secret scanning detected possible credential in 'src/order_service.rs',security/scanner.py line 114,Secret detected by repository scan policy,deploy | Resource Exhaustion | SecretDetected | Secret scanning detected possible credential in 'src/order_service.rs' | security/scanner.py line 114 | Secret detected by repository scan policy,FALSE,security_policy_issue
RCA_00850,GitHub Actions,Java,deploy,Timeout,TimeoutError,TimeoutError: waiting for element '#checkout-confirm' exceeded 10 seconds,src/test/java/com/demo/OrderServiceTest.java line 25,FAILED src/test/java/com/demo/OrderServiceTest.java::test_deploy_health - UI locator or wait condition is unstable,deploy | Timeout | TimeoutError | TimeoutError: waiting for element '#checkout-confirm' exceeded 10 seconds | src/test/java/com/demo/OrderServiceTest.java line 25 | FAILED src/test/java/com/demo/OrderServiceTest.java::test_deploy_health - UI locator or wait condition is unstable,FALSE,test_script_issue
RCA_01277,CircleCI,Rust,build,Build Failure,FixtureError,fixture 'sample_user' not found,tests/order_service_test.rs line 47,ERROR at setup of tests/order_service_test.rs::test_apply_discount - missing test fixture,build | Build Failure | FixtureError | fixture 'sample_user' not found | tests/order_service_test.rs line 47 | ERROR at setup of tests/order_service_test.rs::test_apply_discount - missing test fixture,TRUE,test_script_issue
RCA_01180,CircleCI,C++,deploy,Deployment Failure,FixtureError,fixture 'sample_user' not found,tests/test_user_service.cpp line 24,ERROR at setup of tests/test_user_service.cpp::test_apply_discount - missing test fixture,deploy | Deployment Failure | FixtureError | fixture 'sample_user' not found | tests/test_user_service.cpp line 24 | ERROR at setup of tests/test_user_service.cpp::test_apply_discount - missing test fixture,TRUE,test_script_issue
RCA_01008,Jenkins,Rust,test,Permission Error,ModuleNotFoundError,ModuleNotFoundError: No module named 'pytest',tests/order_service_test.rs line 23,ImportError while importing test module because dependency pytest is missing,test | Permission Error | ModuleNotFoundError | ModuleNotFoundError: No module named 'pytest' | tests/order_service_test.rs line 23 | ImportError while importing test module because dependency pytest is missing,FALSE,dependency_issue
RCA_01231,Jenkins,Go,test,Permission Error,DependencyResolutionError,Could not resolve dependency 'serde>=2.0.0',package_manager.py line 23,Dependency resolver failed during install step,test | Permission Error | DependencyResolutionError | Could not resolve dependency 'serde>=2.0.0' | package_manager.py line 23 | Dependency resolver failed during install step,FALSE,dependency_issue
RCA_00848,GitHub Actions,Rust,deploy,Dependency Error,AssertionError,AssertionError: expected status 200 but got 500,src/config.rs line 26 in create_user,FAILED tests/user_service_test.rs::test_deploy_health - application returned internal server error,deploy | Dependency Error | AssertionError | AssertionError: expected status 200 but got 500 | src/config.rs line 26 in create_user | FAILED tests/user_service_test.rs::test_deploy_health - application returned internal server error,TRUE,application_defect
RCA_00602,GitLab CI,Rust,test,Dependency Error,AssertionError,AssertionError: assert 180 == 190,tests/user_service_test.rs line 19,FAILED tests/user_service_test.rs::test_payment_validation - expected value in test appears outdated,test | Dependency Error | AssertionError | AssertionError: assert 180 == 190 | tests/user_service_test.rs line 19 | FAILED tests/user_service_test.rs::test_payment_validation - expected value in test appears outdated,FALSE,application_defect
RCA_01442,CircleCI,Go,test,Dependency Error,FileNotFoundError,FileNotFoundError: config/test_config.json not found,app/config.py line 54,Configuration file path does not exist in CI environment | additional context: retry attempted; cache restored; environment variables loaded; exit code 1,test | Dependency Error | FileNotFoundError | FileNotFoundError: config/test_config.json not found | app/config.py line 54 | Configuration file path does not exist in CI environment | additional context: retry attempted; cache restored; environment variables loaded; exit code 1,FALSE,environment_config_issue
